trait_id	trait_name	original_category	original_product_module	final_track	current_tier	medical_module_if_any	rsid_count	reason_for_assignment	customer_facing_now_yes_no	external_annotation_required	manual_review_required
wg-244	Absolute Pitch	genetic_characteristics	Other/Unclassified	non_medical_mvp_candidate	A		1	Passed QC review. Non-medical trait with structured catalog rsIDs. MVP candidate pending external annotation.	no	yes	no
wg-2380	Aniseed Preference	dietary_preference	Nutrition & Metabolism	non_medical_mvp_candidate	A		2	Passed QC review. Non-medical trait with structured catalog rsIDs. MVP candidate pending external annotation.	no	yes	no
wg-2379	Apple Juice Preference	dietary_preference	Nutrition & Metabolism	non_medical_mvp_candidate	A		1	Passed QC review. Non-medical trait with structured catalog rsIDs. MVP candidate pending external annotation.	no	yes	no
wg-2337	Apples Preference	dietary_preference	Nutrition & Metabolism	non_medical_mvp_candidate	A		1	Passed QC review. Non-medical trait with structured catalog rsIDs. MVP candidate pending external annotation.	no	yes	no
wg-2336	Asparagus Preference	dietary_preference	Nutrition & Metabolism	non_medical_mvp_candidate	A		3	Passed QC review. Non-medical trait with structured catalog rsIDs. MVP candidate pending external annotation.	no	yes	no
wg-2338	Aubergine Preference	dietary_preference	Nutrition & Metabolism	non_medical_mvp_candidate	A		4	Passed QC review. Non-medical trait with structured catalog rsIDs. MVP candidate pending external annotation.	no	yes	no
wg-2373	Avocados Preference	dietary_preference	Nutrition & Metabolism	non_medical_mvp_candidate	A		3	Passed QC review. Non-medical trait with structured catalog rsIDs. MVP candidate pending external annotation.	no	yes	no
wg-2398	BBQ Grilled Meat Preference	dietary_preference	Nutrition & Metabolism	non_medical_mvp_candidate	A		3	Passed QC review. Non-medical trait with structured catalog rsIDs. MVP candidate pending external annotation.	no	yes	no
wg-2308	Bacon Preference	dietary_preference	Nutrition & Metabolism	non_medical_mvp_candidate	A		3	Passed QC review. Non-medical trait with structured catalog rsIDs. MVP candidate pending external annotation.	no	yes	no
wg-2355	Banana Preference	dietary_preference	Nutrition & Metabolism	non_medical_mvp_candidate	A		1	Passed QC review. Non-medical trait with structured catalog rsIDs. MVP candidate pending external annotation.	no	yes	no
wg-2327	Beef Preference	dietary_preference	Nutrition & Metabolism	non_medical_mvp_candidate	A		3	Passed QC review. Non-medical trait with structured catalog rsIDs. MVP candidate pending external annotation.	no	yes	no
wg-2376	Beetroot Preference	dietary_preference	Nutrition & Metabolism	non_medical_mvp_candidate	A		2	Passed QC review. Non-medical trait with structured catalog rsIDs. MVP candidate pending external annotation.	no	yes	no
wg-2329	Bell Pepper Preference	dietary_preference	Nutrition & Metabolism	non_medical_mvp_candidate	A		2	Passed QC review. Non-medical trait with structured catalog rsIDs. MVP candidate pending external annotation.	no	yes	no
wg-2414	Bitter Ale Preference	dietary_preference	Nutrition & Metabolism	non_medical_mvp_candidate	A		4	Passed QC review. Non-medical trait with structured catalog rsIDs. MVP candidate pending external annotation.	no	yes	no
wg-2385	Black Olives Preference	dietary_preference	Nutrition & Metabolism	non_medical_mvp_candidate	A		6	Passed QC review. Non-medical trait with structured catalog rsIDs. MVP candidate pending external annotation.	no	yes	no
wg-2387	Black Pepper Preference	dietary_preference	Nutrition & Metabolism	non_medical_mvp_candidate	A		4	Passed QC review. Non-medical trait with structured catalog rsIDs. MVP candidate pending external annotation.	no	yes	no
wg-2405	Blue Cheese Preference	dietary_preference	Nutrition & Metabolism	non_medical_mvp_candidate	A		5	Passed QC review. Non-medical trait with structured catalog rsIDs. MVP candidate pending external annotation.	no	yes	no
wg-2345	Broad Beans Preference	dietary_preference	Nutrition & Metabolism	non_medical_mvp_candidate	A		3	Passed QC review. Non-medical trait with structured catalog rsIDs. MVP candidate pending external annotation.	no	yes	no
wg-2382	Broccoli Preference	dietary_preference	Nutrition & Metabolism	non_medical_mvp_candidate	A		2	Passed QC review. Non-medical trait with structured catalog rsIDs. MVP candidate pending external annotation.	no	yes	no
wg-2392	Butternut Squash Preference	dietary_preference	Nutrition & Metabolism	non_medical_mvp_candidate	A		2	Passed QC review. Non-medical trait with structured catalog rsIDs. MVP candidate pending external annotation.	no	yes	no
wg-2364	Cabbage Preference	dietary_preference	Nutrition & Metabolism	non_medical_mvp_candidate	A		3	Passed QC review. Non-medical trait with structured catalog rsIDs. MVP candidate pending external annotation.	no	yes	no
wg-2406	Cake Icing Preference	dietary_preference	Nutrition & Metabolism	non_medical_mvp_candidate	A		3	Passed QC review. Non-medical trait with structured catalog rsIDs. MVP candidate pending external annotation.	no	yes	no
wg-2346	Cake Preference	dietary_preference	Nutrition & Metabolism	non_medical_mvp_candidate	A		5	Passed QC review. Non-medical trait with structured catalog rsIDs. MVP candidate pending external annotation.	no	yes	no
wg-2362	Capers Preference	dietary_preference	Nutrition & Metabolism	non_medical_mvp_candidate	A		4	Passed QC review. Non-medical trait with structured catalog rsIDs. MVP candidate pending external annotation.	no	yes	no
wg-2340	Cauliflower Preference	dietary_preference	Nutrition & Metabolism	non_medical_mvp_candidate	A		3	Passed QC review. Non-medical trait with structured catalog rsIDs. MVP candidate pending external annotation.	no	yes	no
wg-2404	Cheesecake Preference	dietary_preference	Nutrition & Metabolism	non_medical_mvp_candidate	A		2	Passed QC review. Non-medical trait with structured catalog rsIDs. MVP candidate pending external annotation.	no	yes	no
wg-2317	Cherries Preference	dietary_preference	Nutrition & Metabolism	non_medical_mvp_candidate	A		3	Passed QC review. Non-medical trait with structured catalog rsIDs. MVP candidate pending external annotation.	no	yes	no
wg-2350	Chilli Pepper Preference	dietary_preference	Nutrition & Metabolism	non_medical_mvp_candidate	A		3	Passed QC review. Non-medical trait with structured catalog rsIDs. MVP candidate pending external annotation.	no	yes	no
wg-2342	Chips Preference	dietary_preference	Nutrition & Metabolism	non_medical_mvp_candidate	A		2	Passed QC review. Non-medical trait with structured catalog rsIDs. MVP candidate pending external annotation.	no	yes	no
wg-2389	Coffee with Sugar Preference	dietary_preference	Nutrition & Metabolism	non_medical_mvp_candidate	A		1	Passed QC review. Non-medical trait with structured catalog rsIDs. MVP candidate pending external annotation.	no	yes	no
wg-2397	Coffee without Sugar Preference	dietary_preference	Nutrition & Metabolism	non_medical_mvp_candidate	A		3	Passed QC review. Non-medical trait with structured catalog rsIDs. MVP candidate pending external annotation.	no	yes	no
wg-2354	Coriander Preference	dietary_preference	Nutrition & Metabolism	non_medical_mvp_candidate	A		1	Passed QC review. Non-medical trait with structured catalog rsIDs. MVP candidate pending external annotation.	no	yes	no
wg-2375	Cornflakes Preference	dietary_preference	Nutrition & Metabolism	non_medical_mvp_candidate	A		2	Passed QC review. Non-medical trait with structured catalog rsIDs. MVP candidate pending external annotation.	no	yes	no
wg-2343	Crisps Preference	dietary_preference	Nutrition & Metabolism	non_medical_mvp_candidate	A		4	Passed QC review. Non-medical trait with structured catalog rsIDs. MVP candidate pending external annotation.	no	yes	no
wg-2306	Croissant Preference	dietary_preference	Nutrition & Metabolism	non_medical_mvp_candidate	A		1	Passed QC review. Non-medical trait with structured catalog rsIDs. MVP candidate pending external annotation.	no	yes	no
wg-2359	Cucumber Preference	dietary_preference	Nutrition & Metabolism	non_medical_mvp_candidate	A		1	Passed QC review. Non-medical trait with structured catalog rsIDs. MVP candidate pending external annotation.	no	yes	no
wg-2281	Curly Hair Tendency	genetic_tendency	Visible Traits	non_medical_mvp_candidate	A		4	Passed QC review. Non-medical trait with structured catalog rsIDs. MVP candidate pending external annotation.	no	yes	no
wg-2307	Curry Preference	dietary_preference	Nutrition & Metabolism	non_medical_mvp_candidate	A		3	Passed QC review. Non-medical trait with structured catalog rsIDs. MVP candidate pending external annotation.	no	yes	no
wg-2407	Dark Chocolate Preference	dietary_preference	Nutrition & Metabolism	non_medical_mvp_candidate	A		5	Passed QC review. Non-medical trait with structured catalog rsIDs. MVP candidate pending external annotation.	no	yes	no
wg-1440	Deep Sleep	psychological_traits	Wellness & Fitness	non_medical_mvp_candidate	A		1	Passed QC review. Non-medical trait with structured catalog rsIDs. MVP candidate pending external annotation.	no	yes	no
wg-2284	Dense Hair Tendency	genetic_tendency	Visible Traits	non_medical_mvp_candidate	A		3	Passed QC review. Non-medical trait with structured catalog rsIDs. MVP candidate pending external annotation.	no	yes	no
wg-2282	Double Eyelid Tendency	genetic_tendency	Visible Traits	non_medical_mvp_candidate	A		4	Passed QC review. Non-medical trait with structured catalog rsIDs. MVP candidate pending external annotation.	no	yes	no
wg-2311	Dried Fruit Preference	dietary_preference	Nutrition & Metabolism	non_medical_mvp_candidate	A		2	Passed QC review. Non-medical trait with structured catalog rsIDs. MVP candidate pending external annotation.	no	yes	no
wg-2384	Drinking Water Preference	dietary_preference	Nutrition & Metabolism	non_medical_mvp_candidate	A		4	Passed QC review. Non-medical trait with structured catalog rsIDs. MVP candidate pending external annotation.	no	yes	no
wg-3	Ear Wax	genetic_characteristics	Other/Unclassified	non_medical_mvp_candidate	A		1	Passed QC review. Non-medical trait with structured catalog rsIDs. MVP candidate pending external annotation.	no	yes	no
wg-2358	Eggs Preference	dietary_preference	Nutrition & Metabolism	non_medical_mvp_candidate	A		3	Passed QC review. Non-medical trait with structured catalog rsIDs. MVP candidate pending external annotation.	no	yes	no
wg-2401	Fizzy Drinks Preference	dietary_preference	Nutrition & Metabolism	non_medical_mvp_candidate	A		1	Passed QC review. Non-medical trait with structured catalog rsIDs. MVP candidate pending external annotation.	no	yes	no
wg-2291	Free Earlobe Tendency	genetic_tendency	Other/Unclassified	non_medical_mvp_candidate	A		4	Passed QC review. Non-medical trait with structured catalog rsIDs. MVP candidate pending external annotation.	no	yes	no
wg-2324	Fried Chicken Preference	dietary_preference	Nutrition & Metabolism	non_medical_mvp_candidate	A		1	Passed QC review. Non-medical trait with structured catalog rsIDs. MVP candidate pending external annotation.	no	yes	no
wg-2323	Fried Fish Preference	dietary_preference	Nutrition & Metabolism	non_medical_mvp_candidate	A		3	Passed QC review. Non-medical trait with structured catalog rsIDs. MVP candidate pending external annotation.	no	yes	no
wg-2309	Garlic Preference	dietary_preference	Nutrition & Metabolism	non_medical_mvp_candidate	A		2	Passed QC review. Non-medical trait with structured catalog rsIDs. MVP candidate pending external annotation.	no	yes	no
wg-2403	Gherkins Preference	dietary_preference	Nutrition & Metabolism	non_medical_mvp_candidate	A		6	Passed QC review. Non-medical trait with structured catalog rsIDs. MVP candidate pending external annotation.	no	yes	no
wg-2321	Globe Artichoke Preference	dietary_preference	Nutrition & Metabolism	non_medical_mvp_candidate	A		3	Passed QC review. Non-medical trait with structured catalog rsIDs. MVP candidate pending external annotation.	no	yes	no
wg-2393	Goat Cheese Preference	dietary_preference	Nutrition & Metabolism	non_medical_mvp_candidate	A		1	Passed QC review. Non-medical trait with structured catalog rsIDs. MVP candidate pending external annotation.	no	yes	no
wg-2348	Grapefruit Preference	dietary_preference	Nutrition & Metabolism	non_medical_mvp_candidate	A		4	Passed QC review. Non-medical trait with structured catalog rsIDs. MVP candidate pending external annotation.	no	yes	no
wg-2383	Green Olives Preference	dietary_preference	Nutrition & Metabolism	non_medical_mvp_candidate	A		6	Passed QC review. Non-medical trait with structured catalog rsIDs. MVP candidate pending external annotation.	no	yes	no
wg-2386	Haddock Preference	dietary_preference	Nutrition & Metabolism	non_medical_mvp_candidate	A		3	Passed QC review. Non-medical trait with structured catalog rsIDs. MVP candidate pending external annotation.	no	yes	no
wg-2322	Ham Preference	dietary_preference	Nutrition & Metabolism	non_medical_mvp_candidate	A		4	Passed QC review. Non-medical trait with structured catalog rsIDs. MVP candidate pending external annotation.	no	yes	no
wg-2305	Hand 2D-to-4D Ratio​	genetic_tendency	Other/Unclassified	non_medical_mvp_candidate	A		4	Passed QC review. Non-medical trait with structured catalog rsIDs. MVP candidate pending external annotation.	no	yes	no
wg-2357	Herring Preference	dietary_preference	Nutrition & Metabolism	non_medical_mvp_candidate	A		5	Passed QC review. Non-medical trait with structured catalog rsIDs. MVP candidate pending external annotation.	no	yes	no
wg-2347	Honey Preference	dietary_preference	Nutrition & Metabolism	non_medical_mvp_candidate	A		1	Passed QC review. Non-medical trait with structured catalog rsIDs. MVP candidate pending external annotation.	no	yes	no
wg-2361	Ice Cream Preference	dietary_preference	Nutrition & Metabolism	non_medical_mvp_candidate	A		3	Passed QC review. Non-medical trait with structured catalog rsIDs. MVP candidate pending external annotation.	no	yes	no
wg-2377	Ketchup Preference	dietary_preference	Nutrition & Metabolism	non_medical_mvp_candidate	A		2	Passed QC review. Non-medical trait with structured catalog rsIDs. MVP candidate pending external annotation.	no	yes	no
wg-2396	Lager Preference	dietary_preference	Nutrition & Metabolism	non_medical_mvp_candidate	A		4	Passed QC review. Non-medical trait with structured catalog rsIDs. MVP candidate pending external annotation.	no	yes	no
wg-2333	Lamb Preference	dietary_preference	Nutrition & Metabolism	non_medical_mvp_candidate	A		4	Passed QC review. Non-medical trait with structured catalog rsIDs. MVP candidate pending external annotation.	no	yes	no
wg-2283	Large Nail Plate Tendency	genetic_tendency	Other/Unclassified	non_medical_mvp_candidate	A		4	Passed QC review. Non-medical trait with structured catalog rsIDs. MVP candidate pending external annotation.	no	yes	no
wg-2315	Lemons Preference	dietary_preference	Nutrition & Metabolism	non_medical_mvp_candidate	A		2	Passed QC review. Non-medical trait with structured catalog rsIDs. MVP candidate pending external annotation.	no	yes	no
wg-2356	Mackerel Preference	dietary_preference	Nutrition & Metabolism	non_medical_mvp_candidate	A		4	Passed QC review. Non-medical trait with structured catalog rsIDs. MVP candidate pending external annotation.	no	yes	no
wg-2369	Marzipan Preference	dietary_preference	Nutrition & Metabolism	non_medical_mvp_candidate	A		1	Passed QC review. Non-medical trait with structured catalog rsIDs. MVP candidate pending external annotation.	no	yes	no
wg-2344	Mushroom Preference	dietary_preference	Nutrition & Metabolism	non_medical_mvp_candidate	A		5	Passed QC review. Non-medical trait with structured catalog rsIDs. MVP candidate pending external annotation.	no	yes	no
wg-2320	Onion Preference	dietary_preference	Nutrition & Metabolism	non_medical_mvp_candidate	A		3	Passed QC review. Non-medical trait with structured catalog rsIDs. MVP candidate pending external annotation.	no	yes	no
wg-2319	Orange Juice Preference	dietary_preference	Nutrition & Metabolism	non_medical_mvp_candidate	A		1	Passed QC review. Non-medical trait with structured catalog rsIDs. MVP candidate pending external annotation.	no	yes	no
wg-2318	Oranges Preference	dietary_preference	Nutrition & Metabolism	non_medical_mvp_candidate	A		2	Passed QC review. Non-medical trait with structured catalog rsIDs. MVP candidate pending external annotation.	no	yes	no
wg-2316	Pears Preference	dietary_preference	Nutrition & Metabolism	non_medical_mvp_candidate	A		2	Passed QC review. Non-medical trait with structured catalog rsIDs. MVP candidate pending external annotation.	no	yes	no
wg-2312	Pizza Preference	dietary_preference	Nutrition & Metabolism	non_medical_mvp_candidate	A		3	Passed QC review. Non-medical trait with structured catalog rsIDs. MVP candidate pending external annotation.	no	yes	no
wg-2314	Plums Preference	dietary_preference	Nutrition & Metabolism	non_medical_mvp_candidate	A		3	Passed QC review. Non-medical trait with structured catalog rsIDs. MVP candidate pending external annotation.	no	yes	no
wg-2368	Pollock Preference	dietary_preference	Nutrition & Metabolism	non_medical_mvp_candidate	A		1	Passed QC review. Non-medical trait with structured catalog rsIDs. MVP candidate pending external annotation.	no	yes	no
wg-2328	Pork Preference	dietary_preference	Nutrition & Metabolism	non_medical_mvp_candidate	A		5	Passed QC review. Non-medical trait with structured catalog rsIDs. MVP candidate pending external annotation.	no	yes	no
wg-2372	Porridge Preference	dietary_preference	Nutrition & Metabolism	non_medical_mvp_candidate	A		4	Passed QC review. Non-medical trait with structured catalog rsIDs. MVP candidate pending external annotation.	no	yes	no
wg-2313	Prawns Preference	dietary_preference	Nutrition & Metabolism	non_medical_mvp_candidate	A		5	Passed QC review. Non-medical trait with structured catalog rsIDs. MVP candidate pending external annotation.	no	yes	no
wg-2399	Raw Carrots Preference	dietary_preference	Nutrition & Metabolism	non_medical_mvp_candidate	A		5	Passed QC review. Non-medical trait with structured catalog rsIDs. MVP candidate pending external annotation.	no	yes	no
wg-2402	Red Wine Preference	dietary_preference	Nutrition & Metabolism	non_medical_mvp_candidate	A		4	Passed QC review. Non-medical trait with structured catalog rsIDs. MVP candidate pending external annotation.	no	yes	no
wg-2325	Roast Chicken Preference	dietary_preference	Nutrition & Metabolism	non_medical_mvp_candidate	A		3	Passed QC review. Non-medical trait with structured catalog rsIDs. MVP candidate pending external annotation.	no	yes	no
wg-2371	Salad Dressing Preference	dietary_preference	Nutrition & Metabolism	non_medical_mvp_candidate	A		2	Passed QC review. Non-medical trait with structured catalog rsIDs. MVP candidate pending external annotation.	no	yes	no
wg-2411	Salami Preference	dietary_preference	Nutrition & Metabolism	non_medical_mvp_candidate	A		6	Passed QC review. Non-medical trait with structured catalog rsIDs. MVP candidate pending external annotation.	no	yes	no
wg-2360	Salmon Preference	dietary_preference	Nutrition & Metabolism	non_medical_mvp_candidate	A		4	Passed QC review. Non-medical trait with structured catalog rsIDs. MVP candidate pending external annotation.	no	yes	no
wg-2332	Salt Preference	dietary_preference	Nutrition & Metabolism	non_medical_mvp_candidate	A		4	Passed QC review. Non-medical trait with structured catalog rsIDs. MVP candidate pending external annotation.	no	yes	no
wg-2412	Salty Pretzels Preference	dietary_preference	Nutrition & Metabolism	non_medical_mvp_candidate	A		4	Passed QC review. Non-medical trait with structured catalog rsIDs. MVP candidate pending external annotation.	no	yes	no
wg-2370	Sardines Preference	dietary_preference	Nutrition & Metabolism	non_medical_mvp_candidate	A		4	Passed QC review. Non-medical trait with structured catalog rsIDs. MVP candidate pending external annotation.	no	yes	no
wg-2353	Sausages Preference	dietary_preference	Nutrition & Metabolism	non_medical_mvp_candidate	A		2	Passed QC review. Non-medical trait with structured catalog rsIDs. MVP candidate pending external annotation.	no	yes	no
wg-2391	Savory Biscuits Preference	dietary_preference	Nutrition & Metabolism	non_medical_mvp_candidate	A		1	Passed QC review. Non-medical trait with structured catalog rsIDs. MVP candidate pending external annotation.	no	yes	no
wg-2326	Smoked Fish Preference	dietary_preference	Nutrition & Metabolism	non_medical_mvp_candidate	A		4	Passed QC review. Non-medical trait with structured catalog rsIDs. MVP candidate pending external annotation.	no	yes	no
wg-2341	Spinach Preference	dietary_preference	Nutrition & Metabolism	non_medical_mvp_candidate	A		3	Passed QC review. Non-medical trait with structured catalog rsIDs. MVP candidate pending external annotation.	no	yes	no
wg-2363	Tea with Sugar Preference	dietary_preference	Nutrition & Metabolism	non_medical_mvp_candidate	A		4	Passed QC review. Non-medical trait with structured catalog rsIDs. MVP candidate pending external annotation.	no	yes	no
wg-2367	Tea without Sugar Preference	dietary_preference	Nutrition & Metabolism	non_medical_mvp_candidate	A		1	Passed QC review. Non-medical trait with structured catalog rsIDs. MVP candidate pending external annotation.	no	yes	no
wg-2290	Thick Eyebrow Tendency	genetic_tendency	Visible Traits	non_medical_mvp_candidate	A		3	Passed QC review. Non-medical trait with structured catalog rsIDs. MVP candidate pending external annotation.	no	yes	no
wg-2410	Tinned Tuna Preference	dietary_preference	Nutrition & Metabolism	non_medical_mvp_candidate	A		2	Passed QC review. Non-medical trait with structured catalog rsIDs. MVP candidate pending external annotation.	no	yes	no
wg-2331	Tomatoes Preference	dietary_preference	Nutrition & Metabolism	non_medical_mvp_candidate	A		2	Passed QC review. Non-medical trait with structured catalog rsIDs. MVP candidate pending external annotation.	no	yes	no
wg-2334	Turnip Preference	dietary_preference	Nutrition & Metabolism	non_medical_mvp_candidate	A		3	Passed QC review. Non-medical trait with structured catalog rsIDs. MVP candidate pending external annotation.	no	yes	no
wg-2277	Unibrow Tendency	genetic_tendency	Other/Unclassified	non_medical_mvp_candidate	A		1	Passed QC review. Non-medical trait with structured catalog rsIDs. MVP candidate pending external annotation.	no	yes	no
wg-2352	Vinegar Preference	dietary_preference	Nutrition & Metabolism	non_medical_mvp_candidate	A		4	Passed QC review. Non-medical trait with structured catalog rsIDs. MVP candidate pending external annotation.	no	yes	no
wg-2335	Wasabi Preference	dietary_preference	Nutrition & Metabolism	non_medical_mvp_candidate	A		6	Passed QC review. Non-medical trait with structured catalog rsIDs. MVP candidate pending external annotation.	no	yes	no
wg-2365	Whisky Preference	dietary_preference	Nutrition & Metabolism	non_medical_mvp_candidate	A		3	Passed QC review. Non-medical trait with structured catalog rsIDs. MVP candidate pending external annotation.	no	yes	no
wg-2378	White Bread Preference	dietary_preference	Nutrition & Metabolism	non_medical_mvp_candidate	A		1	Passed QC review. Non-medical trait with structured catalog rsIDs. MVP candidate pending external annotation.	no	yes	no
wg-2400	White Wine Preference	dietary_preference	Nutrition & Metabolism	non_medical_mvp_candidate	A		2	Passed QC review. Non-medical trait with structured catalog rsIDs. MVP candidate pending external annotation.	no	yes	no
wg-2408	Whole Grain Cereals Preference	dietary_preference	Nutrition & Metabolism	non_medical_mvp_candidate	A		1	Passed QC review. Non-medical trait with structured catalog rsIDs. MVP candidate pending external annotation.	no	yes	no
wg-2297	Widow's Peak Tendency	genetic_tendency	Other/Unclassified	non_medical_mvp_candidate	A		2	Passed QC review. Non-medical trait with structured catalog rsIDs. MVP candidate pending external annotation.	no	yes	no
wg-1539	3-Methylcrotonyl CoA Carboxylase 2 Deficiency	genetic_disease	Disease Risk (Sensitive)	medical_sensitive_review	C	nutrition_deficiency_or_metabolism	1	Classified as medical/sensitive (medical_module: nutrition_deficiency_or_metabolism). Original tier C.	no	yes	yes
wg-2154	3-Methylglutaconic Aciduria (MGA)	genetic_disease	Disease Risk (Sensitive)	medical_sensitive_review	C	complex_disease_risk	5	Classified as medical/sensitive (medical_module: complex_disease_risk). Original tier C.	no	yes	yes
wg-262	ABO Blood Group	genetic_characteristics	Other/Unclassified	medical_sensitive_review	C	other_medical_sensitive	3	Classified as medical/sensitive (medical_module: other_medical_sensitive). QC downgraded from Tier A to Tier C.	no	yes	yes
wg-348	APOE Genotype	genetic_characteristics	Other/Unclassified	medical_sensitive_review	C	other_medical_sensitive	2	Classified as medical/sensitive (medical_module: other_medical_sensitive). QC downgraded from Tier A to Tier C.	no	yes	yes
wg-1527	Ability To Resist Acne	skin_characteristics	Skin & Appearance	medical_sensitive_review	C	dermatology_or_cosmetic_medical	6	Classified as medical/sensitive (medical_module: dermatology_or_cosmetic_medical). QC downgraded from Tier A to Tier C.	no	yes	yes
wg-1568	Ability To Resist Cellulite	skin_characteristics	Skin & Appearance	medical_sensitive_review	C	dermatology_or_cosmetic_medical	1	Classified as medical/sensitive (medical_module: dermatology_or_cosmetic_medical). QC downgraded from Tier A to Tier C.	no	yes	yes
wg-1567	Ability To Resist Rosacea	skin_characteristics	Skin & Appearance	medical_sensitive_review	C	dermatology_or_cosmetic_medical	1	Classified as medical/sensitive (medical_module: dermatology_or_cosmetic_medical). QC downgraded from Tier A to Tier C.	no	yes	yes
wg-1556	Ability To Resist Senile Plaques	skin_characteristics	Skin & Appearance	medical_sensitive_review	C	dermatology_or_cosmetic_medical	3	Classified as medical/sensitive (medical_module: dermatology_or_cosmetic_medical). QC downgraded from Tier A to Tier C.	no	yes	yes
wg-1565	Ability To Resist Sunburn	skin_characteristics	Skin & Appearance	medical_sensitive_review	C	dermatology_or_cosmetic_medical	3	Classified as medical/sensitive (medical_module: dermatology_or_cosmetic_medical). QC downgraded from Tier A to Tier C.	no	yes	yes
wg-1569	Ability To Resist Varicose Veins	skin_characteristics	Skin & Appearance	medical_sensitive_review	C	dermatology_or_cosmetic_medical	2	Classified as medical/sensitive (medical_module: dermatology_or_cosmetic_medical). QC downgraded from Tier A to Tier C.	no	yes	yes
wg-2068	Achromatopsia	genetic_disease	Disease Risk (Sensitive)	medical_sensitive_review	C	complex_disease_risk	5	Classified as medical/sensitive (medical_module: complex_disease_risk). Original tier C.	no	yes	yes
wg-2141	Acrocallosal Syndrome (ACLS)	genetic_disease	Disease Risk (Sensitive)	medical_sensitive_review	C	complex_disease_risk	1	Classified as medical/sensitive (medical_module: complex_disease_risk). Original tier C.	no	yes	yes
wg-2144	Acromicric Dysplasia	genetic_disease	Disease Risk (Sensitive)	medical_sensitive_review	C	complex_disease_risk	4	Classified as medical/sensitive (medical_module: complex_disease_risk). Original tier C.	no	yes	yes
wg-1987	Acth-independent Macronodular Adrenal Hyperplasia (AIMAH)	genetic_disease	Disease Risk (Sensitive)	medical_sensitive_review	C	complex_disease_risk	1	Classified as medical/sensitive (medical_module: complex_disease_risk). Original tier C.	no	yes	yes
wg-2111	Acyl-Coenzyme A Dehydrogenase Deficiency	genetic_disease	Disease Risk (Sensitive)	medical_sensitive_review	C	nutrition_deficiency_or_metabolism	5	Classified as medical/sensitive (medical_module: nutrition_deficiency_or_metabolism). Original tier C.	no	yes	yes
wg-2093	Agammaglobulinemia	genetic_disease	Disease Risk (Sensitive)	medical_sensitive_review	C	complex_disease_risk	4	Classified as medical/sensitive (medical_module: complex_disease_risk). Original tier C.	no	yes	yes
wg-42	Age-related Macular Degeneration (AMD)	health_risk	Disease Risk (Sensitive)	medical_sensitive_review	C	complex_disease_risk	10	Classified as medical/sensitive (medical_module: complex_disease_risk). Original tier C.	no	yes	yes
wg-172	Agenesis of The Corpus Callosum with Peripheral Neuropathy (ACCPN)	genetic_disease	Disease Risk (Sensitive)	medical_sensitive_review	C	complex_disease_risk	1	Classified as medical/sensitive (medical_module: complex_disease_risk). Original tier C.	no	yes	yes
wg-2155	Aicardi-Goutieres Syndrome (AGS)	genetic_disease	Disease Risk (Sensitive)	medical_sensitive_review	C	complex_disease_risk	4	Classified as medical/sensitive (medical_module: complex_disease_risk). Original tier C.	no	yes	yes
wg-2138	Akinesia Deformation Sequence (ADS)	genetic_disease	Disease Risk (Sensitive)	medical_sensitive_review	C	complex_disease_risk	2	Classified as medical/sensitive (medical_module: complex_disease_risk). Original tier C.	no	yes	yes
wg-52	Alcohol Dependence	health_risk	Disease Risk (Sensitive)	medical_sensitive_review	C	pharmacogenomics	6	Classified as medical/sensitive (medical_module: pharmacogenomics). Original tier C.	no	yes	yes
wg-1	Alcohol Flushing	genetic_characteristics	Substance Response (Sensitive)	medical_sensitive_review	C	pharmacogenomics	1	Classified as medical/sensitive (medical_module: pharmacogenomics). Original tier C.	no	yes	yes
wg-249	Alcohol Metabolism	nutrition_metabolism	Substance Response (Sensitive)	medical_sensitive_review	C	pharmacogenomics	3	Classified as medical/sensitive (medical_module: pharmacogenomics). Original tier C.	no	yes	yes
wg-1647	Alcoholic Fatty Liver Disease (AFLD)	health_risk	Disease Risk (Sensitive)	medical_sensitive_review	C	pharmacogenomics	3	Classified as medical/sensitive (medical_module: pharmacogenomics). Original tier C.	no	yes	yes
wg-2014	Alkaptonuria	genetic_disease	Disease Risk (Sensitive)	medical_sensitive_review	C	complex_disease_risk	3	Classified as medical/sensitive (medical_module: complex_disease_risk). Original tier C.	no	yes	yes
wg-1521	Allergic Diseases	health_risk	Disease Risk (Sensitive)	medical_sensitive_review	C	complex_disease_risk	9	Classified as medical/sensitive (medical_module: complex_disease_risk). Original tier C.	no	yes	yes
wg-57	Allergic Rhinitis	health_risk	Disease Risk (Sensitive)	medical_sensitive_review	C	complex_disease_risk	6	Classified as medical/sensitive (medical_module: complex_disease_risk). Original tier C.	no	yes	yes
wg-99	Alopecia Areata	health_risk	Disease Risk (Sensitive)	medical_sensitive_review	C	complex_disease_risk	6	Classified as medical/sensitive (medical_module: complex_disease_risk). Original tier C.	no	yes	yes
wg-173	Alpha-1 Antitrypsin Deficiency	genetic_disease	Disease Risk (Sensitive)	medical_sensitive_review	C	carrier_or_monogenic	2	Classified as medical/sensitive (medical_module: carrier_or_monogenic). Original tier C.	no	yes	yes
wg-1570	Alport Syndrome	genetic_disease	Disease Risk (Sensitive)	medical_sensitive_review	C	complex_disease_risk	5	Classified as medical/sensitive (medical_module: complex_disease_risk). Original tier C.	no	yes	yes
wg-2156	Alstrom Syndrome (AS)	genetic_disease	Disease Risk (Sensitive)	medical_sensitive_review	C	complex_disease_risk	3	Classified as medical/sensitive (medical_module: complex_disease_risk). Original tier C.	no	yes	yes
wg-1579	Aminoglycoside-Induced Deafness	genetic_disease	Disease Risk (Sensitive)	medical_sensitive_review	C	complex_disease_risk	3	Classified as medical/sensitive (medical_module: complex_disease_risk). Original tier C.	no	yes	yes
wg-60	Amyotrophic Lateral Sclerosis (ALS)	health_risk	Disease Risk (Sensitive)	medical_sensitive_review	C	complex_disease_risk	8	Classified as medical/sensitive (medical_module: complex_disease_risk). Original tier C.	no	yes	yes
wg-1975	Angelman Syndrome (AS)	genetic_disease	Disease Risk (Sensitive)	medical_sensitive_review	C	complex_disease_risk	4	Classified as medical/sensitive (medical_module: complex_disease_risk). Original tier C.	no	yes	yes
wg-2094	Aniridia	genetic_disease	Disease Risk (Sensitive)	medical_sensitive_review	C	complex_disease_risk	3	Classified as medical/sensitive (medical_module: complex_disease_risk). Original tier C.	no	yes	yes
wg-1699	Anorexia Nervosa	health_risk	Disease Risk (Sensitive)	medical_sensitive_review	C	complex_disease_risk	5	Classified as medical/sensitive (medical_module: complex_disease_risk). Original tier C.	no	yes	yes
wg-1563	Anti-Anxiety Ability	psychological_traits	Traits & Personality	medical_sensitive_review	C	other_medical_sensitive	5	Classified as medical/sensitive (medical_module: other_medical_sensitive). QC downgraded from Tier A to Tier C.	no	yes	yes
wg-1525	Anti-Freckle Ability	skin_characteristics	Skin & Appearance	medical_sensitive_review	C	dermatology_or_cosmetic_medical	5	Classified as medical/sensitive (medical_module: dermatology_or_cosmetic_medical). QC downgraded from Tier A to Tier C.	no	yes	yes
wg-1524	Anti-Glycation Ability	skin_characteristics	Skin & Appearance	medical_sensitive_review	C	dermatology_or_cosmetic_medical	2	Classified as medical/sensitive (medical_module: dermatology_or_cosmetic_medical). QC downgraded from Tier A to Tier C.	no	yes	yes
wg-1715	Anti-Loneliness	psychological_traits	Traits & Personality	medical_sensitive_review	C	other_medical_sensitive	5	Classified as medical/sensitive (medical_module: other_medical_sensitive). QC downgraded from Tier A to Tier C.	no	yes	yes
wg-1694	Anti-Sagging Eyelid Ability	skin_characteristics	Skin & Appearance	medical_sensitive_review	C	dermatology_or_cosmetic_medical	2	Classified as medical/sensitive (medical_module: dermatology_or_cosmetic_medical). QC downgraded from Tier A to Tier C.	no	yes	yes
wg-1664	Anti-Skin Photoaging Ability	skin_characteristics	Skin & Appearance	medical_sensitive_review	C	dermatology_or_cosmetic_medical	3	Classified as medical/sensitive (medical_module: dermatology_or_cosmetic_medical). QC downgraded from Tier A to Tier C.	no	yes	yes
wg-1693	Anti-Skin Wrinkle Ability	skin_characteristics	Skin & Appearance	medical_sensitive_review	C	dermatology_or_cosmetic_medical	1	Classified as medical/sensitive (medical_module: dermatology_or_cosmetic_medical). QC downgraded from Tier A to Tier C.	no	yes	yes
wg-1716	Anti-Social Anxiety Disorder Ability	psychological_traits	Traits & Personality	medical_sensitive_review	C	complex_disease_risk	4	Classified as medical/sensitive (medical_module: complex_disease_risk). QC downgraded from Tier A to Tier C.	no	yes	yes
wg-1522	Anti-Tanning Reaction Ability	skin_characteristics	Skin & Appearance	medical_sensitive_review	C	dermatology_or_cosmetic_medical	5	Classified as medical/sensitive (medical_module: dermatology_or_cosmetic_medical). QC downgraded from Tier A to Tier C.	no	yes	yes
wg-1523	Antioxidant Ability	skin_characteristics	Skin & Appearance	medical_sensitive_review	C	nutrition_deficiency_or_metabolism	4	Classified as medical/sensitive (medical_module: nutrition_deficiency_or_metabolism). QC downgraded from Tier A to Tier C.	no	yes	yes
wg-2042	Arginase Deficiency (ARG)	genetic_disease	Disease Risk (Sensitive)	medical_sensitive_review	C	nutrition_deficiency_or_metabolism	3	Classified as medical/sensitive (medical_module: nutrition_deficiency_or_metabolism). Original tier C.	no	yes	yes
wg-1541	Argininosuccinate Lyase Deficiency	genetic_disease	Disease Risk (Sensitive)	medical_sensitive_review	C	nutrition_deficiency_or_metabolism	3	Classified as medical/sensitive (medical_module: nutrition_deficiency_or_metabolism). Original tier C.	no	yes	yes
wg-1739	Arrhythmogenic Right Ventricular Cardiomyopathy	genetic_disease	Disease Risk (Sensitive)	medical_sensitive_review	C	complex_disease_risk	3	Classified as medical/sensitive (medical_module: complex_disease_risk). Original tier C.	no	yes	yes
wg-2274	Arterial Stiffness	health_risk	Disease Risk (Sensitive)	medical_sensitive_review	C	complex_disease_risk	3	Classified as medical/sensitive (medical_module: complex_disease_risk). Original tier C.	no	yes	yes
wg-2100	Arthrogryposis Multiplex Congenita (AMC)	genetic_disease	Disease Risk (Sensitive)	medical_sensitive_review	C	complex_disease_risk	3	Classified as medical/sensitive (medical_module: complex_disease_risk). Original tier C.	no	yes	yes
wg-2087	Aspartylglucosaminuria (AGU)	genetic_disease	Disease Risk (Sensitive)	medical_sensitive_review	C	complex_disease_risk	3	Classified as medical/sensitive (medical_module: complex_disease_risk). Original tier C.	no	yes	yes
wg-53	Asthma	health_risk	Disease Risk (Sensitive)	medical_sensitive_review	C	complex_disease_risk	7	Classified as medical/sensitive (medical_module: complex_disease_risk). Original tier C.	no	yes	yes
wg-1768	Astigmatism	health_risk	Disease Risk (Sensitive)	medical_sensitive_review	C	complex_disease_risk	5	Classified as medical/sensitive (medical_module: complex_disease_risk). Original tier C.	no	yes	yes
wg-2010	Ataxia-Telangiectasia (AT)	genetic_disease	Disease Risk (Sensitive)	medical_sensitive_review	C	complex_disease_risk	7	Classified as medical/sensitive (medical_module: complex_disease_risk). Original tier C.	no	yes	yes
wg-39	Atrial Fibrillation	health_risk	Disease Risk (Sensitive)	medical_sensitive_review	C	complex_disease_risk	8	Classified as medical/sensitive (medical_module: complex_disease_risk). Original tier C.	no	yes	yes
wg-2089	Auditory Neuropathy (AN)	genetic_disease	Disease Risk (Sensitive)	medical_sensitive_review	C	complex_disease_risk	2	Classified as medical/sensitive (medical_module: complex_disease_risk). Original tier C.	no	yes	yes
wg-1587	Autism	health_risk	Disease Risk (Sensitive)	medical_sensitive_review	C	complex_disease_risk	8	Classified as medical/sensitive (medical_module: complex_disease_risk). Original tier C.	no	yes	yes
wg-34	Autosomal Dominant Compelling Helio-Ophthalmic Outburst (ACHOO) Syndrome	genetic_characteristics	Other/Unclassified	medical_sensitive_review	C	complex_disease_risk	1	Classified as medical/sensitive (medical_module: complex_disease_risk). QC downgraded from Tier A to Tier C.	no	yes	yes
wg-1577	Autosomal Dominant Non-Syndromic Deafness	genetic_disease	Disease Risk (Sensitive)	medical_sensitive_review	C	complex_disease_risk	4	Classified as medical/sensitive (medical_module: complex_disease_risk). Original tier C.	no	yes	yes
wg-1578	Autosomal Recessive Non-Syndromic Deafness	genetic_disease	Disease Risk (Sensitive)	medical_sensitive_review	C	complex_disease_risk	4	Classified as medical/sensitive (medical_module: complex_disease_risk). Original tier C.	no	yes	yes
wg-2157	Axenfeld-Rieger Syndrome (ARS)	genetic_disease	Disease Risk (Sensitive)	medical_sensitive_review	C	complex_disease_risk	1	Classified as medical/sensitive (medical_module: complex_disease_risk). Original tier C.	no	yes	yes
wg-2158	Baraitser-Winter Syndrome (BRWS)	genetic_disease	Disease Risk (Sensitive)	medical_sensitive_review	C	complex_disease_risk	3	Classified as medical/sensitive (medical_module: complex_disease_risk). Original tier C.	no	yes	yes
wg-2159	Bardet-Biedl Syndrome (BBS)	genetic_disease	Disease Risk (Sensitive)	medical_sensitive_review	C	complex_disease_risk	5	Classified as medical/sensitive (medical_module: complex_disease_risk). Original tier C.	no	yes	yes
wg-2160	Bartter Syndrome	genetic_disease	Disease Risk (Sensitive)	medical_sensitive_review	C	complex_disease_risk	1	Classified as medical/sensitive (medical_module: complex_disease_risk). Original tier C.	no	yes	yes
wg-2161	Becker Muscular Dystrophy (BMD)	genetic_disease	Disease Risk (Sensitive)	medical_sensitive_review	C	complex_disease_risk	5	Classified as medical/sensitive (medical_module: complex_disease_risk). Original tier C.	no	yes	yes
wg-2250	Benzene	exposure_risk	Disease Risk (Sensitive)	medical_sensitive_review	C	complex_disease_risk	1	Classified as medical/sensitive (medical_module: complex_disease_risk). Original tier C.	no	yes	yes
wg-2080	Biotinidase Deficiency (BTD)	genetic_disease	Disease Risk (Sensitive)	medical_sensitive_review	C	nutrition_deficiency_or_metabolism	5	Classified as medical/sensitive (medical_module: nutrition_deficiency_or_metabolism). Original tier C.	no	yes	yes
wg-2	Bitter Sensitivity	genetic_characteristics	Other/Unclassified	medical_sensitive_review	C	other_medical_sensitive	1	Classified as medical/sensitive (medical_module: other_medical_sensitive). QC downgraded from Tier A to Tier C.	no	yes	yes
wg-1956	Bladder Cancer	health_risk	Disease Risk (Sensitive)	medical_sensitive_review	C	complex_disease_risk	8	Classified as medical/sensitive (medical_module: complex_disease_risk). Original tier C.	no	yes	yes
wg-2162	Bloom Syndrome (BLM)	genetic_disease	Disease Risk (Sensitive)	medical_sensitive_review	C	carrier_or_monogenic	3	Classified as medical/sensitive (medical_module: carrier_or_monogenic). Original tier C.	no	yes	yes
wg-2163	Bohring-Opitz Syndrome (BOS)	genetic_disease	Disease Risk (Sensitive)	medical_sensitive_review	C	complex_disease_risk	2	Classified as medical/sensitive (medical_module: complex_disease_risk). Original tier C.	no	yes	yes
wg-2164	Borjeson-Forssman-Lehmann Syndrome (BFLS)	genetic_disease	Disease Risk (Sensitive)	medical_sensitive_review	C	complex_disease_risk	3	Classified as medical/sensitive (medical_module: complex_disease_risk). Original tier C.	no	yes	yes
wg-1993	Brachydactyly	genetic_disease	Disease Risk (Sensitive)	medical_sensitive_review	C	complex_disease_risk	4	Classified as medical/sensitive (medical_module: complex_disease_risk). Original tier C.	no	yes	yes
wg-54	Brain Aneurysm	health_risk	Disease Risk (Sensitive)	medical_sensitive_review	C	complex_disease_risk	7	Classified as medical/sensitive (medical_module: complex_disease_risk). Original tier C.	no	yes	yes
wg-2071	Branchiooculofacial Syndrome (BOFS)	genetic_disease	Disease Risk (Sensitive)	medical_sensitive_review	C	complex_disease_risk	2	Classified as medical/sensitive (medical_module: complex_disease_risk). Original tier C.	no	yes	yes
wg-1582	Branchiootorenal Spectrum Disorder	genetic_disease	Disease Risk (Sensitive)	medical_sensitive_review	C	complex_disease_risk	3	Classified as medical/sensitive (medical_module: complex_disease_risk). Original tier C.	no	yes	yes
wg-2165	Bruck Syndrome (BS)	genetic_disease	Disease Risk (Sensitive)	medical_sensitive_review	C	complex_disease_risk	3	Classified as medical/sensitive (medical_module: complex_disease_risk). Original tier C.	no	yes	yes
wg-1726	Brugada Syndrome	genetic_disease	Disease Risk (Sensitive)	medical_sensitive_review	C	complex_disease_risk	2	Classified as medical/sensitive (medical_module: complex_disease_risk). Original tier C.	no	yes	yes
wg-22	Caffeine Metabolism	nutrition_metabolism	Nutrition & Metabolism	medical_sensitive_review	C	pharmacogenomics	1	Classified as medical/sensitive (medical_module: pharmacogenomics). QC downgraded from Tier A to Tier C.	no	yes	yes
wg-247	Calcium Nutritional Requirement	nutrition_metabolism	Nutrition & Metabolism	medical_sensitive_review	C	nutrition_deficiency_or_metabolism	2	Classified as medical/sensitive (medical_module: nutrition_deficiency_or_metabolism). QC downgraded from Tier A to Tier C.	no	yes	yes
wg-1963	Candida Infection	infection_risk	Disease Risk (Sensitive)	medical_sensitive_review	C	complex_disease_risk	1	Classified as medical/sensitive (medical_module: complex_disease_risk). Original tier C.	no	yes	yes
wg-2117	Cardiofaciocutaneous Syndrome (CFC)	genetic_disease	Disease Risk (Sensitive)	medical_sensitive_review	C	complex_disease_risk	5	Classified as medical/sensitive (medical_module: complex_disease_risk). Original tier C.	no	yes	yes
wg-1769	Cataract	health_risk	Disease Risk (Sensitive)	medical_sensitive_review	C	complex_disease_risk	8	Classified as medical/sensitive (medical_module: complex_disease_risk). Original tier C.	no	yes	yes
wg-1731	Catecholaminergic Polymorphic Ventricular Tachycardia (CPVT)	genetic_disease	Disease Risk (Sensitive)	medical_sensitive_review	C	complex_disease_risk	3	Classified as medical/sensitive (medical_module: complex_disease_risk). Original tier C.	no	yes	yes
wg-2249	Cats	exposure_risk	Disease Risk (Sensitive)	medical_sensitive_review	C	complex_disease_risk	1	Classified as medical/sensitive (medical_module: complex_disease_risk). Original tier C.	no	yes	yes
wg-1483	Celiac Disease	health_risk	Disease Risk (Sensitive)	medical_sensitive_review	C	complex_disease_risk	9	Classified as medical/sensitive (medical_module: complex_disease_risk). Original tier C.	no	yes	yes
wg-2148	Centronuclear Myopathy (CNM)	genetic_disease	Disease Risk (Sensitive)	medical_sensitive_review	C	complex_disease_risk	1	Classified as medical/sensitive (medical_module: complex_disease_risk). Original tier C.	no	yes	yes
wg-2098	Chediak-Higashi Syndrome (CHS)	genetic_disease	Disease Risk (Sensitive)	medical_sensitive_review	C	complex_disease_risk	3	Classified as medical/sensitive (medical_module: complex_disease_risk). Original tier C.	no	yes	yes
wg-2267	Chlorinated Solvents	exposure_risk	Disease Risk (Sensitive)	medical_sensitive_review	C	complex_disease_risk	2	Classified as medical/sensitive (medical_module: complex_disease_risk). Original tier C.	no	yes	yes
wg-1989	Cholestasis	genetic_disease	Disease Risk (Sensitive)	medical_sensitive_review	C	complex_disease_risk	3	Classified as medical/sensitive (medical_module: complex_disease_risk). Original tier C.	no	yes	yes
wg-2149	Choroidal Dystrophy, Central Areolar (CACD)	genetic_disease	Disease Risk (Sensitive)	medical_sensitive_review	C	complex_disease_risk	1	Classified as medical/sensitive (medical_module: complex_disease_risk). Original tier C.	no	yes	yes
wg-2095	Choroideremia	genetic_disease	Disease Risk (Sensitive)	medical_sensitive_review	C	complex_disease_risk	1	Classified as medical/sensitive (medical_module: complex_disease_risk). Original tier C.	no	yes	yes
wg-102	Chronic Lymphocytic Leukemia (CLL)	health_risk	Disease Risk (Sensitive)	medical_sensitive_review	C	complex_disease_risk	8	Classified as medical/sensitive (medical_module: complex_disease_risk). Original tier C.	no	yes	yes
wg-72	Chronic Obstructive Pulmonary Disease (COPD)	health_risk	Disease Risk (Sensitive)	medical_sensitive_review	C	complex_disease_risk	7	Classified as medical/sensitive (medical_module: complex_disease_risk). Original tier C.	no	yes	yes
wg-2275	Cirrhosis	health_risk	Disease Risk (Sensitive)	medical_sensitive_review	C	complex_disease_risk	6	Classified as medical/sensitive (medical_module: complex_disease_risk). Original tier C.	no	yes	yes
wg-2012	Citrullinemia	genetic_disease	Disease Risk (Sensitive)	medical_sensitive_review	C	complex_disease_risk	4	Classified as medical/sensitive (medical_module: complex_disease_risk). Original tier C.	no	yes	yes
wg-2262	Cleaning Agents	exposure_risk	Disease Risk (Sensitive)	medical_sensitive_review	C	complex_disease_risk	5	Classified as medical/sensitive (medical_module: complex_disease_risk). Original tier C.	no	yes	yes
wg-130	Cleft Lip and Cleft Palate	health_risk	Disease Risk (Sensitive)	medical_sensitive_review	C	complex_disease_risk	7	Classified as medical/sensitive (medical_module: complex_disease_risk). Original tier C.	no	yes	yes
wg-2167	Cockayne Syndrome (CS)	genetic_disease	Disease Risk (Sensitive)	medical_sensitive_review	C	complex_disease_risk	3	Classified as medical/sensitive (medical_module: complex_disease_risk). Original tier C.	no	yes	yes
wg-2101	Coenzyme Q10 Deficiency, Primary (COQ10D)	genetic_disease	Disease Risk (Sensitive)	medical_sensitive_review	C	nutrition_deficiency_or_metabolism	1	Classified as medical/sensitive (medical_module: nutrition_deficiency_or_metabolism). Original tier C.	no	yes	yes
wg-2168	Coffin-Lowry Syndrome (CLS)	genetic_disease	Disease Risk (Sensitive)	medical_sensitive_review	C	complex_disease_risk	2	Classified as medical/sensitive (medical_module: complex_disease_risk). Original tier C.	no	yes	yes
wg-2169	Cohen Syndrome (COH)	genetic_disease	Disease Risk (Sensitive)	medical_sensitive_review	C	complex_disease_risk	3	Classified as medical/sensitive (medical_module: complex_disease_risk). Original tier C.	no	yes	yes
wg-1695	Collagen Retention Ability	skin_characteristics	Skin & Appearance	medical_sensitive_review	C	dermatology_or_cosmetic_medical	2	Classified as medical/sensitive (medical_module: dermatology_or_cosmetic_medical). QC downgraded from Tier A to Tier C.	no	yes	yes
wg-44	Colorectal Cancer	health_risk	Disease Risk (Sensitive)	medical_sensitive_review	C	complex_disease_risk	7	Classified as medical/sensitive (medical_module: complex_disease_risk). Original tier C.	no	yes	yes
wg-2002	Combined Oxidative Phosphorylation Deficiency (COXPD)	genetic_disease	Disease Risk (Sensitive)	medical_sensitive_review	C	nutrition_deficiency_or_metabolism	3	Classified as medical/sensitive (medical_module: nutrition_deficiency_or_metabolism). Original tier C.	no	yes	yes
wg-2046	Combined Pituitary Hormone Deficiency (CPHD)	genetic_disease	Disease Risk (Sensitive)	medical_sensitive_review	C	nutrition_deficiency_or_metabolism	3	Classified as medical/sensitive (medical_module: nutrition_deficiency_or_metabolism). Original tier C.	no	yes	yes
wg-2083	Cone-Rod Dystrophy (CRD)	genetic_disease	Disease Risk (Sensitive)	medical_sensitive_review	C	complex_disease_risk	3	Classified as medical/sensitive (medical_module: complex_disease_risk). Original tier C.	no	yes	yes
wg-2108	Congenital Amegakaryocytic Thrombocytopenia (CAMT)	genetic_disease	Disease Risk (Sensitive)	medical_sensitive_review	C	reproductive_genetics	3	Classified as medical/sensitive (medical_module: reproductive_genetics). Original tier C.	no	yes	yes
wg-2099	Congenital Bile Acid Synthesis Defect (CBAS)	genetic_disease	Disease Risk (Sensitive)	medical_sensitive_review	C	reproductive_genetics	4	Classified as medical/sensitive (medical_module: reproductive_genetics). Original tier C.	no	yes	yes
wg-2105	Congenital Disorder of Deglycosylation (CDDG)	genetic_disease	Disease Risk (Sensitive)	medical_sensitive_review	C	reproductive_genetics	3	Classified as medical/sensitive (medical_module: reproductive_genetics). Original tier C.	no	yes	yes
wg-2107	Congenital Disorder of Glycosylation (CDG)	genetic_disease	Disease Risk (Sensitive)	medical_sensitive_review	C	reproductive_genetics	4	Classified as medical/sensitive (medical_module: reproductive_genetics). Original tier C.	no	yes	yes
wg-2102	Congenital Dyserythropoietic Anemia (CDA)	genetic_disease	Disease Risk (Sensitive)	medical_sensitive_review	C	reproductive_genetics	4	Classified as medical/sensitive (medical_module: reproductive_genetics). Original tier C.	no	yes	yes
wg-2109	Congenital Fibrosis of Extraocular Muscles (CFEOM)	genetic_disease	Disease Risk (Sensitive)	medical_sensitive_review	C	reproductive_genetics	3	Classified as medical/sensitive (medical_module: reproductive_genetics). Original tier C.	no	yes	yes
wg-2106	Congenital Generalized Lipodystrophy (CGL)	genetic_disease	Disease Risk (Sensitive)	medical_sensitive_review	C	reproductive_genetics	3	Classified as medical/sensitive (medical_module: reproductive_genetics). Original tier C.	no	yes	yes
wg-2110	Congenital Ichthyosis	genetic_disease	Disease Risk (Sensitive)	medical_sensitive_review	C	reproductive_genetics	4	Classified as medical/sensitive (medical_module: reproductive_genetics). Original tier C.	no	yes	yes
wg-1996	Congenital Multicore Myopathy with External Ophthalmoplegia	genetic_disease	Disease Risk (Sensitive)	medical_sensitive_review	C	reproductive_genetics	4	Classified as medical/sensitive (medical_module: reproductive_genetics). Original tier C.	no	yes	yes
wg-2104	Congenital Stationary Night Blindness (CSNB)	genetic_disease	Disease Risk (Sensitive)	medical_sensitive_review	C	reproductive_genetics	3	Classified as medical/sensitive (medical_module: reproductive_genetics). Original tier C.	no	yes	yes
wg-87	Coronary Heart Disease (CHD)	health_risk	Disease Risk (Sensitive)	medical_sensitive_review	C	complex_disease_risk	10	Classified as medical/sensitive (medical_module: complex_disease_risk). Original tier C.	no	yes	yes
wg-2171	Costello Syndrome	genetic_disease	Disease Risk (Sensitive)	medical_sensitive_review	C	complex_disease_risk	3	Classified as medical/sensitive (medical_module: complex_disease_risk). Original tier C.	no	yes	yes
wg-2258	Cow's Milk	exposure_risk	Disease Risk (Sensitive)	medical_sensitive_review	C	complex_disease_risk	4	Classified as medical/sensitive (medical_module: complex_disease_risk). Original tier C.	no	yes	yes
wg-2049	Cranioectodermal Dysplasia (CED)	genetic_disease	Disease Risk (Sensitive)	medical_sensitive_review	C	complex_disease_risk	1	Classified as medical/sensitive (medical_module: complex_disease_risk). Original tier C.	no	yes	yes
wg-2048	Craniofrontonasal Syndrome (CFNS)	genetic_disease	Disease Risk (Sensitive)	medical_sensitive_review	C	complex_disease_risk	3	Classified as medical/sensitive (medical_module: complex_disease_risk). Original tier C.	no	yes	yes
wg-2172	Crigler-Najjar Syndrome (CNS)	genetic_disease	Disease Risk (Sensitive)	medical_sensitive_review	C	complex_disease_risk	2	Classified as medical/sensitive (medical_module: complex_disease_risk). Original tier C.	no	yes	yes
wg-2173	Crouzon Syndrome	genetic_disease	Disease Risk (Sensitive)	medical_sensitive_review	C	complex_disease_risk	3	Classified as medical/sensitive (medical_module: complex_disease_risk). Original tier C.	no	yes	yes
wg-1970	Cryptococcus Infection	infection_risk	Disease Risk (Sensitive)	medical_sensitive_review	C	complex_disease_risk	1	Classified as medical/sensitive (medical_module: complex_disease_risk). Original tier C.	no	yes	yes
wg-2063	Cutis Laxa (CL)	genetic_disease	Disease Risk (Sensitive)	medical_sensitive_review	C	complex_disease_risk	4	Classified as medical/sensitive (medical_module: complex_disease_risk). Original tier C.	no	yes	yes
wg-2053	Cystic Fibrosis (CF)	genetic_disease	Disease Risk (Sensitive)	medical_sensitive_review	C	carrier_or_monogenic	4	Classified as medical/sensitive (medical_module: carrier_or_monogenic). Original tier C.	no	yes	yes
wg-2174	D-2-hydroxyglutaric Aciduria (D2HGA)	genetic_disease	Disease Risk (Sensitive)	medical_sensitive_review	C	complex_disease_risk	2	Classified as medical/sensitive (medical_module: complex_disease_risk). Original tier C.	no	yes	yes
wg-2175	De Sanctis-Cacchione Syndrome (DSC)	genetic_disease	Disease Risk (Sensitive)	medical_sensitive_review	C	complex_disease_risk	3	Classified as medical/sensitive (medical_module: complex_disease_risk). Original tier C.	no	yes	yes
wg-1762	Dementia with Lewy Body (DLB)	genetic_disease	Disease Risk (Sensitive)	medical_sensitive_review	C	complex_disease_risk	2	Classified as medical/sensitive (medical_module: complex_disease_risk). Original tier C.	no	yes	yes
wg-2176	Dent Disease	genetic_disease	Disease Risk (Sensitive)	medical_sensitive_review	C	complex_disease_risk	3	Classified as medical/sensitive (medical_module: complex_disease_risk). Original tier C.	no	yes	yes
wg-1552	Dental Caries	health_risk	Disease Risk (Sensitive)	medical_sensitive_review	C	complex_disease_risk	6	Classified as medical/sensitive (medical_module: complex_disease_risk). Original tier C.	no	yes	yes
wg-1550	Dental Retardation	health_risk	Disease Risk (Sensitive)	medical_sensitive_review	C	complex_disease_risk	7	Classified as medical/sensitive (medical_module: complex_disease_risk). Original tier C.	no	yes	yes
wg-242	Depression	health_risk	Disease Risk (Sensitive)	medical_sensitive_review	C	complex_disease_risk	6	Classified as medical/sensitive (medical_module: complex_disease_risk). Original tier C.	no	yes	yes
wg-2177	Desbuquois Dysplasia	genetic_disease	Disease Risk (Sensitive)	medical_sensitive_review	C	complex_disease_risk	3	Classified as medical/sensitive (medical_module: complex_disease_risk). Original tier C.	no	yes	yes
wg-131	Developmental Dyslexia	health_risk	Disease Risk (Sensitive)	medical_sensitive_review	C	complex_disease_risk	6	Classified as medical/sensitive (medical_module: complex_disease_risk). Original tier C.	no	yes	yes
wg-2000	Developmental and Epileptic Encephalopathy (DEE)	genetic_disease	Disease Risk (Sensitive)	medical_sensitive_review	C	complex_disease_risk	5	Classified as medical/sensitive (medical_module: complex_disease_risk). Original tier C.	no	yes	yes
wg-2178	Diamond-Blackfan Anemia (DBA)	genetic_disease	Disease Risk (Sensitive)	medical_sensitive_review	C	complex_disease_risk	4	Classified as medical/sensitive (medical_module: complex_disease_risk). Original tier C.	no	yes	yes
wg-2016	Diastrophic Dysplasia	genetic_disease	Disease Risk (Sensitive)	medical_sensitive_review	C	complex_disease_risk	2	Classified as medical/sensitive (medical_module: complex_disease_risk). Original tier C.	no	yes	yes
wg-2271	Dietary Sodium	exposure_risk	Disease Risk (Sensitive)	medical_sensitive_review	C	complex_disease_risk	1	Classified as medical/sensitive (medical_module: complex_disease_risk). Original tier C.	no	yes	yes
wg-2137	Distal Myopathy with Anterior Tibial Onset (DMAT)	genetic_disease	Disease Risk (Sensitive)	medical_sensitive_review	C	complex_disease_risk	1	Classified as medical/sensitive (medical_module: complex_disease_risk). Original tier C.	no	yes	yes
wg-2248	Dogs	exposure_risk	Disease Risk (Sensitive)	medical_sensitive_review	C	complex_disease_risk	1	Classified as medical/sensitive (medical_module: complex_disease_risk). Original tier C.	no	yes	yes
wg-1940	Drinking x Bladder Cancer	lifestyle_guidance	Wellness & Fitness	medical_sensitive_review	C	complex_disease_risk	2	Classified as medical/sensitive (medical_module: complex_disease_risk). QC downgraded from Tier A to Tier C.	no	yes	yes
wg-1942	Drinking x CHD	lifestyle_guidance	Wellness & Fitness	medical_sensitive_review	C	complex_disease_risk	3	Classified as medical/sensitive (medical_module: complex_disease_risk). QC downgraded from Tier A to Tier C.	no	yes	yes
wg-1941	Drinking x Colorectal Cancer	lifestyle_guidance	Wellness & Fitness	medical_sensitive_review	C	complex_disease_risk	5	Classified as medical/sensitive (medical_module: complex_disease_risk). QC downgraded from Tier A to Tier C.	no	yes	yes
wg-1938	Drinking x Esophagus Cancer	lifestyle_guidance	Wellness & Fitness	medical_sensitive_review	C	complex_disease_risk	6	Classified as medical/sensitive (medical_module: complex_disease_risk). QC downgraded from Tier A to Tier C.	no	yes	yes
wg-1943	Drinking x Hypertension	lifestyle_guidance	Wellness & Fitness	medical_sensitive_review	C	complex_disease_risk	6	Classified as medical/sensitive (medical_module: complex_disease_risk). QC downgraded from Tier A to Tier C.	no	yes	yes
wg-1944	Drinking x Lung Cancer	lifestyle_guidance	Wellness & Fitness	medical_sensitive_review	C	complex_disease_risk	3	Classified as medical/sensitive (medical_module: complex_disease_risk). QC downgraded from Tier A to Tier C.	no	yes	yes
wg-2179	Duane Syndrome (DS)	genetic_disease	Disease Risk (Sensitive)	medical_sensitive_review	C	complex_disease_risk	2	Classified as medical/sensitive (medical_module: complex_disease_risk). Original tier C.	no	yes	yes
wg-1755	Duchenne Muscular Dystrophy (DMD)	genetic_disease	Disease Risk (Sensitive)	medical_sensitive_review	C	carrier_or_monogenic	2	Classified as medical/sensitive (medical_module: carrier_or_monogenic). Original tier C.	no	yes	yes
wg-2256	Dust Mites	exposure_risk	Disease Risk (Sensitive)	medical_sensitive_review	C	complex_disease_risk	1	Classified as medical/sensitive (medical_module: complex_disease_risk). Original tier C.	no	yes	yes
wg-2103	Dyskeratosis Congenita (DC)	genetic_disease	Disease Risk (Sensitive)	medical_sensitive_review	C	complex_disease_risk	5	Classified as medical/sensitive (medical_module: complex_disease_risk). Original tier C.	no	yes	yes
wg-1588	Early-Onset Alzheimer's Disease	genetic_disease	Disease Risk (Sensitive)	medical_sensitive_review	C	complex_disease_risk	5	Classified as medical/sensitive (medical_module: complex_disease_risk). Original tier C.	no	yes	yes
wg-2090	Elliptocytosis	genetic_disease	Disease Risk (Sensitive)	medical_sensitive_review	C	complex_disease_risk	3	Classified as medical/sensitive (medical_module: complex_disease_risk). Original tier C.	no	yes	yes
wg-2181	Ellis-van Creveld Syndrome (EVC)	genetic_disease	Disease Risk (Sensitive)	medical_sensitive_review	C	complex_disease_risk	3	Classified as medical/sensitive (medical_module: complex_disease_risk). Original tier C.	no	yes	yes
wg-2261	Endotoxins	exposure_risk	Disease Risk (Sensitive)	medical_sensitive_review	C	complex_disease_risk	4	Classified as medical/sensitive (medical_module: complex_disease_risk). Original tier C.	no	yes	yes
wg-1962	Entamoeba Infection	infection_risk	Disease Risk (Sensitive)	medical_sensitive_review	C	complex_disease_risk	1	Classified as medical/sensitive (medical_module: complex_disease_risk). Original tier C.	no	yes	yes
wg-1988	Epidermolysis Bullosa (EB)	genetic_disease	Disease Risk (Sensitive)	medical_sensitive_review	C	complex_disease_risk	4	Classified as medical/sensitive (medical_module: complex_disease_risk). Original tier C.	no	yes	yes
wg-48	Esophageal Cancer	health_risk	Disease Risk (Sensitive)	medical_sensitive_review	C	complex_disease_risk	5	Classified as medical/sensitive (medical_module: complex_disease_risk). Original tier C.	no	yes	yes
wg-2184	FG Syndrome	genetic_disease	Disease Risk (Sensitive)	medical_sensitive_review	C	complex_disease_risk	2	Classified as medical/sensitive (medical_module: complex_disease_risk). Original tier C.	no	yes	yes
wg-2182	Fabry Disease	genetic_disease	Disease Risk (Sensitive)	medical_sensitive_review	C	complex_disease_risk	4	Classified as medical/sensitive (medical_module: complex_disease_risk). Original tier C.	no	yes	yes
wg-2059	Factor V Deficiency	genetic_disease	Disease Risk (Sensitive)	medical_sensitive_review	C	nutrition_deficiency_or_metabolism	1	Classified as medical/sensitive (medical_module: nutrition_deficiency_or_metabolism). Original tier C.	no	yes	yes
wg-2060	Factor VII Deficiency	genetic_disease	Disease Risk (Sensitive)	medical_sensitive_review	C	nutrition_deficiency_or_metabolism	1	Classified as medical/sensitive (medical_module: nutrition_deficiency_or_metabolism). Original tier C.	no	yes	yes
wg-2061	Factor XI Deficiency	genetic_disease	Disease Risk (Sensitive)	medical_sensitive_review	C	nutrition_deficiency_or_metabolism	3	Classified as medical/sensitive (medical_module: nutrition_deficiency_or_metabolism). Original tier C.	no	yes	yes
wg-2028	Familial Amyotrophic Lateral Sclerosis (FALS)	genetic_disease	Disease Risk (Sensitive)	medical_sensitive_review	C	complex_disease_risk	4	Classified as medical/sensitive (medical_module: complex_disease_risk). Original tier C.	no	yes	yes
wg-1745	Familial Atrial Fibrillation	genetic_disease	Disease Risk (Sensitive)	medical_sensitive_review	C	complex_disease_risk	3	Classified as medical/sensitive (medical_module: complex_disease_risk). Original tier C.	no	yes	yes
wg-2026	Familial Cold Autoinflammatory Syndrome (FCAS)	genetic_disease	Disease Risk (Sensitive)	medical_sensitive_review	C	complex_disease_risk	3	Classified as medical/sensitive (medical_module: complex_disease_risk). Original tier C.	no	yes	yes
wg-2030	Familial Dysautonomia (FD)	genetic_disease	Disease Risk (Sensitive)	medical_sensitive_review	C	complex_disease_risk	1	Classified as medical/sensitive (medical_module: complex_disease_risk). Original tier C.	no	yes	yes
wg-2029	Familial Exudative Vitreoretinopathy (FEVR)	genetic_disease	Disease Risk (Sensitive)	medical_sensitive_review	C	complex_disease_risk	1	Classified as medical/sensitive (medical_module: complex_disease_risk). Original tier C.	no	yes	yes
wg-186	Familial Hypercholesterolemia Type B	genetic_disease	Disease Risk (Sensitive)	medical_sensitive_review	C	complex_disease_risk	3	Classified as medical/sensitive (medical_module: complex_disease_risk). Original tier C.	no	yes	yes
wg-2024	Familial Partial Lipodystrophy (FPL)	genetic_disease	Disease Risk (Sensitive)	medical_sensitive_review	C	complex_disease_risk	2	Classified as medical/sensitive (medical_module: complex_disease_risk). Original tier C.	no	yes	yes
wg-1732	Familial Thoracic Aortic Aneurysm	genetic_disease	Disease Risk (Sensitive)	medical_sensitive_review	C	complex_disease_risk	2	Classified as medical/sensitive (medical_module: complex_disease_risk). Original tier C.	no	yes	yes
wg-2027	Familial erythrocytosis	genetic_disease	Disease Risk (Sensitive)	medical_sensitive_review	C	complex_disease_risk	4	Classified as medical/sensitive (medical_module: complex_disease_risk). Original tier C.	no	yes	yes
wg-17	Fasting Plasma Glucose Levels	genetic_characteristics	Other/Unclassified	medical_sensitive_review	C	complex_disease_risk	1	Classified as medical/sensitive (medical_module: complex_disease_risk). QC downgraded from Tier A to Tier C.	no	yes	yes
wg-2135	Fish-Eye Disease (FED)	genetic_disease	Disease Risk (Sensitive)	medical_sensitive_review	C	complex_disease_risk	1	Classified as medical/sensitive (medical_module: complex_disease_risk). Original tier C.	no	yes	yes
wg-2185	Floating-Harbor Syndrome (FHS)	genetic_disease	Disease Risk (Sensitive)	medical_sensitive_review	C	complex_disease_risk	3	Classified as medical/sensitive (medical_module: complex_disease_risk). Original tier C.	no	yes	yes
wg-2043	Focal Segmental Glomerulosclerosis (FSGS)	genetic_disease	Disease Risk (Sensitive)	medical_sensitive_review	C	complex_disease_risk	3	Classified as medical/sensitive (medical_module: complex_disease_risk). Original tier C.	no	yes	yes
wg-225	Folate Nutritional Requirement	nutrition_metabolism	Nutrition & Metabolism	medical_sensitive_review	C	nutrition_deficiency_or_metabolism	3	Classified as medical/sensitive (medical_module: nutrition_deficiency_or_metabolism). QC downgraded from Tier A to Tier C.	no	yes	yes
wg-73	Follicular Lymphoma	health_risk	Disease Risk (Sensitive)	medical_sensitive_review	C	complex_disease_risk	6	Classified as medical/sensitive (medical_module: complex_disease_risk). Original tier C.	no	yes	yes
wg-2301	Frailty Tendency	genetic_tendency	Other/Unclassified	medical_sensitive_review	C	complex_disease_risk	6	Classified as medical/sensitive (medical_module: complex_disease_risk). QC downgraded from Tier A to Tier C.	no	yes	yes
wg-1998	Frontometaphyseal Dysplasia (FMD)	genetic_disease	Disease Risk (Sensitive)	medical_sensitive_review	C	complex_disease_risk	3	Classified as medical/sensitive (medical_module: complex_disease_risk). Original tier C.	no	yes	yes
wg-2121	Fucosidosis	genetic_disease	Disease Risk (Sensitive)	medical_sensitive_review	C	complex_disease_risk	1	Classified as medical/sensitive (medical_module: complex_disease_risk). Original tier C.	no	yes	yes
wg-2122	Fundus Albipunctatus (FA)	genetic_disease	Disease Risk (Sensitive)	medical_sensitive_review	C	complex_disease_risk	2	Classified as medical/sensitive (medical_module: complex_disease_risk). Original tier C.	no	yes	yes
wg-2065	GLUT1 Deficiency Syndrome	genetic_disease	Disease Risk (Sensitive)	medical_sensitive_review	C	nutrition_deficiency_or_metabolism	3	Classified as medical/sensitive (medical_module: nutrition_deficiency_or_metabolism). Original tier C.	no	yes	yes
wg-1977	Galactosemia (GALAC)	genetic_disease	Disease Risk (Sensitive)	medical_sensitive_review	C	carrier_or_monogenic	4	Classified as medical/sensitive (medical_module: carrier_or_monogenic). Original tier C.	no	yes	yes
wg-1976	Galactosialidosis (GSL)	genetic_disease	Disease Risk (Sensitive)	medical_sensitive_review	C	complex_disease_risk	2	Classified as medical/sensitive (medical_module: complex_disease_risk). Original tier C.	no	yes	yes
wg-2266	Gases and Fumes	exposure_risk	Disease Risk (Sensitive)	medical_sensitive_review	C	complex_disease_risk	2	Classified as medical/sensitive (medical_module: complex_disease_risk). Original tier C.	no	yes	yes
wg-1957	Gastroesophageal reflux disease	health_risk	Disease Risk (Sensitive)	medical_sensitive_review	C	complex_disease_risk	7	Classified as medical/sensitive (medical_module: complex_disease_risk). Original tier C.	no	yes	yes
wg-2186	Gaucher Disease (GD)	genetic_disease	Disease Risk (Sensitive)	medical_sensitive_review	C	complex_disease_risk	4	Classified as medical/sensitive (medical_module: complex_disease_risk). Original tier C.	no	yes	yes
wg-2187	Geleophysic Dysplasia	genetic_disease	Disease Risk (Sensitive)	medical_sensitive_review	C	complex_disease_risk	3	Classified as medical/sensitive (medical_module: complex_disease_risk). Original tier C.	no	yes	yes
wg-2044	Giant Axonal Neuropathy (GAN)	genetic_disease	Disease Risk (Sensitive)	medical_sensitive_review	C	complex_disease_risk	1	Classified as medical/sensitive (medical_module: complex_disease_risk). Original tier C.	no	yes	yes
wg-1547	Gingivitis	health_risk	Disease Risk (Sensitive)	medical_sensitive_review	C	complex_disease_risk	3	Classified as medical/sensitive (medical_module: complex_disease_risk). Original tier C.	no	yes	yes
wg-190	Glucose-6-Phosphate Dehydrogenase Deficiency (G6PD)	genetic_disease	Disease Risk (Sensitive)	medical_sensitive_review	C	nutrition_deficiency_or_metabolism	5	Classified as medical/sensitive (medical_module: nutrition_deficiency_or_metabolism). Original tier C.	no	yes	yes
wg-2096	Glutaric Acidemia (GA)	genetic_disease	Disease Risk (Sensitive)	medical_sensitive_review	C	complex_disease_risk	4	Classified as medical/sensitive (medical_module: complex_disease_risk). Original tier C.	no	yes	yes
wg-1532	Glutaric Aciduria Type 1 (GA1)	genetic_disease	Disease Risk (Sensitive)	medical_sensitive_review	C	complex_disease_risk	3	Classified as medical/sensitive (medical_module: complex_disease_risk). Original tier C.	no	yes	yes
wg-2085	Glycogen Storage Disease (GSD)	genetic_disease	Disease Risk (Sensitive)	medical_sensitive_review	C	carrier_or_monogenic	5	Classified as medical/sensitive (medical_module: carrier_or_monogenic). Original tier C.	no	yes	yes
wg-2188	Griscelli Syndrome (GS)	genetic_disease	Disease Risk (Sensitive)	medical_sensitive_review	C	complex_disease_risk	1	Classified as medical/sensitive (medical_module: complex_disease_risk). Original tier C.	no	yes	yes
wg-1971	H. pylori Infection	infection_risk	Disease Risk (Sensitive)	medical_sensitive_review	C	complex_disease_risk	4	Classified as medical/sensitive (medical_module: complex_disease_risk). Original tier C.	no	yes	yes
wg-1966	HIV Infection	infection_risk	Disease Risk (Sensitive)	medical_sensitive_review	C	complex_disease_risk	4	Classified as medical/sensitive (medical_module: complex_disease_risk). Original tier C.	no	yes	yes
wg-1753	Haemophilia A	genetic_disease	Disease Risk (Sensitive)	medical_sensitive_review	C	complex_disease_risk	1	Classified as medical/sensitive (medical_module: complex_disease_risk). Original tier C.	no	yes	yes
wg-1754	Haemophilia B	genetic_disease	Disease Risk (Sensitive)	medical_sensitive_review	C	complex_disease_risk	1	Classified as medical/sensitive (medical_module: complex_disease_risk). Original tier C.	no	yes	yes
wg-1936	Haemorrhoids	health_risk	Disease Risk (Sensitive)	medical_sensitive_review	C	complex_disease_risk	7	Classified as medical/sensitive (medical_module: complex_disease_risk). Original tier C.	no	yes	yes
wg-2119	Hemochromatosis	genetic_disease	Disease Risk (Sensitive)	medical_sensitive_review	C	complex_disease_risk	2	Classified as medical/sensitive (medical_module: complex_disease_risk). Original tier C.	no	yes	yes
wg-2260	Hen's Eggs	exposure_risk	Disease Risk (Sensitive)	medical_sensitive_review	C	complex_disease_risk	3	Classified as medical/sensitive (medical_module: complex_disease_risk). Original tier C.	no	yes	yes
wg-2189	Hennekam Lymphangiectasia-Lymphedema Syndrome (HKLLS)	genetic_disease	Disease Risk (Sensitive)	medical_sensitive_review	C	complex_disease_risk	1	Classified as medical/sensitive (medical_module: complex_disease_risk). Original tier C.	no	yes	yes
wg-1959	Hepatitis Virus Infection	infection_risk	Disease Risk (Sensitive)	medical_sensitive_review	C	complex_disease_risk	6	Classified as medical/sensitive (medical_module: complex_disease_risk). Original tier C.	no	yes	yes
wg-2127	Hereditary Desmoid Disease (HDD)	genetic_disease	Disease Risk (Sensitive)	medical_sensitive_review	C	complex_disease_risk	4	Classified as medical/sensitive (medical_module: complex_disease_risk). Original tier C.	no	yes	yes
wg-195	Hereditary Fructose Intolerance	genetic_disease	Disease Risk (Sensitive)	medical_sensitive_review	C	pharmacogenomics	3	Classified as medical/sensitive (medical_module: pharmacogenomics). Original tier C.	no	yes	yes
wg-2128	Hereditary Motor and Sensory Neuropathy (HMSN)	genetic_disease	Disease Risk (Sensitive)	medical_sensitive_review	C	complex_disease_risk	1	Classified as medical/sensitive (medical_module: complex_disease_risk). Original tier C.	no	yes	yes
wg-2126	Hereditary Pancreatitis (HP)	genetic_disease	Disease Risk (Sensitive)	medical_sensitive_review	C	complex_disease_risk	5	Classified as medical/sensitive (medical_module: complex_disease_risk). Original tier C.	no	yes	yes
wg-2125	Hereditary Sensory and Autonomic Neuropathy (HSAN)	genetic_disease	Disease Risk (Sensitive)	medical_sensitive_review	C	complex_disease_risk	1	Classified as medical/sensitive (medical_module: complex_disease_risk). Original tier C.	no	yes	yes
wg-2190	Hermansky-Pudlak Syndrome (HPS)	genetic_disease	Disease Risk (Sensitive)	medical_sensitive_review	C	complex_disease_risk	2	Classified as medical/sensitive (medical_module: complex_disease_risk). Original tier C.	no	yes	yes
wg-2069	Holocarboxylase Synthetase Deficiency (HCSD)	genetic_disease	Disease Risk (Sensitive)	medical_sensitive_review	C	nutrition_deficiency_or_metabolism	3	Classified as medical/sensitive (medical_module: nutrition_deficiency_or_metabolism). Original tier C.	no	yes	yes
wg-2066	Holoprosencephaly (HPE)	genetic_disease	Disease Risk (Sensitive)	medical_sensitive_review	C	complex_disease_risk	4	Classified as medical/sensitive (medical_module: complex_disease_risk). Original tier C.	no	yes	yes
wg-2005	Homocystinuria (HCU)	genetic_disease	Disease Risk (Sensitive)	medical_sensitive_review	C	carrier_or_monogenic	5	Classified as medical/sensitive (medical_module: carrier_or_monogenic). Original tier C.	no	yes	yes
wg-2191	Hutchinson-Gilford Progeria Syndrom (HGPS)	genetic_disease	Disease Risk (Sensitive)	medical_sensitive_review	C	complex_disease_risk	1	Classified as medical/sensitive (medical_module: complex_disease_risk). Original tier C.	no	yes	yes
wg-2054	Hydrocephalus Syndrome	genetic_disease	Disease Risk (Sensitive)	medical_sensitive_review	C	complex_disease_risk	3	Classified as medical/sensitive (medical_module: complex_disease_risk). Original tier C.	no	yes	yes
wg-2008	Hyperinsulinemic Hypoglycemia (HH)	genetic_disease	Disease Risk (Sensitive)	medical_sensitive_review	C	complex_disease_risk	3	Classified as medical/sensitive (medical_module: complex_disease_risk). Original tier C.	no	yes	yes
wg-2007	Hyperornithinemia-Hyperammonemia-Homocitrullinuria Syndrome (HHH)	genetic_disease	Disease Risk (Sensitive)	medical_sensitive_review	C	complex_disease_risk	4	Classified as medical/sensitive (medical_module: complex_disease_risk). Original tier C.	no	yes	yes
wg-2006	Hyperphosphatasia with Intellectual Disability Syndrome	genetic_disease	Disease Risk (Sensitive)	medical_sensitive_review	C	complex_disease_risk	2	Classified as medical/sensitive (medical_module: complex_disease_risk). Original tier C.	no	yes	yes
wg-2415	Hyperthyroidism	health_risk	Disease Risk (Sensitive)	medical_sensitive_review	C	complex_disease_risk	8	Classified as medical/sensitive (medical_module: complex_disease_risk). Original tier C.	no	yes	yes
wg-134	Hypertriglyceridemia	health_risk	Disease Risk (Sensitive)	medical_sensitive_review	C	complex_disease_risk	5	Classified as medical/sensitive (medical_module: complex_disease_risk). Original tier C.	no	yes	yes
wg-196	Hypertrophic Cardiomyopathy	genetic_disease	Disease Risk (Sensitive)	medical_sensitive_review	C	complex_disease_risk	3	Classified as medical/sensitive (medical_module: complex_disease_risk). Original tier C.	no	yes	yes
wg-2025	Hypobetalipoproteinemia (HBL)	genetic_disease	Disease Risk (Sensitive)	medical_sensitive_review	C	complex_disease_risk	6	Classified as medical/sensitive (medical_module: complex_disease_risk). Original tier C.	no	yes	yes
wg-2070	Hypochondroplasia	genetic_disease	Disease Risk (Sensitive)	medical_sensitive_review	C	complex_disease_risk	1	Classified as medical/sensitive (medical_module: complex_disease_risk). Original tier C.	no	yes	yes
wg-1990	Hypokalemic Periodic Paralysis (HKOPP)	genetic_disease	Disease Risk (Sensitive)	medical_sensitive_review	C	complex_disease_risk	5	Classified as medical/sensitive (medical_module: complex_disease_risk). Original tier C.	no	yes	yes
wg-2084	Hypomyelination and Congenital Cataract (HCC)	genetic_disease	Disease Risk (Sensitive)	medical_sensitive_review	C	reproductive_genetics	1	Classified as medical/sensitive (medical_module: reproductive_genetics). Original tier C.	no	yes	yes
wg-1992	Hypophosphatasia (HPP)	genetic_disease	Disease Risk (Sensitive)	medical_sensitive_review	C	complex_disease_risk	3	Classified as medical/sensitive (medical_module: complex_disease_risk). Original tier C.	no	yes	yes
wg-1991	Hypophosphatemic Rickets (HR)	genetic_disease	Disease Risk (Sensitive)	medical_sensitive_review	C	complex_disease_risk	3	Classified as medical/sensitive (medical_module: complex_disease_risk). Original tier C.	no	yes	yes
wg-81	Idiopathic Pulmonary Fibrosis (IPF)	health_risk	Disease Risk (Sensitive)	medical_sensitive_review	C	complex_disease_risk	7	Classified as medical/sensitive (medical_module: complex_disease_risk). Original tier C.	no	yes	yes
wg-2052	Immunodeficiency	genetic_disease	Disease Risk (Sensitive)	medical_sensitive_review	C	nutrition_deficiency_or_metabolism	4	Classified as medical/sensitive (medical_module: nutrition_deficiency_or_metabolism). Original tier C.	no	yes	yes
wg-2073	Incontinentia Pigmenti (IP)	genetic_disease	Disease Risk (Sensitive)	medical_sensitive_review	C	complex_disease_risk	1	Classified as medical/sensitive (medical_module: complex_disease_risk). Original tier C.	no	yes	yes
wg-2132	Infantile Cerebellar-Retinal Degeneration (ICRD)	genetic_disease	Disease Risk (Sensitive)	medical_sensitive_review	C	complex_disease_risk	1	Classified as medical/sensitive (medical_module: complex_disease_risk). Original tier C.	no	yes	yes
wg-1974	Insomnia	health_risk	Disease Risk (Sensitive)	medical_sensitive_review	C	complex_disease_risk	9	Classified as medical/sensitive (medical_module: complex_disease_risk). Original tier C.	no	yes	yes
wg-2147	Intellectual Disability-Hypotonic Facies Syndrome	genetic_disease	Disease Risk (Sensitive)	medical_sensitive_review	C	complex_disease_risk	2	Classified as medical/sensitive (medical_module: complex_disease_risk). Original tier C.	no	yes	yes
wg-251	Iron Nutritional Requirement	nutrition_metabolism	Nutrition & Metabolism	medical_sensitive_review	C	nutrition_deficiency_or_metabolism	4	Classified as medical/sensitive (medical_module: nutrition_deficiency_or_metabolism). QC downgraded from Tier A to Tier C.	no	yes	yes
wg-2086	Isolated Growth Hormone Deficiency (IGHD)	genetic_disease	Disease Risk (Sensitive)	medical_sensitive_review	C	nutrition_deficiency_or_metabolism	3	Classified as medical/sensitive (medical_module: nutrition_deficiency_or_metabolism). Original tier C.	no	yes	yes
wg-2130	Isovaleric Acidemia (IVA)	genetic_disease	Disease Risk (Sensitive)	medical_sensitive_review	C	complex_disease_risk	1	Classified as medical/sensitive (medical_module: complex_disease_risk). Original tier C.	no	yes	yes
wg-1583	Jervell-Lange-Nielsen Syndrome	genetic_disease	Disease Risk (Sensitive)	medical_sensitive_review	C	complex_disease_risk	1	Classified as medical/sensitive (medical_module: complex_disease_risk). Original tier C.	no	yes	yes
wg-2192	Johanson-Blizzard Syndrome (JBS)	genetic_disease	Disease Risk (Sensitive)	medical_sensitive_review	C	complex_disease_risk	1	Classified as medical/sensitive (medical_module: complex_disease_risk). Original tier C.	no	yes	yes
wg-2193	Joubert Syndrome (JS)	genetic_disease	Disease Risk (Sensitive)	medical_sensitive_review	C	complex_disease_risk	5	Classified as medical/sensitive (medical_module: complex_disease_risk). Original tier C.	no	yes	yes
wg-2134	Juvenile Polyposis Syndrome (JPS)	genetic_disease	Disease Risk (Sensitive)	medical_sensitive_review	C	complex_disease_risk	6	Classified as medical/sensitive (medical_module: complex_disease_risk). Original tier C.	no	yes	yes
wg-2194	KBG Syndrome	genetic_disease	Disease Risk (Sensitive)	medical_sensitive_review	C	complex_disease_risk	3	Classified as medical/sensitive (medical_module: complex_disease_risk). Original tier C.	no	yes	yes
wg-2009	Kabuki Syndrome (KS)	genetic_disease	Disease Risk (Sensitive)	medical_sensitive_review	C	complex_disease_risk	5	Classified as medical/sensitive (medical_module: complex_disease_risk). Original tier C.	no	yes	yes
wg-1747	Kawasaki Disease	health_risk	Disease Risk (Sensitive)	medical_sensitive_review	C	complex_disease_risk	6	Classified as medical/sensitive (medical_module: complex_disease_risk). Original tier C.	no	yes	yes
wg-2195	Kenny-Caffey Syndrome (KCS)	genetic_disease	Disease Risk (Sensitive)	medical_sensitive_review	C	complex_disease_risk	1	Classified as medical/sensitive (medical_module: complex_disease_risk). Original tier C.	no	yes	yes
wg-2196	Kniest Dysplasia	genetic_disease	Disease Risk (Sensitive)	medical_sensitive_review	C	complex_disease_risk	1	Classified as medical/sensitive (medical_module: complex_disease_risk). Original tier C.	no	yes	yes
wg-2197	L1 Syndrome	genetic_disease	Disease Risk (Sensitive)	medical_sensitive_review	C	complex_disease_risk	2	Classified as medical/sensitive (medical_module: complex_disease_risk). Original tier C.	no	yes	yes
wg-5	Lactose Metabolism	nutrition_metabolism	Nutrition & Metabolism	medical_sensitive_review	C	pharmacogenomics	2	Classified as medical/sensitive (medical_module: pharmacogenomics). QC downgraded from Tier A to Tier C.	no	yes	yes
wg-1576	Large Vestibular Aqueduct Syndrome	genetic_disease	Disease Risk (Sensitive)	medical_sensitive_review	C	complex_disease_risk	4	Classified as medical/sensitive (medical_module: complex_disease_risk). Original tier C.	no	yes	yes
wg-38	Late-Onset Alzheimer's Disease	health_risk	Disease Risk (Sensitive)	medical_sensitive_review	C	complex_disease_risk	7	Classified as medical/sensitive (medical_module: complex_disease_risk). Original tier C.	no	yes	yes
wg-2198	Leber Congenital Amaurosis (LCA)	genetic_disease	Disease Risk (Sensitive)	medical_sensitive_review	C	reproductive_genetics	6	Classified as medical/sensitive (medical_module: reproductive_genetics). Original tier C.	no	yes	yes
wg-1740	Left Ventricular Noncompaction	genetic_disease	Disease Risk (Sensitive)	medical_sensitive_review	C	complex_disease_risk	2	Classified as medical/sensitive (medical_module: complex_disease_risk). Original tier C.	no	yes	yes
wg-2199	Leigh Syndrome	genetic_disease	Disease Risk (Sensitive)	medical_sensitive_review	C	complex_disease_risk	5	Classified as medical/sensitive (medical_module: complex_disease_risk). Original tier C.	no	yes	yes
wg-2200	Lesch-Nyhan Syndrome (LNS)	genetic_disease	Disease Risk (Sensitive)	medical_sensitive_review	C	complex_disease_risk	3	Classified as medical/sensitive (medical_module: complex_disease_risk). Original tier C.	no	yes	yes
wg-2146	Lethal Congenital Contracture Syndrome (LCCS)	genetic_disease	Disease Risk (Sensitive)	medical_sensitive_review	C	reproductive_genetics	3	Classified as medical/sensitive (medical_module: reproductive_genetics). Original tier C.	no	yes	yes
wg-2047	Leucine-Induced Hypoglycemia (LIH)	genetic_disease	Disease Risk (Sensitive)	medical_sensitive_review	C	complex_disease_risk	3	Classified as medical/sensitive (medical_module: complex_disease_risk). Original tier C.	no	yes	yes
wg-2140	Limb-Girdle Muscular Dystrophy (LGMD)	genetic_disease	Disease Risk (Sensitive)	medical_sensitive_review	C	complex_disease_risk	3	Classified as medical/sensitive (medical_module: complex_disease_risk). Original tier C.	no	yes	yes
wg-2064	Lissencephaly	genetic_disease	Disease Risk (Sensitive)	medical_sensitive_review	C	complex_disease_risk	4	Classified as medical/sensitive (medical_module: complex_disease_risk). Original tier C.	no	yes	yes
wg-1727	Loeys Dietz Syndrome	genetic_disease	Disease Risk (Sensitive)	medical_sensitive_review	C	complex_disease_risk	3	Classified as medical/sensitive (medical_module: complex_disease_risk). Original tier C.	no	yes	yes
wg-2302	Long Lifespan Tendency	genetic_tendency	Other/Unclassified	medical_sensitive_review	C	complex_disease_risk	6	Classified as medical/sensitive (medical_module: complex_disease_risk). QC downgraded from Tier A to Tier C.	no	yes	yes
wg-1738	Long QT Syndrome (LQTS)	genetic_disease	Disease Risk (Sensitive)	medical_sensitive_review	C	complex_disease_risk	2	Classified as medical/sensitive (medical_module: complex_disease_risk). Original tier C.	no	yes	yes
wg-2201	Lowe Syndrome	genetic_disease	Disease Risk (Sensitive)	medical_sensitive_review	C	complex_disease_risk	2	Classified as medical/sensitive (medical_module: complex_disease_risk). Original tier C.	no	yes	yes
wg-2153	Lymphoproliferative Syndrome	genetic_disease	Disease Risk (Sensitive)	medical_sensitive_review	C	complex_disease_risk	1	Classified as medical/sensitive (medical_module: complex_disease_risk). Original tier C.	no	yes	yes
wg-1961	M. leprae Infection	infection_risk	Disease Risk (Sensitive)	medical_sensitive_review	C	complex_disease_risk	7	Classified as medical/sensitive (medical_module: complex_disease_risk). Original tier C.	no	yes	yes
wg-1960	M. tuberculosis Infection	infection_risk	Disease Risk (Sensitive)	medical_sensitive_review	C	complex_disease_risk	4	Classified as medical/sensitive (medical_module: complex_disease_risk). Original tier C.	no	yes	yes
wg-1707	Magnesium Nutritional Requirement	nutrition_metabolism	Nutrition & Metabolism	medical_sensitive_review	C	nutrition_deficiency_or_metabolism	3	Classified as medical/sensitive (medical_module: nutrition_deficiency_or_metabolism). QC downgraded from Tier A to Tier C.	no	yes	yes
wg-1585	Male Baldness	health_risk	Disease Risk (Sensitive)	medical_sensitive_review	C	complex_disease_risk	8	Classified as medical/sensitive (medical_module: complex_disease_risk). Original tier C.	no	yes	yes
wg-113	Male Breast Cancer	health_risk	Disease Risk (Sensitive)	medical_sensitive_review	C	complex_disease_risk	2	Classified as medical/sensitive (medical_module: complex_disease_risk). Original tier C.	no	yes	yes
wg-1968	Male HPV Infection	infection_risk	Disease Risk (Sensitive)	medical_sensitive_review	C	complex_disease_risk	3	Classified as medical/sensitive (medical_module: complex_disease_risk). Original tier C.	no	yes	yes
wg-61	Male Infertility	health_risk	Disease Risk (Sensitive)	medical_sensitive_review	C	reproductive_genetics	5	Classified as medical/sensitive (medical_module: reproductive_genetics). Original tier C.	no	yes	yes
wg-1551	Mandibular Protrusion	health_risk	Disease Risk (Sensitive)	medical_sensitive_review	C	complex_disease_risk	3	Classified as medical/sensitive (medical_module: complex_disease_risk). Original tier C.	no	yes	yes
wg-2097	Mandibuloacral Dysplasia with Type A Lipodystrophy (MADA)	genetic_disease	Disease Risk (Sensitive)	medical_sensitive_review	C	complex_disease_risk	6	Classified as medical/sensitive (medical_module: complex_disease_risk). Original tier C.	no	yes	yes
wg-2001	Maple Syrup Urine Disease (MSUD)	genetic_disease	Disease Risk (Sensitive)	medical_sensitive_review	C	carrier_or_monogenic	5	Classified as medical/sensitive (medical_module: carrier_or_monogenic). Original tier C.	no	yes	yes
wg-2067	Maturity-Onset Diabetes of the Young (MODY)	genetic_disease	Disease Risk (Sensitive)	medical_sensitive_review	C	complex_disease_risk	5	Classified as medical/sensitive (medical_module: complex_disease_risk). Original tier C.	no	yes	yes
wg-2202	Meckel Syndrome (MKS)	genetic_disease	Disease Risk (Sensitive)	medical_sensitive_review	C	complex_disease_risk	5	Classified as medical/sensitive (medical_module: complex_disease_risk). Original tier C.	no	yes	yes
wg-1978	Megalencephalic Leukoencephalopathy with Subcortical Cysts (MLC)	genetic_disease	Disease Risk (Sensitive)	medical_sensitive_review	C	complex_disease_risk	1	Classified as medical/sensitive (medical_module: complex_disease_risk). Original tier C.	no	yes	yes
wg-68	Melanoma	health_risk	Disease Risk (Sensitive)	medical_sensitive_review	C	complex_disease_risk	7	Classified as medical/sensitive (medical_module: complex_disease_risk). Original tier C.	no	yes	yes
wg-62	Meningioma	health_risk	Disease Risk (Sensitive)	medical_sensitive_review	C	complex_disease_risk	5	Classified as medical/sensitive (medical_module: complex_disease_risk). Original tier C.	no	yes	yes
wg-2129	Metachromatic Leukodystrophy (MLD)	genetic_disease	Disease Risk (Sensitive)	medical_sensitive_review	C	complex_disease_risk	3	Classified as medical/sensitive (medical_module: complex_disease_risk). Original tier C.	no	yes	yes
wg-2270	Metal Dust	exposure_risk	Disease Risk (Sensitive)	medical_sensitive_review	C	complex_disease_risk	1	Classified as medical/sensitive (medical_module: complex_disease_risk). Original tier C.	no	yes	yes
wg-2004	Metaphyseal Dysplasia without Hypotrichosis (MDWH)	genetic_disease	Disease Risk (Sensitive)	medical_sensitive_review	C	complex_disease_risk	1	Classified as medical/sensitive (medical_module: complex_disease_risk). Original tier C.	no	yes	yes
wg-2034	Methylmalonic Acidemia	genetic_disease	Disease Risk (Sensitive)	medical_sensitive_review	C	complex_disease_risk	2	Classified as medical/sensitive (medical_module: complex_disease_risk). Original tier C.	no	yes	yes
wg-2035	Methylmalonic Acidemia with Homocystinuria	genetic_disease	Disease Risk (Sensitive)	medical_sensitive_review	C	carrier_or_monogenic	3	Classified as medical/sensitive (medical_module: carrier_or_monogenic). Original tier C.	no	yes	yes
wg-2032	Methylmalonic Aciduria	genetic_disease	Disease Risk (Sensitive)	medical_sensitive_review	C	complex_disease_risk	5	Classified as medical/sensitive (medical_module: complex_disease_risk). Original tier C.	no	yes	yes
wg-2033	Methylmalonic Aciduria and Homocystinuria	genetic_disease	Disease Risk (Sensitive)	medical_sensitive_review	C	carrier_or_monogenic	1	Classified as medical/sensitive (medical_module: carrier_or_monogenic). Original tier C.	no	yes	yes
wg-2036	Mevalonic Aciduria (MA)	genetic_disease	Disease Risk (Sensitive)	medical_sensitive_review	C	complex_disease_risk	4	Classified as medical/sensitive (medical_module: complex_disease_risk). Original tier C.	no	yes	yes
wg-2115	Microcephalic Osteodysplastic Primordial Dwarfism (MOPD)	genetic_disease	Disease Risk (Sensitive)	medical_sensitive_review	C	complex_disease_risk	3	Classified as medical/sensitive (medical_module: complex_disease_risk). Original tier C.	no	yes	yes
wg-2116	Microcephaly-Capillary Malformation Syndrome (MICCAP)	genetic_disease	Disease Risk (Sensitive)	medical_sensitive_review	C	complex_disease_risk	2	Classified as medical/sensitive (medical_module: complex_disease_risk). Original tier C.	no	yes	yes
wg-107	Migraines	health_risk	Disease Risk (Sensitive)	medical_sensitive_review	C	complex_disease_risk	7	Classified as medical/sensitive (medical_module: complex_disease_risk). Original tier C.	no	yes	yes
wg-2268	Mineral Dust	exposure_risk	Disease Risk (Sensitive)	medical_sensitive_review	C	complex_disease_risk	1	Classified as medical/sensitive (medical_module: complex_disease_risk). Original tier C.	no	yes	yes
wg-2114	Mitochondrial Complex II Deficiency (MC2D)	genetic_disease	Disease Risk (Sensitive)	medical_sensitive_review	C	nutrition_deficiency_or_metabolism	3	Classified as medical/sensitive (medical_module: nutrition_deficiency_or_metabolism). Original tier C.	no	yes	yes
wg-2113	Mitochondrial DNA Depletion Syndrome (MDS)	genetic_disease	Disease Risk (Sensitive)	medical_sensitive_review	C	complex_disease_risk	5	Classified as medical/sensitive (medical_module: complex_disease_risk). Original tier C.	no	yes	yes
wg-1580	Mitochondrial Hereditary Non-Syndromic Deafness	genetic_disease	Disease Risk (Sensitive)	medical_sensitive_review	C	complex_disease_risk	2	Classified as medical/sensitive (medical_module: complex_disease_risk). Original tier C.	no	yes	yes
wg-2204	Miyoshi Muscular Dystrophy (MMD)	genetic_disease	Disease Risk (Sensitive)	medical_sensitive_review	C	complex_disease_risk	5	Classified as medical/sensitive (medical_module: complex_disease_risk). Original tier C.	no	yes	yes
wg-1584	Mohr-Tranebjaerg Syndrome	genetic_disease	Disease Risk (Sensitive)	medical_sensitive_review	C	complex_disease_risk	1	Classified as medical/sensitive (medical_module: complex_disease_risk). Original tier C.	no	yes	yes
wg-1548	Mouth Ulcers	health_risk	Disease Risk (Sensitive)	medical_sensitive_review	C	complex_disease_risk	6	Classified as medical/sensitive (medical_module: complex_disease_risk). Original tier C.	no	yes	yes
wg-2057	Mucolipidosis	genetic_disease	Disease Risk (Sensitive)	medical_sensitive_review	C	complex_disease_risk	5	Classified as medical/sensitive (medical_module: complex_disease_risk). Original tier C.	no	yes	yes
wg-2056	Mucopolysaccharidosis (MPS)	genetic_disease	Disease Risk (Sensitive)	medical_sensitive_review	C	complex_disease_risk	5	Classified as medical/sensitive (medical_module: complex_disease_risk). Original tier C.	no	yes	yes
wg-69	Multiple Sclerosis (MS)	health_risk	Disease Risk (Sensitive)	medical_sensitive_review	C	complex_disease_risk	9	Classified as medical/sensitive (medical_module: complex_disease_risk). Original tier C.	no	yes	yes
wg-1994	Multiple Sulfatase Deficiency (MSD)	genetic_disease	Disease Risk (Sensitive)	medical_sensitive_review	C	nutrition_deficiency_or_metabolism	3	Classified as medical/sensitive (medical_module: nutrition_deficiency_or_metabolism). Original tier C.	no	yes	yes
wg-2276	Multisite Chronic Pain	health_risk	Disease Risk (Sensitive)	medical_sensitive_review	C	complex_disease_risk	7	Classified as medical/sensitive (medical_module: complex_disease_risk). Original tier C.	no	yes	yes
wg-1997	Multisystemic Smooth Muscle Dysfunction Syndrome (MSMDS)	genetic_disease	Disease Risk (Sensitive)	medical_sensitive_review	C	complex_disease_risk	2	Classified as medical/sensitive (medical_module: complex_disease_risk). Original tier C.	no	yes	yes
wg-135	Myeloproliferative Neoplasm (MPN)	health_risk	Disease Risk (Sensitive)	medical_sensitive_review	C	complex_disease_risk	5	Classified as medical/sensitive (medical_module: complex_disease_risk). Original tier C.	no	yes	yes
wg-2206	Myhre Syndrome	genetic_disease	Disease Risk (Sensitive)	medical_sensitive_review	C	complex_disease_risk	3	Classified as medical/sensitive (medical_module: complex_disease_risk). Original tier C.	no	yes	yes
wg-2273	Myocardial Infarction (MI)	health_risk	Disease Risk (Sensitive)	medical_sensitive_review	C	complex_disease_risk	8	Classified as medical/sensitive (medical_module: complex_disease_risk). Original tier C.	no	yes	yes
wg-2015	Myofibrillar Myopathy (MFM)	genetic_disease	Disease Risk (Sensitive)	medical_sensitive_review	C	complex_disease_risk	6	Classified as medical/sensitive (medical_module: complex_disease_risk). Original tier C.	no	yes	yes
wg-1766	Myopia	health_risk	Disease Risk (Sensitive)	medical_sensitive_review	C	complex_disease_risk	8	Classified as medical/sensitive (medical_module: complex_disease_risk). Original tier C.	no	yes	yes
wg-2031	Nail-patella Syndrome (NPS)	genetic_disease	Disease Risk (Sensitive)	medical_sensitive_review	C	complex_disease_risk	1	Classified as medical/sensitive (medical_module: complex_disease_risk). Original tier C.	no	yes	yes
wg-2207	Nance-Horan Syndrome (NHS)	genetic_disease	Disease Risk (Sensitive)	medical_sensitive_review	C	complex_disease_risk	1	Classified as medical/sensitive (medical_module: complex_disease_risk). Original tier C.	no	yes	yes
wg-2252	Natural Rubber Latex	exposure_risk	Disease Risk (Sensitive)	medical_sensitive_review	C	complex_disease_risk	1	Classified as medical/sensitive (medical_module: complex_disease_risk). Original tier C.	no	yes	yes
wg-2003	Nemaline Myopathy (NM)	genetic_disease	Disease Risk (Sensitive)	medical_sensitive_review	C	complex_disease_risk	3	Classified as medical/sensitive (medical_module: complex_disease_risk). Original tier C.	no	yes	yes
wg-2078	Nephronophthisis (NPHP)	genetic_disease	Disease Risk (Sensitive)	medical_sensitive_review	C	complex_disease_risk	3	Classified as medical/sensitive (medical_module: complex_disease_risk). Original tier C.	no	yes	yes
wg-2076	Nephropathic Cystinosis	genetic_disease	Disease Risk (Sensitive)	medical_sensitive_review	C	complex_disease_risk	3	Classified as medical/sensitive (medical_module: complex_disease_risk). Original tier C.	no	yes	yes
wg-2208	Neu-Laxova Syndrome (NLS)	genetic_disease	Disease Risk (Sensitive)	medical_sensitive_review	C	complex_disease_risk	1	Classified as medical/sensitive (medical_module: complex_disease_risk). Original tier C.	no	yes	yes
wg-76	Neuroblastoma	health_risk	Disease Risk (Sensitive)	medical_sensitive_review	C	complex_disease_risk	5	Classified as medical/sensitive (medical_module: complex_disease_risk). Original tier C.	no	yes	yes
wg-2074	Neurodegeneration with Brain Iron Accumulation (NBIA)	genetic_disease	Disease Risk (Sensitive)	medical_sensitive_review	C	nutrition_deficiency_or_metabolism	5	Classified as medical/sensitive (medical_module: nutrition_deficiency_or_metabolism). Original tier C.	no	yes	yes
wg-2075	Neuronal Ceroid Lipofuscinosis (NCL)	genetic_disease	Disease Risk (Sensitive)	medical_sensitive_review	C	complex_disease_risk	5	Classified as medical/sensitive (medical_module: complex_disease_risk). Original tier C.	no	yes	yes
wg-2209	Nicolaides-Baraitser Syndrome (NCBRS)	genetic_disease	Disease Risk (Sensitive)	medical_sensitive_review	C	complex_disease_risk	3	Classified as medical/sensitive (medical_module: complex_disease_risk). Original tier C.	no	yes	yes
wg-77	Nicotine Dependence	health_risk	Disease Risk (Sensitive)	medical_sensitive_review	C	pharmacogenomics	7	Classified as medical/sensitive (medical_module: pharmacogenomics). Original tier C.	no	yes	yes
wg-2210	Niemann-Pick Disease (NPD)	genetic_disease	Disease Risk (Sensitive)	medical_sensitive_review	C	complex_disease_risk	5	Classified as medical/sensitive (medical_module: complex_disease_risk). Original tier C.	no	yes	yes
wg-2264	Night Shift	exposure_risk	Disease Risk (Sensitive)	medical_sensitive_review	C	complex_disease_risk	1	Classified as medical/sensitive (medical_module: complex_disease_risk). Original tier C.	no	yes	yes
wg-2254	Noises	exposure_risk	Disease Risk (Sensitive)	medical_sensitive_review	C	complex_disease_risk	1	Classified as medical/sensitive (medical_module: complex_disease_risk). Original tier C.	no	yes	yes
wg-136	Non-Alcoholic Fatty Liver Disease (NAFLD)	health_risk	Disease Risk (Sensitive)	medical_sensitive_review	C	pharmacogenomics	6	Classified as medical/sensitive (medical_module: pharmacogenomics). Original tier C.	no	yes	yes
wg-2272	Non-aromatic Solvents	exposure_risk	Disease Risk (Sensitive)	medical_sensitive_review	C	complex_disease_risk	1	Classified as medical/sensitive (medical_module: complex_disease_risk). Original tier C.	no	yes	yes
wg-1965	Norovirus Infection	infection_risk	Disease Risk (Sensitive)	medical_sensitive_review	C	complex_disease_risk	2	Classified as medical/sensitive (medical_module: complex_disease_risk). Original tier C.	no	yes	yes
wg-2255	Nuts	exposure_risk	Disease Risk (Sensitive)	medical_sensitive_review	C	complex_disease_risk	1	Classified as medical/sensitive (medical_module: complex_disease_risk). Original tier C.	no	yes	yes
wg-2269	Occupational Stress	exposure_risk	Disease Risk (Sensitive)	medical_sensitive_review	C	complex_disease_risk	4	Classified as medical/sensitive (medical_module: complex_disease_risk). Original tier C.	no	yes	yes
wg-2123	Oculocutaneous Albinism (OCA)	genetic_disease	Disease Risk (Sensitive)	medical_sensitive_review	C	complex_disease_risk	5	Classified as medical/sensitive (medical_module: complex_disease_risk). Original tier C.	no	yes	yes
wg-2211	Ogden Syndrome	genetic_disease	Disease Risk (Sensitive)	medical_sensitive_review	C	complex_disease_risk	3	Classified as medical/sensitive (medical_module: complex_disease_risk). Original tier C.	no	yes	yes
wg-1546	Open-Angle Glaucoma	health_risk	Disease Risk (Sensitive)	medical_sensitive_review	C	complex_disease_risk	7	Classified as medical/sensitive (medical_module: complex_disease_risk). Original tier C.	no	yes	yes
wg-2081	Optic Atrophy (OA)	genetic_disease	Disease Risk (Sensitive)	medical_sensitive_review	C	complex_disease_risk	4	Classified as medical/sensitive (medical_module: complex_disease_risk). Original tier C.	no	yes	yes
wg-2058	Ornithine Aminotransferase Deficiency (OAT)	genetic_disease	Disease Risk (Sensitive)	medical_sensitive_review	C	nutrition_deficiency_or_metabolism	3	Classified as medical/sensitive (medical_module: nutrition_deficiency_or_metabolism). Original tier C.	no	yes	yes
wg-116	Osteoarthritis (OA)	health_risk	Disease Risk (Sensitive)	medical_sensitive_review	C	complex_disease_risk	10	Classified as medical/sensitive (medical_module: complex_disease_risk). Original tier C.	no	yes	yes
wg-1986	Osteogenesis Imperfecta (OI)	genetic_disease	Disease Risk (Sensitive)	medical_sensitive_review	C	complex_disease_risk	5	Classified as medical/sensitive (medical_module: complex_disease_risk). Original tier C.	no	yes	yes
wg-2050	Osteoglophonic Dysplasia	genetic_disease	Disease Risk (Sensitive)	medical_sensitive_review	C	complex_disease_risk	1	Classified as medical/sensitive (medical_module: complex_disease_risk). Original tier C.	no	yes	yes
wg-1979	Osteopathia Striata with Cranial Sclerosis (OSCS)	genetic_disease	Disease Risk (Sensitive)	medical_sensitive_review	C	complex_disease_risk	1	Classified as medical/sensitive (medical_module: complex_disease_risk). Original tier C.	no	yes	yes
wg-2011	Osteopetrosis	genetic_disease	Disease Risk (Sensitive)	medical_sensitive_review	C	complex_disease_risk	3	Classified as medical/sensitive (medical_module: complex_disease_risk). Original tier C.	no	yes	yes
wg-1554	Osteoporosis	health_risk	Disease Risk (Sensitive)	medical_sensitive_review	C	complex_disease_risk	8	Classified as medical/sensitive (medical_module: complex_disease_risk). Original tier C.	no	yes	yes
wg-1999	Otospondylomegaepiphyseal Dysplasia (OSMED)	genetic_disease	Disease Risk (Sensitive)	medical_sensitive_review	C	complex_disease_risk	1	Classified as medical/sensitive (medical_module: complex_disease_risk). Original tier C.	no	yes	yes
wg-64	Paget's Disease of Bone	health_risk	Disease Risk (Sensitive)	medical_sensitive_review	C	complex_disease_risk	3	Classified as medical/sensitive (medical_module: complex_disease_risk). Original tier C.	no	yes	yes
wg-2124	Pancreatic Agenesis (PAGEN)	genetic_disease	Disease Risk (Sensitive)	medical_sensitive_review	C	complex_disease_risk	2	Classified as medical/sensitive (medical_module: complex_disease_risk). Original tier C.	no	yes	yes
wg-79	Pancreatic Cancer	health_risk	Disease Risk (Sensitive)	medical_sensitive_review	C	complex_disease_risk	8	Classified as medical/sensitive (medical_module: complex_disease_risk). Original tier C.	no	yes	yes
wg-47	Parkinson's Disease (PD)	health_risk	Disease Risk (Sensitive)	medical_sensitive_review	C	complex_disease_risk	8	Classified as medical/sensitive (medical_module: complex_disease_risk). Original tier C.	no	yes	yes
wg-2257	Peaches	exposure_risk	Disease Risk (Sensitive)	medical_sensitive_review	C	complex_disease_risk	1	Classified as medical/sensitive (medical_module: complex_disease_risk). Original tier C.	no	yes	yes
wg-2259	Peanuts	exposure_risk	Disease Risk (Sensitive)	medical_sensitive_review	C	complex_disease_risk	4	Classified as medical/sensitive (medical_module: complex_disease_risk). Original tier C.	no	yes	yes
wg-2212	Pelizaeus-Merzbacher Disease (PMD)	genetic_disease	Disease Risk (Sensitive)	medical_sensitive_review	C	complex_disease_risk	3	Classified as medical/sensitive (medical_module: complex_disease_risk). Original tier C.	no	yes	yes
wg-1571	Pendred Syndrome	genetic_disease	Disease Risk (Sensitive)	medical_sensitive_review	C	complex_disease_risk	4	Classified as medical/sensitive (medical_module: complex_disease_risk). Original tier C.	no	yes	yes
wg-1549	Periodontitis	health_risk	Disease Risk (Sensitive)	medical_sensitive_review	C	complex_disease_risk	6	Classified as medical/sensitive (medical_module: complex_disease_risk). Original tier C.	no	yes	yes
wg-2133	Permanent Neonatal Diabetes Mellitus (PNDM)	genetic_disease	Disease Risk (Sensitive)	medical_sensitive_review	C	reproductive_genetics	4	Classified as medical/sensitive (medical_module: reproductive_genetics). Original tier C.	no	yes	yes
wg-1581	Peroxisome Biosynthesis Disorder	genetic_disease	Disease Risk (Sensitive)	medical_sensitive_review	C	complex_disease_risk	3	Classified as medical/sensitive (medical_module: complex_disease_risk). Original tier C.	no	yes	yes
wg-2253	Pesticides	exposure_risk	Disease Risk (Sensitive)	medical_sensitive_review	C	complex_disease_risk	2	Classified as medical/sensitive (medical_module: complex_disease_risk). Original tier C.	no	yes	yes
wg-1980	Phenylketonuria (PKU)	genetic_disease	Disease Risk (Sensitive)	medical_sensitive_review	C	carrier_or_monogenic	5	Classified as medical/sensitive (medical_module: carrier_or_monogenic). Original tier C.	no	yes	yes
wg-1760	Pheochromocytoma	genetic_disease	Disease Risk (Sensitive)	medical_sensitive_review	C	complex_disease_risk	2	Classified as medical/sensitive (medical_module: complex_disease_risk). Original tier C.	no	yes	yes
wg-178	Phosphomannomutase 2-Congenital Disorder of Glycosylation (PMM2-CDG)	genetic_disease	Disease Risk (Sensitive)	medical_sensitive_review	C	reproductive_genetics	1	Classified as medical/sensitive (medical_module: reproductive_genetics). Original tier C.	no	yes	yes
wg-1955	Physical Activity x CHD Moderate protective role	lifestyle_guidance	Visible Traits	medical_sensitive_review	C	complex_disease_risk	2	Classified as medical/sensitive (medical_module: complex_disease_risk). QC downgraded from Tier A to Tier C.	no	yes	yes
wg-1954	Physical Activity x Hypertension Slightly strong protective role	lifestyle_guidance	Visible Traits	medical_sensitive_review	C	complex_disease_risk	2	Classified as medical/sensitive (medical_module: complex_disease_risk). QC downgraded from Tier A to Tier C.	no	yes	yes
wg-1953	Physical Activity x T2D Slightly strong protective role	lifestyle_guidance	Visible Traits	medical_sensitive_review	C	complex_disease_risk	4	Classified as medical/sensitive (medical_module: complex_disease_risk). QC downgraded from Tier A to Tier C.	no	yes	yes
wg-1964	Plasmodium Infection	infection_risk	Disease Risk (Sensitive)	medical_sensitive_review	C	complex_disease_risk	4	Classified as medical/sensitive (medical_module: complex_disease_risk). Original tier C.	no	yes	yes
wg-1995	Polycystic Kidney Disease (PKD)	genetic_disease	Disease Risk (Sensitive)	medical_sensitive_review	C	complex_disease_risk	4	Classified as medical/sensitive (medical_module: complex_disease_risk). Original tier C.	no	yes	yes
wg-2055	Pontocerebellar Hypoplasia (PCH)	genetic_disease	Disease Risk (Sensitive)	medical_sensitive_review	C	complex_disease_risk	4	Classified as medical/sensitive (medical_module: complex_disease_risk). Original tier C.	no	yes	yes
wg-2013	Popliteal Pterygium Syndrome (PPS)	genetic_disease	Disease Risk (Sensitive)	medical_sensitive_review	C	complex_disease_risk	2	Classified as medical/sensitive (medical_module: complex_disease_risk). Original tier C.	no	yes	yes
wg-50	Primary Biliary Cholangitis (PBC)	health_risk	Disease Risk (Sensitive)	medical_sensitive_review	C	complex_disease_risk	8	Classified as medical/sensitive (medical_module: complex_disease_risk). Original tier C.	no	yes	yes
wg-2136	Primary Hyperoxaluria (PH)	genetic_disease	Disease Risk (Sensitive)	medical_sensitive_review	C	complex_disease_risk	4	Classified as medical/sensitive (medical_module: complex_disease_risk). Original tier C.	no	yes	yes
wg-1737	Primary Pulmonary Hypertension	genetic_disease	Disease Risk (Sensitive)	medical_sensitive_review	C	complex_disease_risk	2	Classified as medical/sensitive (medical_module: complex_disease_risk). Original tier C.	no	yes	yes
wg-1969	Prion Infection	infection_risk	Disease Risk (Sensitive)	medical_sensitive_review	C	complex_disease_risk	4	Classified as medical/sensitive (medical_module: complex_disease_risk). Original tier C.	no	yes	yes
wg-2263	Processed Meat	exposure_risk	Disease Risk (Sensitive)	medical_sensitive_review	C	complex_disease_risk	1	Classified as medical/sensitive (medical_module: complex_disease_risk). Original tier C.	no	yes	yes
wg-2041	Progressive External Ophthalmoplegia (PEO)	genetic_disease	Disease Risk (Sensitive)	medical_sensitive_review	C	complex_disease_risk	3	Classified as medical/sensitive (medical_module: complex_disease_risk). Original tier C.	no	yes	yes
wg-2040	Progressive Pseudorheumatoid Dysplasia (PPRD)	genetic_disease	Disease Risk (Sensitive)	medical_sensitive_review	C	complex_disease_risk	1	Classified as medical/sensitive (medical_module: complex_disease_risk). Original tier C.	no	yes	yes
wg-1981	Propionic Acidemia (PA)	genetic_disease	Disease Risk (Sensitive)	medical_sensitive_review	C	complex_disease_risk	5	Classified as medical/sensitive (medical_module: complex_disease_risk). Original tier C.	no	yes	yes
wg-40	Prostate Cancer	health_risk	Disease Risk (Sensitive)	medical_sensitive_review	C	complex_disease_risk	7	Classified as medical/sensitive (medical_module: complex_disease_risk). Original tier C.	no	yes	yes
wg-2039	Pseudohypoaldosteronism (PHA)	genetic_disease	Disease Risk (Sensitive)	medical_sensitive_review	C	complex_disease_risk	3	Classified as medical/sensitive (medical_module: complex_disease_risk). Original tier C.	no	yes	yes
wg-2037	Pseudohypoparathyroidism (PHP)	genetic_disease	Disease Risk (Sensitive)	medical_sensitive_review	C	complex_disease_risk	1	Classified as medical/sensitive (medical_module: complex_disease_risk). Original tier C.	no	yes	yes
wg-2038	Pseudopseudohypoparathyroidism (PPHP)	genetic_disease	Disease Risk (Sensitive)	medical_sensitive_review	C	complex_disease_risk	2	Classified as medical/sensitive (medical_module: complex_disease_risk). Original tier C.	no	yes	yes
wg-1758	Pulmonary Lymphangioleiomyomatosis (PLAM)	genetic_disease	Disease Risk (Sensitive)	medical_sensitive_review	C	complex_disease_risk	3	Classified as medical/sensitive (medical_module: complex_disease_risk). Original tier C.	no	yes	yes
wg-1983	Pyruvate Carboxylase Deficiency (PCD)	genetic_disease	Disease Risk (Sensitive)	medical_sensitive_review	C	nutrition_deficiency_or_metabolism	2	Classified as medical/sensitive (medical_module: nutrition_deficiency_or_metabolism). Original tier C.	no	yes	yes
wg-1982	Pyruvate Kinase Deficiency (PKD)	genetic_disease	Disease Risk (Sensitive)	medical_sensitive_review	C	nutrition_deficiency_or_metabolism	1	Classified as medical/sensitive (medical_module: nutrition_deficiency_or_metabolism). Original tier C.	no	yes	yes
wg-2213	Rapadilino Syndrome	genetic_disease	Disease Risk (Sensitive)	medical_sensitive_review	C	complex_disease_risk	1	Classified as medical/sensitive (medical_module: complex_disease_risk). Original tier C.	no	yes	yes
wg-2214	Refsum Disease (RD)	genetic_disease	Disease Risk (Sensitive)	medical_sensitive_review	C	complex_disease_risk	2	Classified as medical/sensitive (medical_module: complex_disease_risk). Original tier C.	no	yes	yes
wg-74	Renal Cancer	health_risk	Disease Risk (Sensitive)	medical_sensitive_review	C	complex_disease_risk	5	Classified as medical/sensitive (medical_module: complex_disease_risk). Original tier C.	no	yes	yes
wg-2079	Renal Carnitine Transport Defect	genetic_disease	Disease Risk (Sensitive)	medical_sensitive_review	C	complex_disease_risk	3	Classified as medical/sensitive (medical_module: complex_disease_risk). Original tier C.	no	yes	yes
wg-2077	Renal-Hepatic-Pancreatic Dysplasia (RHPD)	genetic_disease	Disease Risk (Sensitive)	medical_sensitive_review	C	complex_disease_risk	3	Classified as medical/sensitive (medical_module: complex_disease_risk). Original tier C.	no	yes	yes
wg-2215	Renpenning Syndrome (RENS)	genetic_disease	Disease Risk (Sensitive)	medical_sensitive_review	C	complex_disease_risk	1	Classified as medical/sensitive (medical_module: complex_disease_risk). Original tier C.	no	yes	yes
wg-1561	Resistance to Job Burnout	psychological_traits	Traits & Personality	medical_sensitive_review	C	other_medical_sensitive	3	Classified as medical/sensitive (medical_module: other_medical_sensitive). QC downgraded from Tier A to Tier C.	no	yes	yes
wg-1736	Restrictive Cardiomyopathy	genetic_disease	Disease Risk (Sensitive)	medical_sensitive_review	C	complex_disease_risk	2	Classified as medical/sensitive (medical_module: complex_disease_risk). Original tier C.	no	yes	yes
wg-2082	Retinitis Pigmentosa (RP)	genetic_disease	Disease Risk (Sensitive)	medical_sensitive_review	C	complex_disease_risk	5	Classified as medical/sensitive (medical_module: complex_disease_risk). Original tier C.	no	yes	yes
wg-2216	Rett Syndrome (RTT)	genetic_disease	Disease Risk (Sensitive)	medical_sensitive_review	C	complex_disease_risk	5	Classified as medical/sensitive (medical_module: complex_disease_risk). Original tier C.	no	yes	yes
wg-2217	Revesz Syndrome	genetic_disease	Disease Risk (Sensitive)	medical_sensitive_review	C	complex_disease_risk	1	Classified as medical/sensitive (medical_module: complex_disease_risk). Original tier C.	no	yes	yes
wg-93	Rheumatoid Arthritis (RA)	health_risk	Disease Risk (Sensitive)	medical_sensitive_review	C	complex_disease_risk	8	Classified as medical/sensitive (medical_module: complex_disease_risk). Original tier C.	no	yes	yes
wg-2142	Rhizomelic Chondrodysplasia Punctata (RCDP)	genetic_disease	Disease Risk (Sensitive)	medical_sensitive_review	C	complex_disease_risk	2	Classified as medical/sensitive (medical_module: complex_disease_risk). Original tier C.	no	yes	yes
wg-1558	Risk Tolerance	psychological_traits	Disease Risk (Sensitive)	medical_sensitive_review	C	pharmacogenomics	5	Classified as medical/sensitive (medical_module: pharmacogenomics). Original tier C.	no	yes	yes
wg-2219	Robinow Syndrome	genetic_disease	Disease Risk (Sensitive)	medical_sensitive_review	C	complex_disease_risk	3	Classified as medical/sensitive (medical_module: complex_disease_risk). Original tier C.	no	yes	yes
wg-2220	Rothmund-Thomson Syndrome (RTS)	genetic_disease	Disease Risk (Sensitive)	medical_sensitive_review	C	complex_disease_risk	3	Classified as medical/sensitive (medical_module: complex_disease_risk). Original tier C.	no	yes	yes
wg-2221	Rubinstein-Taybi Syndrome (RSTS)	genetic_disease	Disease Risk (Sensitive)	medical_sensitive_review	C	complex_disease_risk	4	Classified as medical/sensitive (medical_module: complex_disease_risk). Original tier C.	no	yes	yes
wg-2222	Saethre-Chotzen Syndrome (SCS)	genetic_disease	Disease Risk (Sensitive)	medical_sensitive_review	C	complex_disease_risk	3	Classified as medical/sensitive (medical_module: complex_disease_risk). Original tier C.	no	yes	yes
wg-2223	Salla Disease (SD)	genetic_disease	Disease Risk (Sensitive)	medical_sensitive_review	C	complex_disease_risk	3	Classified as medical/sensitive (medical_module: complex_disease_risk). Original tier C.	no	yes	yes
wg-2224	Sandhoff Disease	genetic_disease	Disease Risk (Sensitive)	medical_sensitive_review	C	complex_disease_risk	3	Classified as medical/sensitive (medical_module: complex_disease_risk). Original tier C.	no	yes	yes
wg-119	Scoliosis	health_risk	Disease Risk (Sensitive)	medical_sensitive_review	C	complex_disease_risk	5	Classified as medical/sensitive (medical_module: complex_disease_risk). Original tier C.	no	yes	yes
wg-2225	Seckel Syndrome	genetic_disease	Disease Risk (Sensitive)	medical_sensitive_review	C	complex_disease_risk	3	Classified as medical/sensitive (medical_module: complex_disease_risk). Original tier C.	no	yes	yes
wg-2118	Selective Tooth Agenesis (STA)	genetic_disease	Disease Risk (Sensitive)	medical_sensitive_review	C	complex_disease_risk	2	Classified as medical/sensitive (medical_module: complex_disease_risk). Original tier C.	no	yes	yes
wg-2226	Sengers Syndrome	genetic_disease	Disease Risk (Sensitive)	medical_sensitive_review	C	complex_disease_risk	2	Classified as medical/sensitive (medical_module: complex_disease_risk). Original tier C.	no	yes	yes
wg-2227	Senior-Loken Syndrome (SLSN)	genetic_disease	Disease Risk (Sensitive)	medical_sensitive_review	C	complex_disease_risk	4	Classified as medical/sensitive (medical_module: complex_disease_risk). Original tier C.	no	yes	yes
wg-2150	Severe Combined Immunodeficiency (SCID)	genetic_disease	Disease Risk (Sensitive)	medical_sensitive_review	C	nutrition_deficiency_or_metabolism	3	Classified as medical/sensitive (medical_module: nutrition_deficiency_or_metabolism). Original tier C.	no	yes	yes
wg-1730	Short QT Syndrome (SQTS)	genetic_disease	Disease Risk (Sensitive)	medical_sensitive_review	C	complex_disease_risk	1	Classified as medical/sensitive (medical_module: complex_disease_risk). Original tier C.	no	yes	yes
wg-2251	Shrimps	exposure_risk	Disease Risk (Sensitive)	medical_sensitive_review	C	complex_disease_risk	4	Classified as medical/sensitive (medical_module: complex_disease_risk). Original tier C.	no	yes	yes
wg-2228	Shwachman-Diamond Syndrome (SDS)	genetic_disease	Disease Risk (Sensitive)	medical_sensitive_review	C	complex_disease_risk	1	Classified as medical/sensitive (medical_module: complex_disease_risk). Original tier C.	no	yes	yes
wg-2112	Sialidosis	genetic_disease	Disease Risk (Sensitive)	medical_sensitive_review	C	complex_disease_risk	3	Classified as medical/sensitive (medical_module: complex_disease_risk). Original tier C.	no	yes	yes
wg-1729	Sick Sinus Syndrome	genetic_disease	Disease Risk (Sensitive)	medical_sensitive_review	C	complex_disease_risk	3	Classified as medical/sensitive (medical_module: complex_disease_risk). Original tier C.	no	yes	yes
wg-2088	Sideroblastic Anemia (SA)	genetic_disease	Disease Risk (Sensitive)	medical_sensitive_review	C	complex_disease_risk	1	Classified as medical/sensitive (medical_module: complex_disease_risk). Original tier C.	no	yes	yes
wg-2143	Sitosterolemia	genetic_disease	Disease Risk (Sensitive)	medical_sensitive_review	C	complex_disease_risk	3	Classified as medical/sensitive (medical_module: complex_disease_risk). Original tier C.	no	yes	yes
wg-1526	Skin Moisturizing Ability	skin_characteristics	Skin & Appearance	medical_sensitive_review	C	dermatology_or_cosmetic_medical	4	Classified as medical/sensitive (medical_module: dermatology_or_cosmetic_medical). QC downgraded from Tier A to Tier C.	no	yes	yes
wg-1566	Skin Oil Control Ability	skin_characteristics	Skin & Appearance	medical_sensitive_review	C	dermatology_or_cosmetic_medical	3	Classified as medical/sensitive (medical_module: dermatology_or_cosmetic_medical). QC downgraded from Tier A to Tier C.	no	yes	yes
wg-2062	Skin/Hair/Eye Pigmentation (SHEP)	genetic_disease	Disease Risk (Sensitive)	medical_sensitive_review	C	dermatology_or_cosmetic_medical	3	Classified as medical/sensitive (medical_module: dermatology_or_cosmetic_medical). Original tier C.	no	yes	yes
wg-2229	Smith-Lemli-Opitz Syndrome (SLOS)	genetic_disease	Disease Risk (Sensitive)	medical_sensitive_review	C	complex_disease_risk	3	Classified as medical/sensitive (medical_module: complex_disease_risk). Original tier C.	no	yes	yes
wg-2230	Smith-McCort Dysplasia (SMC)	genetic_disease	Disease Risk (Sensitive)	medical_sensitive_review	C	complex_disease_risk	1	Classified as medical/sensitive (medical_module: complex_disease_risk). Original tier C.	no	yes	yes
wg-12	Smoking Behaviors	genetic_characteristics	Substance Response (Sensitive)	medical_sensitive_review	C	pharmacogenomics	1	Classified as medical/sensitive (medical_module: pharmacogenomics). Original tier C.	no	yes	yes
wg-1949	Smoking x Bladder Cancer	lifestyle_guidance	Substance Response (Sensitive)	medical_sensitive_review	C	pharmacogenomics	5	Classified as medical/sensitive (medical_module: pharmacogenomics). Original tier C.	no	yes	yes
wg-1950	Smoking x CHD	lifestyle_guidance	Substance Response (Sensitive)	medical_sensitive_review	C	pharmacogenomics	5	Classified as medical/sensitive (medical_module: pharmacogenomics). Original tier C.	no	yes	yes
wg-1937	Smoking x Colorectal Cancer	lifestyle_guidance	Substance Response (Sensitive)	medical_sensitive_review	C	pharmacogenomics	5	Classified as medical/sensitive (medical_module: pharmacogenomics). Original tier C.	no	yes	yes
wg-1946	Smoking x Esophagus Cancer	lifestyle_guidance	Substance Response (Sensitive)	medical_sensitive_review	C	pharmacogenomics	6	Classified as medical/sensitive (medical_module: pharmacogenomics). Original tier C.	no	yes	yes
wg-1951	Smoking x Hypertension	lifestyle_guidance	Substance Response (Sensitive)	medical_sensitive_review	C	pharmacogenomics	5	Classified as medical/sensitive (medical_module: pharmacogenomics). Original tier C.	no	yes	yes
wg-1952	Smoking x Lung Cancer	lifestyle_guidance	Substance Response (Sensitive)	medical_sensitive_review	C	pharmacogenomics	4	Classified as medical/sensitive (medical_module: pharmacogenomics). Original tier C.	no	yes	yes
wg-1948	Smoking x Prostate Cancer	lifestyle_guidance	Substance Response (Sensitive)	medical_sensitive_review	C	pharmacogenomics	5	Classified as medical/sensitive (medical_module: pharmacogenomics). Original tier C.	no	yes	yes
wg-1945	Smoking x Stomach Cancer	lifestyle_guidance	Substance Response (Sensitive)	medical_sensitive_review	C	pharmacogenomics	5	Classified as medical/sensitive (medical_module: pharmacogenomics). Original tier C.	no	yes	yes
wg-2231	Sotos Syndrome	genetic_disease	Disease Risk (Sensitive)	medical_sensitive_review	C	complex_disease_risk	4	Classified as medical/sensitive (medical_module: complex_disease_risk). Original tier C.	no	yes	yes
wg-2017	Spinal Muscular Atrophy (SMA)	genetic_disease	Disease Risk (Sensitive)	medical_sensitive_review	C	complex_disease_risk	3	Classified as medical/sensitive (medical_module: complex_disease_risk). Original tier C.	no	yes	yes
wg-2019	Spondylocarpotarsal Synostosis Syndrome (SCT)	genetic_disease	Disease Risk (Sensitive)	medical_sensitive_review	C	complex_disease_risk	2	Classified as medical/sensitive (medical_module: complex_disease_risk). Original tier C.	no	yes	yes
wg-2023	Spondylocostal Dysostosis (SCDO)	genetic_disease	Disease Risk (Sensitive)	medical_sensitive_review	C	complex_disease_risk	3	Classified as medical/sensitive (medical_module: complex_disease_risk). Original tier C.	no	yes	yes
wg-2152	Spondyloenchondrodysplasia with Immune Dysregulation (SPENCDI)	genetic_disease	Disease Risk (Sensitive)	medical_sensitive_review	C	complex_disease_risk	1	Classified as medical/sensitive (medical_module: complex_disease_risk). Original tier C.	no	yes	yes
wg-2022	Spondyloepimetaphyseal Dysplasia (SEMD)	genetic_disease	Disease Risk (Sensitive)	medical_sensitive_review	C	complex_disease_risk	2	Classified as medical/sensitive (medical_module: complex_disease_risk). Original tier C.	no	yes	yes
wg-2021	Spondyloepiphyseal Dysplasia (SED)	genetic_disease	Disease Risk (Sensitive)	medical_sensitive_review	C	complex_disease_risk	2	Classified as medical/sensitive (medical_module: complex_disease_risk). Original tier C.	no	yes	yes
wg-2020	Spondylometaphyseal Dysplasia (SMD)	genetic_disease	Disease Risk (Sensitive)	medical_sensitive_review	C	complex_disease_risk	2	Classified as medical/sensitive (medical_module: complex_disease_risk). Original tier C.	no	yes	yes
wg-2018	Spondyloperipheral Dysplasia (SPD)	genetic_disease	Disease Risk (Sensitive)	medical_sensitive_review	C	complex_disease_risk	3	Classified as medical/sensitive (medical_module: complex_disease_risk). Original tier C.	no	yes	yes
wg-1973	Spontaneous Urticaria	health_risk	Disease Risk (Sensitive)	medical_sensitive_review	C	complex_disease_risk	3	Classified as medical/sensitive (medical_module: complex_disease_risk). Original tier C.	no	yes	yes
wg-2232	Stargardt Disease	genetic_disease	Disease Risk (Sensitive)	medical_sensitive_review	C	complex_disease_risk	4	Classified as medical/sensitive (medical_module: complex_disease_risk). Original tier C.	no	yes	yes
wg-1572	Stickler Syndrome	genetic_disease	Disease Risk (Sensitive)	medical_sensitive_review	C	complex_disease_risk	2	Classified as medical/sensitive (medical_module: complex_disease_risk). Original tier C.	no	yes	yes
wg-49	Stomach Cancer	health_risk	Disease Risk (Sensitive)	medical_sensitive_review	C	complex_disease_risk	6	Classified as medical/sensitive (medical_module: complex_disease_risk). Original tier C.	no	yes	yes
wg-2286	Stool Frequency​​	genetic_tendency	Other/Unclassified	medical_sensitive_review	C	other_medical_sensitive	6	Classified as medical/sensitive (medical_module: other_medical_sensitive). QC downgraded from Tier A to Tier C.	no	yes	yes
wg-1719	Stress Handling Ability	psychological_traits	Traits & Personality	medical_sensitive_review	C	other_medical_sensitive	5	Classified as medical/sensitive (medical_module: other_medical_sensitive). QC downgraded from Tier A to Tier C.	no	yes	yes
wg-2092	Striatonigral Degeneration (SND)	genetic_disease	Disease Risk (Sensitive)	medical_sensitive_review	C	complex_disease_risk	1	Classified as medical/sensitive (medical_module: complex_disease_risk). Original tier C.	no	yes	yes
wg-216	Sudden Cardiac Death (SCD)	health_risk	Disease Risk (Sensitive)	medical_sensitive_review	C	complex_disease_risk	3	Classified as medical/sensitive (medical_module: complex_disease_risk). Original tier C.	no	yes	yes
wg-1984	Syndactyly	genetic_disease	Disease Risk (Sensitive)	medical_sensitive_review	C	complex_disease_risk	1	Classified as medical/sensitive (medical_module: complex_disease_risk). Original tier C.	no	yes	yes
wg-98	Systemic Lupus Erythematosus (SLE)	health_risk	Disease Risk (Sensitive)	medical_sensitive_review	C	complex_disease_risk	9	Classified as medical/sensitive (medical_module: complex_disease_risk). Original tier C.	no	yes	yes
wg-209	TTR-Related Cardiac Amyloidosis	genetic_disease	Disease Risk (Sensitive)	medical_sensitive_review	C	complex_disease_risk	1	Classified as medical/sensitive (medical_module: complex_disease_risk). Original tier C.	no	yes	yes
wg-84	Tardive Dyskinesia	health_risk	Disease Risk (Sensitive)	medical_sensitive_review	C	dermatology_or_cosmetic_medical	1	Classified as medical/sensitive (medical_module: dermatology_or_cosmetic_medical). Original tier C.	no	yes	yes
wg-2233	Tay-Sachs Disease (TSD)	genetic_disease	Disease Risk (Sensitive)	medical_sensitive_review	C	carrier_or_monogenic	3	Classified as medical/sensitive (medical_module: carrier_or_monogenic). Original tier C.	no	yes	yes
wg-2295	Telomere Length	genetic_tendency	Other/Unclassified	medical_sensitive_review	C	complex_disease_risk	6	Classified as medical/sensitive (medical_module: complex_disease_risk). QC downgraded from Tier A to Tier C.	no	yes	yes
wg-82	Testicular Cancer	health_risk	Disease Risk (Sensitive)	medical_sensitive_review	C	complex_disease_risk	8	Classified as medical/sensitive (medical_module: complex_disease_risk). Original tier C.	no	yes	yes
wg-2145	Thanatophoric Dysplasia	genetic_disease	Disease Risk (Sensitive)	medical_sensitive_review	C	complex_disease_risk	3	Classified as medical/sensitive (medical_module: complex_disease_risk). Original tier C.	no	yes	yes
wg-2120	Thrombocytopenia	genetic_disease	Disease Risk (Sensitive)	medical_sensitive_review	C	complex_disease_risk	3	Classified as medical/sensitive (medical_module: complex_disease_risk). Original tier C.	no	yes	yes
wg-2131	Thrombophilia	genetic_disease	Disease Risk (Sensitive)	medical_sensitive_review	C	complex_disease_risk	3	Classified as medical/sensitive (medical_module: complex_disease_risk). Original tier C.	no	yes	yes
wg-83	Thyroid Cancer	health_risk	Disease Risk (Sensitive)	medical_sensitive_review	C	complex_disease_risk	5	Classified as medical/sensitive (medical_module: complex_disease_risk). Original tier C.	no	yes	yes
wg-211	Torsion Dystonia	genetic_disease	Disease Risk (Sensitive)	medical_sensitive_review	C	complex_disease_risk	1	Classified as medical/sensitive (medical_module: complex_disease_risk). Original tier C.	no	yes	yes
wg-2234	Treacher Collins Syndrome (TCS)	genetic_disease	Disease Risk (Sensitive)	medical_sensitive_review	C	complex_disease_risk	1	Classified as medical/sensitive (medical_module: complex_disease_risk). Original tier C.	no	yes	yes
wg-2051	Trichorhinophalangeal Syndrome (TRPS)	genetic_disease	Disease Risk (Sensitive)	medical_sensitive_review	C	complex_disease_risk	1	Classified as medical/sensitive (medical_module: complex_disease_risk). Original tier C.	no	yes	yes
wg-2072	Trifunctional Protein Deficiency (TFP)	genetic_disease	Disease Risk (Sensitive)	medical_sensitive_review	C	nutrition_deficiency_or_metabolism	3	Classified as medical/sensitive (medical_module: nutrition_deficiency_or_metabolism). Original tier C.	no	yes	yes
wg-2235	Troyer Syndrome	genetic_disease	Disease Risk (Sensitive)	medical_sensitive_review	C	complex_disease_risk	1	Classified as medical/sensitive (medical_module: complex_disease_risk). Original tier C.	no	yes	yes
wg-70	Type 1 Diabetes (T1D)	health_risk	Disease Risk (Sensitive)	medical_sensitive_review	C	complex_disease_risk	8	Classified as medical/sensitive (medical_module: complex_disease_risk). Original tier C.	no	yes	yes
wg-66	Type 2 Diabetes (T2D)	health_risk	Disease Risk (Sensitive)	medical_sensitive_review	C	complex_disease_risk	12	Classified as medical/sensitive (medical_module: complex_disease_risk). Original tier C.	no	yes	yes
wg-2045	Tyrosinemia	genetic_disease	Disease Risk (Sensitive)	medical_sensitive_review	C	complex_disease_risk	3	Classified as medical/sensitive (medical_module: complex_disease_risk). Original tier C.	no	yes	yes
wg-109	UPDATE Abdominal Aortic Aneurysm (AAA)	health_risk	Disease Risk (Sensitive)	medical_sensitive_review	C	complex_disease_risk	7	Classified as medical/sensitive (medical_module: complex_disease_risk). Original tier C.	no	yes	yes
wg-100	UPDATE Ankylosing Spondylitis (AS)	health_risk	Disease Risk (Sensitive)	medical_sensitive_review	C	complex_disease_risk	7	Classified as medical/sensitive (medical_module: complex_disease_risk). Original tier C.	no	yes	yes
wg-1746	UPDATE Aortic Dissection	health_risk	Disease Risk (Sensitive)	medical_sensitive_review	C	complex_disease_risk	6	Classified as medical/sensitive (medical_module: complex_disease_risk). Original tier C.	no	yes	yes
wg-101	UPDATE Atopic Dermatitis	health_risk	Disease Risk (Sensitive)	medical_sensitive_review	C	complex_disease_risk	8	Classified as medical/sensitive (medical_module: complex_disease_risk). Original tier C.	no	yes	yes
wg-128	UPDATE Attention Deficit Hyperactivity Disorder (ADHD)	health_risk	Disease Risk (Sensitive)	medical_sensitive_review	C	complex_disease_risk	6	Classified as medical/sensitive (medical_module: complex_disease_risk). Original tier C.	no	yes	yes
wg-1752	UPDATE Autoimmune Hepatitis	health_risk	Disease Risk (Sensitive)	medical_sensitive_review	C	complex_disease_risk	6	Classified as medical/sensitive (medical_module: complex_disease_risk). Original tier C.	no	yes	yes
wg-129	UPDATE Back Pain	health_risk	Disease Risk (Sensitive)	medical_sensitive_review	C	complex_disease_risk	5	Classified as medical/sensitive (medical_module: complex_disease_risk). Original tier C.	no	yes	yes
wg-71	UPDATE Behçet’s Syndrome	health_risk	Disease Risk (Sensitive)	medical_sensitive_review	C	complex_disease_risk	7	Classified as medical/sensitive (medical_module: complex_disease_risk). Original tier C.	no	yes	yes
wg-96	UPDATE Bipolar Disorder	health_risk	Disease Risk (Sensitive)	medical_sensitive_review	C	complex_disease_risk	7	Classified as medical/sensitive (medical_module: complex_disease_risk). Original tier C.	no	yes	yes
wg-95	UPDATE Crohn's Disease (CD)	health_risk	Disease Risk (Sensitive)	medical_sensitive_review	C	complex_disease_risk	10	Classified as medical/sensitive (medical_module: complex_disease_risk). Original tier C.	no	yes	yes
wg-1555	UPDATE Diverticulosis	health_risk	Disease Risk (Sensitive)	medical_sensitive_review	C	complex_disease_risk	7	Classified as medical/sensitive (medical_module: complex_disease_risk). Original tier C.	no	yes	yes
wg-103	UPDATE Dupuytren's Disease	health_risk	Disease Risk (Sensitive)	medical_sensitive_review	C	complex_disease_risk	7	Classified as medical/sensitive (medical_module: complex_disease_risk). Original tier C.	no	yes	yes
wg-1748	UPDATE Epilepsy	health_risk	Disease Risk (Sensitive)	medical_sensitive_review	C	complex_disease_risk	6	Classified as medical/sensitive (medical_module: complex_disease_risk). Original tier C.	no	yes	yes
wg-67	UPDATE Exfoliative Glaucoma	health_risk	Disease Risk (Sensitive)	medical_sensitive_review	C	complex_disease_risk	3	Classified as medical/sensitive (medical_module: complex_disease_risk). Original tier C.	no	yes	yes
wg-92	UPDATE Gallstones	health_risk	Disease Risk (Sensitive)	medical_sensitive_review	C	complex_disease_risk	8	Classified as medical/sensitive (medical_module: complex_disease_risk). Original tier C.	no	yes	yes
wg-88	UPDATE Gout	health_risk	Disease Risk (Sensitive)	medical_sensitive_review	C	complex_disease_risk	8	Classified as medical/sensitive (medical_module: complex_disease_risk). Original tier C.	no	yes	yes
wg-133	UPDATE Hashimoto's Thyroiditis	health_risk	Disease Risk (Sensitive)	medical_sensitive_review	C	complex_disease_risk	8	Classified as medical/sensitive (medical_module: complex_disease_risk). Original tier C.	no	yes	yes
wg-104	UPDATE Hypertension	health_risk	Disease Risk (Sensitive)	medical_sensitive_review	C	complex_disease_risk	7	Classified as medical/sensitive (medical_module: complex_disease_risk). Original tier C.	no	yes	yes
wg-106	UPDATE Hypothyroidism	health_risk	Disease Risk (Sensitive)	medical_sensitive_review	C	complex_disease_risk	7	Classified as medical/sensitive (medical_module: complex_disease_risk). Original tier C.	no	yes	yes
wg-58	UPDATE Keloid	health_risk	Disease Risk (Sensitive)	medical_sensitive_review	C	complex_disease_risk	7	Classified as medical/sensitive (medical_module: complex_disease_risk). Original tier C.	no	yes	yes
wg-59	UPDATE Kidney Diseases	health_risk	Disease Risk (Sensitive)	medical_sensitive_review	C	complex_disease_risk	6	Classified as medical/sensitive (medical_module: complex_disease_risk). Original tier C.	no	yes	yes
wg-1649	UPDATE Laryngocarcinoma	health_risk	Disease Risk (Sensitive)	medical_sensitive_review	C	complex_disease_risk	5	Classified as medical/sensitive (medical_module: complex_disease_risk). Original tier C.	no	yes	yes
wg-1646	UPDATE Liver Cancer	health_risk	Disease Risk (Sensitive)	medical_sensitive_review	C	complex_disease_risk	9	Classified as medical/sensitive (medical_module: complex_disease_risk). Original tier C.	no	yes	yes
wg-1650	UPDATE Lumbar Disc Herniation	health_risk	Disease Risk (Sensitive)	medical_sensitive_review	C	complex_disease_risk	5	Classified as medical/sensitive (medical_module: complex_disease_risk). Original tier C.	no	yes	yes
wg-91	UPDATE Lung Cancer	health_risk	Disease Risk (Sensitive)	medical_sensitive_review	C	complex_disease_risk	8	Classified as medical/sensitive (medical_module: complex_disease_risk). Original tier C.	no	yes	yes
wg-114	UPDATE Narcolepsy	health_risk	Disease Risk (Sensitive)	medical_sensitive_review	C	complex_disease_risk	6	Classified as medical/sensitive (medical_module: complex_disease_risk). Original tier C.	no	yes	yes
wg-63	UPDATE Nasopharyngeal Carcinoma	health_risk	Disease Risk (Sensitive)	medical_sensitive_review	C	complex_disease_risk	9	Classified as medical/sensitive (medical_module: complex_disease_risk). Original tier C.	no	yes	yes
wg-85	UPDATE Obsessive-Compulsive Disorder (OCD)	health_risk	Disease Risk (Sensitive)	medical_sensitive_review	C	complex_disease_risk	5	Classified as medical/sensitive (medical_module: complex_disease_risk). Original tier C.	no	yes	yes
wg-1765	UPDATE Obstructive Sleep Apnea	health_risk	Disease Risk (Sensitive)	medical_sensitive_review	C	complex_disease_risk	7	Classified as medical/sensitive (medical_module: complex_disease_risk). Original tier C.	no	yes	yes
wg-1648	UPDATE Oral Cancer	health_risk	Disease Risk (Sensitive)	medical_sensitive_review	C	complex_disease_risk	7	Classified as medical/sensitive (medical_module: complex_disease_risk). Original tier C.	no	yes	yes
wg-1485	UPDATE Otosclerosis	health_risk	Disease Risk (Sensitive)	medical_sensitive_review	C	complex_disease_risk	7	Classified as medical/sensitive (medical_module: complex_disease_risk). Original tier C.	no	yes	yes
wg-80	UPDATE Peripheral Artery Disease (PAD)	health_risk	Disease Risk (Sensitive)	medical_sensitive_review	C	complex_disease_risk	7	Classified as medical/sensitive (medical_module: complex_disease_risk). Original tier C.	no	yes	yes
wg-1770	UPDATE Post-Traumatic Stress Disorder (PTSD)	health_risk	Disease Risk (Sensitive)	medical_sensitive_review	C	complex_disease_risk	5	Classified as medical/sensitive (medical_module: complex_disease_risk). Original tier C.	no	yes	yes
wg-1749	UPDATE Primary Adrenal Insufficiency	health_risk	Disease Risk (Sensitive)	medical_sensitive_review	C	complex_disease_risk	7	Classified as medical/sensitive (medical_module: complex_disease_risk). Original tier C.	no	yes	yes
wg-1751	UPDATE Primary Sclerosing Cholangitis (PSC)	health_risk	Disease Risk (Sensitive)	medical_sensitive_review	C	complex_disease_risk	6	Classified as medical/sensitive (medical_module: complex_disease_risk). Original tier C.	no	yes	yes
wg-108	UPDATE Progressive Supranuclear Palsy (PSP)	health_risk	Disease Risk (Sensitive)	medical_sensitive_review	C	complex_disease_risk	6	Classified as medical/sensitive (medical_module: complex_disease_risk). Original tier C.	no	yes	yes
wg-90	UPDATE Psoriasis	health_risk	Disease Risk (Sensitive)	medical_sensitive_review	C	complex_disease_risk	7	Classified as medical/sensitive (medical_module: complex_disease_risk). Original tier C.	no	yes	yes
wg-75	UPDATE Renal Calculi	health_risk	Disease Risk (Sensitive)	medical_sensitive_review	C	complex_disease_risk	8	Classified as medical/sensitive (medical_module: complex_disease_risk). Original tier C.	no	yes	yes
wg-46	UPDATE Restless Leg Syndrome (RLS)	health_risk	Disease Risk (Sensitive)	medical_sensitive_review	C	complex_disease_risk	6	Classified as medical/sensitive (medical_module: complex_disease_risk). Original tier C.	no	yes	yes
wg-117	UPDATE Sarcoidosis	health_risk	Disease Risk (Sensitive)	medical_sensitive_review	C	complex_disease_risk	8	Classified as medical/sensitive (medical_module: complex_disease_risk). Original tier C.	no	yes	yes
wg-51	UPDATE Scleroderma	health_risk	Disease Risk (Sensitive)	medical_sensitive_review	C	complex_disease_risk	8	Classified as medical/sensitive (medical_module: complex_disease_risk). Original tier C.	no	yes	yes
wg-120	UPDATE Selective IgA Deficiency	health_risk	Disease Risk (Sensitive)	medical_sensitive_review	C	nutrition_deficiency_or_metabolism	6	Classified as medical/sensitive (medical_module: nutrition_deficiency_or_metabolism). Original tier C.	no	yes	yes
wg-65	UPDATE Sjögren's Syndrome	health_risk	Disease Risk (Sensitive)	medical_sensitive_review	C	complex_disease_risk	9	Classified as medical/sensitive (medical_module: complex_disease_risk). Original tier C.	no	yes	yes
wg-121	UPDATE Stroke	health_risk	Disease Risk (Sensitive)	medical_sensitive_review	C	complex_disease_risk	7	Classified as medical/sensitive (medical_module: complex_disease_risk). Original tier C.	no	yes	yes
wg-56	UPDATE Vitiligo	health_risk	Disease Risk (Sensitive)	medical_sensitive_review	C	complex_disease_risk	11	Classified as medical/sensitive (medical_module: complex_disease_risk). Original tier C.	no	yes	yes
wg-94	Ulcerative Colitis	health_risk	Disease Risk (Sensitive)	medical_sensitive_review	C	complex_disease_risk	8	Classified as medical/sensitive (medical_module: complex_disease_risk). Original tier C.	no	yes	yes
wg-1573	Usher Syndrome	genetic_disease	Disease Risk (Sensitive)	medical_sensitive_review	C	complex_disease_risk	6	Classified as medical/sensitive (medical_module: complex_disease_risk). Original tier C.	no	yes	yes
wg-1763	Vascular Dementia	health_risk	Disease Risk (Sensitive)	medical_sensitive_review	C	complex_disease_risk	5	Classified as medical/sensitive (medical_module: complex_disease_risk). Original tier C.	no	yes	yes
wg-89	Venous Thromboembolism (VTE)	health_risk	Disease Risk (Sensitive)	medical_sensitive_review	C	complex_disease_risk	8	Classified as medical/sensitive (medical_module: complex_disease_risk). Original tier C.	no	yes	yes
wg-1958	Vertigo	health_risk	Disease Risk (Sensitive)	medical_sensitive_review	C	complex_disease_risk	6	Classified as medical/sensitive (medical_module: complex_disease_risk). Original tier C.	no	yes	yes
wg-256	Vitamin A Nutritional Requirement	nutrition_metabolism	Nutrition & Metabolism	medical_sensitive_review	C	nutrition_deficiency_or_metabolism	3	Classified as medical/sensitive (medical_module: nutrition_deficiency_or_metabolism). QC downgraded from Tier A to Tier C.	no	yes	yes
wg-253	Vitamin B12 Nutritional Requirement	nutrition_metabolism	Nutrition & Metabolism	medical_sensitive_review	C	nutrition_deficiency_or_metabolism	5	Classified as medical/sensitive (medical_module: nutrition_deficiency_or_metabolism). QC downgraded from Tier A to Tier C.	no	yes	yes
wg-1705	Vitamin B2 Nutritional Requirement	nutrition_metabolism	Nutrition & Metabolism	medical_sensitive_review	C	nutrition_deficiency_or_metabolism	1	Classified as medical/sensitive (medical_module: nutrition_deficiency_or_metabolism). QC downgraded from Tier A to Tier C.	no	yes	yes
wg-1702	Vitamin B6 Nutritional Requirement	nutrition_metabolism	Nutrition & Metabolism	medical_sensitive_review	C	nutrition_deficiency_or_metabolism	2	Classified as medical/sensitive (medical_module: nutrition_deficiency_or_metabolism). QC downgraded from Tier A to Tier C.	no	yes	yes
wg-1700	Vitamin C Nutritional Requirement	nutrition_metabolism	Nutrition & Metabolism	medical_sensitive_review	C	nutrition_deficiency_or_metabolism	4	Classified as medical/sensitive (medical_module: nutrition_deficiency_or_metabolism). QC downgraded from Tier A to Tier C.	no	yes	yes
wg-1703	Vitamin D Nutritional Requirement	nutrition_metabolism	Nutrition & Metabolism	medical_sensitive_review	C	nutrition_deficiency_or_metabolism	3	Classified as medical/sensitive (medical_module: nutrition_deficiency_or_metabolism). QC downgraded from Tier A to Tier C.	no	yes	yes
wg-2091	Vitamin D-Dependent Rickets (VDDR)	genetic_disease	Disease Risk (Sensitive)	medical_sensitive_review	C	nutrition_deficiency_or_metabolism	3	Classified as medical/sensitive (medical_module: nutrition_deficiency_or_metabolism). Original tier C.	no	yes	yes
wg-250	Vitamin E Nutritional Requirement	nutrition_metabolism	Nutrition & Metabolism	medical_sensitive_review	C	nutrition_deficiency_or_metabolism	3	Classified as medical/sensitive (medical_module: nutrition_deficiency_or_metabolism). QC downgraded from Tier A to Tier C.	no	yes	yes
wg-1701	Vitamin K Nutritional Requirement	nutrition_metabolism	Nutrition & Metabolism	medical_sensitive_review	C	nutrition_deficiency_or_metabolism	2	Classified as medical/sensitive (medical_module: nutrition_deficiency_or_metabolism). QC downgraded from Tier A to Tier C.	no	yes	yes
wg-1985	Vitreoretinochoroidopathy (VRCP)	genetic_disease	Disease Risk (Sensitive)	medical_sensitive_review	C	complex_disease_risk	1	Classified as medical/sensitive (medical_module: complex_disease_risk). Original tier C.	no	yes	yes
wg-2236	Warburg Micro Syndrome (WARBM)	genetic_disease	Disease Risk (Sensitive)	medical_sensitive_review	C	complex_disease_risk	2	Classified as medical/sensitive (medical_module: complex_disease_risk). Original tier C.	no	yes	yes
wg-2237	Weill-Marchesani Syndrome (WMS)	genetic_disease	Disease Risk (Sensitive)	medical_sensitive_review	C	complex_disease_risk	4	Classified as medical/sensitive (medical_module: complex_disease_risk). Original tier C.	no	yes	yes
wg-2238	Werner Syndrome	genetic_disease	Disease Risk (Sensitive)	medical_sensitive_review	C	complex_disease_risk	3	Classified as medical/sensitive (medical_module: complex_disease_risk). Original tier C.	no	yes	yes
wg-2265	Wheat Products	exposure_risk	Disease Risk (Sensitive)	medical_sensitive_review	C	complex_disease_risk	2	Classified as medical/sensitive (medical_module: complex_disease_risk). Original tier C.	no	yes	yes
wg-2239	Wilson Disease	genetic_disease	Disease Risk (Sensitive)	medical_sensitive_review	C	carrier_or_monogenic	6	Classified as medical/sensitive (medical_module: carrier_or_monogenic). Original tier C.	no	yes	yes
wg-2240	Wiskott-Aldrich Syndrome (WAS)	genetic_disease	Disease Risk (Sensitive)	medical_sensitive_review	C	complex_disease_risk	3	Classified as medical/sensitive (medical_module: complex_disease_risk). Original tier C.	no	yes	yes
wg-1728	Wolff-Parkinson-White Syndrome	genetic_disease	Disease Risk (Sensitive)	medical_sensitive_review	C	complex_disease_risk	2	Classified as medical/sensitive (medical_module: complex_disease_risk). Original tier C.	no	yes	yes
wg-2241	Wolfram Syndrome	genetic_disease	Disease Risk (Sensitive)	medical_sensitive_review	C	complex_disease_risk	3	Classified as medical/sensitive (medical_module: complex_disease_risk). Original tier C.	no	yes	yes
wg-2151	Wrinkly Skin Syndrome (WSS)	genetic_disease	Disease Risk (Sensitive)	medical_sensitive_review	C	dermatology_or_cosmetic_medical	1	Classified as medical/sensitive (medical_module: dermatology_or_cosmetic_medical). Original tier C.	no	yes	yes
wg-1575	X-Linked Non-Syndromic Hereditary Deafness	genetic_disease	Disease Risk (Sensitive)	medical_sensitive_review	C	complex_disease_risk	1	Classified as medical/sensitive (medical_module: complex_disease_risk). Original tier C.	no	yes	yes
wg-2139	Xeroderma Pigmentosum (XP)	genetic_disease	Disease Risk (Sensitive)	medical_sensitive_review	C	complex_disease_risk	3	Classified as medical/sensitive (medical_module: complex_disease_risk). Original tier C.	no	yes	yes
wg-2242	Yunis-Varon Syndrome (YVS)	genetic_disease	Disease Risk (Sensitive)	medical_sensitive_review	C	complex_disease_risk	1	Classified as medical/sensitive (medical_module: complex_disease_risk). Original tier C.	no	yes	yes
wg-214	Zellweger Syndrome Spectrum	genetic_disease	Disease Risk (Sensitive)	medical_sensitive_review	C	complex_disease_risk	1	Classified as medical/sensitive (medical_module: complex_disease_risk). Original tier C.	no	yes	yes
wg-1704	Zinc Nutritional Requirement	nutrition_metabolism	Nutrition & Metabolism	medical_sensitive_review	C	nutrition_deficiency_or_metabolism	3	Classified as medical/sensitive (medical_module: nutrition_deficiency_or_metabolism). QC downgraded from Tier A to Tier C.	no	yes	yes
wg-1714	Agreeableness	psychological_traits	Traits & Personality	weak_behavioral_or_low_evidence	D	other_medical_sensitive	3	QC downgraded from Tier A to Tier D. Based on weak behavioral/personality genetics. Also present in medical catalog (module: other_medical_sensitive) but classified as weak behavioral.	no	yes	yes
wg-1708	Anti-Aggression	psychological_traits	Traits & Personality	weak_behavioral_or_low_evidence	D	other_medical_sensitive	4	QC downgraded from Tier A to Tier D. Based on weak behavioral/personality genetics. Also present in medical catalog (module: other_medical_sensitive) but classified as weak behavioral.	no	yes	yes
wg-1721	Conscientiousness	psychological_traits	Traits & Personality	weak_behavioral_or_low_evidence	D	other_medical_sensitive	2	QC downgraded from Tier A to Tier D. Based on weak behavioral/personality genetics. Also present in medical catalog (module: other_medical_sensitive) but classified as weak behavioral.	no	yes	yes
wg-1562	Delayed Gratification	psychological_traits	Traits & Personality	weak_behavioral_or_low_evidence	D	other_medical_sensitive	4	QC downgraded from Tier A to Tier D. Based on weak behavioral/personality genetics. Also present in medical catalog (module: other_medical_sensitive) but classified as weak behavioral.	no	yes	yes
wg-2287	Educational Attainment	genetic_tendency	Other/Unclassified	weak_behavioral_or_low_evidence	D	other_medical_sensitive	4	QC downgraded from Tier A to Tier D. Based on weak behavioral/personality genetics. Also present in medical catalog (module: other_medical_sensitive) but classified as weak behavioral.	no	yes	yes
wg-1559	Emotional Stability	psychological_traits	Traits & Personality	weak_behavioral_or_low_evidence	D	other_medical_sensitive	6	QC downgraded from Tier A to Tier D. Based on weak behavioral/personality genetics. Also present in medical catalog (module: other_medical_sensitive) but classified as weak behavioral.	no	yes	yes
wg-1560	Empathy	psychological_traits	Traits & Personality	weak_behavioral_or_low_evidence	D	other_medical_sensitive	4	QC downgraded from Tier A to Tier D. Based on weak behavioral/personality genetics. Also present in medical catalog (module: other_medical_sensitive) but classified as weak behavioral.	no	yes	yes
wg-1723	Episodic Memory Ability	psychological_traits	Traits & Personality	weak_behavioral_or_low_evidence	D	other_medical_sensitive	2	QC downgraded from Tier A to Tier D. Based on weak behavioral/personality genetics. Also present in medical catalog (module: other_medical_sensitive) but classified as weak behavioral.	no	yes	yes
wg-1712	Extraversion	psychological_traits	Traits & Personality	weak_behavioral_or_low_evidence	D	other_medical_sensitive	3	QC downgraded from Tier A to Tier D. Based on weak behavioral/personality genetics. Also present in medical catalog (module: other_medical_sensitive) but classified as weak behavioral.	no	yes	yes
wg-2304	Leadership Ability​​	genetic_tendency	Other/Unclassified	weak_behavioral_or_low_evidence	D	other_medical_sensitive	3	QC downgraded from Tier A to Tier D. Based on weak behavioral/personality genetics. Also present in medical catalog (module: other_medical_sensitive) but classified as weak behavioral.	no	yes	yes
wg-2292	Leisure Computer Use Preference​	dietary_preference	Nutrition & Metabolism	weak_behavioral_or_low_evidence	D	pharmacogenomics	6	QC downgraded from Tier A to Tier D. Based on weak behavioral/personality genetics. Also present in medical catalog (module: pharmacogenomics) but classified as weak behavioral.	no	yes	yes
wg-2285	Leisure Screen Time	genetic_tendency	Other/Unclassified	weak_behavioral_or_low_evidence	D	other_medical_sensitive	7	QC downgraded from Tier A to Tier D. Based on weak behavioral/personality genetics. Also present in medical catalog (module: other_medical_sensitive) but classified as weak behavioral.	no	yes	yes
wg-2293	Leisure TV Watching Preference​	dietary_preference	Nutrition & Metabolism	weak_behavioral_or_low_evidence	D	pharmacogenomics	6	QC downgraded from Tier A to Tier D. Based on weak behavioral/personality genetics. Also present in medical catalog (module: pharmacogenomics) but classified as weak behavioral.	no	yes	yes
wg-2279	Long Sleep Preference​	dietary_preference	Nutrition & Metabolism	weak_behavioral_or_low_evidence	D	pharmacogenomics	5	QC downgraded from Tier A to Tier D. Based on weak behavioral/personality genetics. Also present in medical catalog (module: pharmacogenomics) but classified as weak behavioral.	no	yes	yes
wg-2288	Morningness Preference​​	dietary_preference	Nutrition & Metabolism	weak_behavioral_or_low_evidence	D	pharmacogenomics	6	QC downgraded from Tier A to Tier D. Based on weak behavioral/personality genetics. Also present in medical catalog (module: pharmacogenomics) but classified as weak behavioral.	no	yes	yes
wg-2280	Nap Preference​	dietary_preference	Nutrition & Metabolism	weak_behavioral_or_low_evidence	D	pharmacogenomics	6	QC downgraded from Tier A to Tier D. Based on weak behavioral/personality genetics. Also present in medical catalog (module: pharmacogenomics) but classified as weak behavioral.	no	yes	yes
wg-2303	Non-Cognitive Educational Attainment	genetic_tendency	Traits & Personality	weak_behavioral_or_low_evidence	D	other_medical_sensitive	6	QC downgraded from Tier A to Tier D. Based on weak behavioral/personality genetics. Also present in medical catalog (module: other_medical_sensitive) but classified as weak behavioral.	no	yes	yes
wg-1713	Nonconformity	psychological_traits	Traits & Personality	weak_behavioral_or_low_evidence	D	other_medical_sensitive	4	QC downgraded from Tier A to Tier D. Based on weak behavioral/personality genetics. Also present in medical catalog (module: other_medical_sensitive) but classified as weak behavioral.	no	yes	yes
wg-2300	Occupational Artistic Creativity	genetic_tendency	Other/Unclassified	weak_behavioral_or_low_evidence	D	other_medical_sensitive	1	QC downgraded from Tier A to Tier D. Based on weak behavioral/personality genetics. Also present in medical catalog (module: other_medical_sensitive) but classified as weak behavioral.	no	yes	yes
wg-2298	Occupational Attainment	genetic_tendency	Other/Unclassified	weak_behavioral_or_low_evidence	D	other_medical_sensitive	6	QC downgraded from Tier A to Tier D. Based on weak behavioral/personality genetics. Also present in medical catalog (module: other_medical_sensitive) but classified as weak behavioral.	no	yes	yes
wg-2294	Occupational Scientific Creativity	genetic_tendency	Other/Unclassified	weak_behavioral_or_low_evidence	D	other_medical_sensitive	3	QC downgraded from Tier A to Tier D. Based on weak behavioral/personality genetics. Also present in medical catalog (module: other_medical_sensitive) but classified as weak behavioral.	no	yes	yes
wg-1722	Openness	psychological_traits	Traits & Personality	weak_behavioral_or_low_evidence	D	other_medical_sensitive	3	QC downgraded from Tier A to Tier D. Based on weak behavioral/personality genetics. Also present in medical catalog (module: other_medical_sensitive) but classified as weak behavioral.	no	yes	yes
wg-1718	Positive Emotion	psychological_traits	Traits & Personality	weak_behavioral_or_low_evidence	D	other_medical_sensitive	1	QC downgraded from Tier A to Tier D. Based on weak behavioral/personality genetics. Also present in medical catalog (module: other_medical_sensitive) but classified as weak behavioral.	no	yes	yes
wg-2278	Sedentary Preference​​	dietary_preference	Nutrition & Metabolism	weak_behavioral_or_low_evidence	D	pharmacogenomics	5	QC downgraded from Tier A to Tier D. Based on weak behavioral/personality genetics. Also present in medical catalog (module: pharmacogenomics) but classified as weak behavioral.	no	yes	yes
wg-1709	Social Communication Ability	psychological_traits	Traits & Personality	weak_behavioral_or_low_evidence	D	other_medical_sensitive	5	QC downgraded from Tier A to Tier D. Based on weak behavioral/personality genetics. Also present in medical catalog (module: other_medical_sensitive) but classified as weak behavioral.	no	yes	yes
wg-1717	Spatial Memory Ability	psychological_traits	Traits & Personality	weak_behavioral_or_low_evidence	D	other_medical_sensitive	4	QC downgraded from Tier A to Tier D. Based on weak behavioral/personality genetics. Also present in medical catalog (module: other_medical_sensitive) but classified as weak behavioral.	no	yes	yes
wg-1557	Subjective Well-being	psychological_traits	Traits & Personality	weak_behavioral_or_low_evidence	D	other_medical_sensitive	5	QC downgraded from Tier A to Tier D. Based on weak behavioral/personality genetics. Also present in medical catalog (module: other_medical_sensitive) but classified as weak behavioral.	no	yes	yes
wg-2289	Sun-Seeking Preference	dietary_preference	Nutrition & Metabolism	weak_behavioral_or_low_evidence	D	pharmacogenomics	3	QC downgraded from Tier A to Tier D. Based on weak behavioral/personality genetics. Also present in medical catalog (module: pharmacogenomics) but classified as weak behavioral.	no	yes	yes
wg-170	Tendency to Avoid Mistakes May be good at avoiding mistakes	genetic_tendency	Other/Unclassified	weak_behavioral_or_low_evidence	D	other_medical_sensitive	1	QC downgraded from Tier A to Tier D. Based on weak behavioral/personality genetics. Also present in medical catalog (module: other_medical_sensitive) but classified as weak behavioral.	no	yes	yes
wg-1724	Verbal Memory Ability	psychological_traits	Traits & Personality	weak_behavioral_or_low_evidence	D	other_medical_sensitive	5	QC downgraded from Tier A to Tier D. Based on weak behavioral/personality genetics. Also present in medical catalog (module: other_medical_sensitive) but classified as weak behavioral.	no	yes	yes
wg-2243	Alpha-N-Acetylgalactosaminidase Deficiency (α-NAGA)	genetic_disease	Disease Risk (Sensitive)	no_snp_or_not_testable	E	nutrition_deficiency_or_metabolism	0	No rsIDs linked to this trait. Not testable with genetic markers.	no	no	yes
wg-ancestry-analysis	Ancestry Analysis	ancestry	Ancestry	no_snp_or_not_testable	E		0	No rsIDs linked to this trait. Not testable with genetic markers.	no	no	yes
wg-ancestry-overview	Ancestry Overview	ancestry	Ancestry	no_snp_or_not_testable	E		0	No rsIDs linked to this trait. Not testable with genetic markers.	no	no	yes
wg-2166	Charcot-Marie-Tooth Disease (CMT)	genetic_disease	Disease Risk (Sensitive)	no_snp_or_not_testable	E	complex_disease_risk	0	No rsIDs linked to this trait. Not testable with genetic markers.	no	no	yes
wg-2170	Cornelia de Lange Syndrome (CdLS)	genetic_disease	Disease Risk (Sensitive)	no_snp_or_not_testable	E	complex_disease_risk	0	No rsIDs linked to this trait. Not testable with genetic markers.	no	no	yes
wg-1733	Dilated Cardiomyopathy	genetic_disease	Disease Risk (Sensitive)	no_snp_or_not_testable	E	complex_disease_risk	0	No rsIDs linked to this trait. Not testable with genetic markers.	no	no	yes
wg-2180	Ehlers-Danlos Syndrome (EDS)	genetic_disease	Disease Risk (Sensitive)	no_snp_or_not_testable	E	carrier_or_monogenic	0	No rsIDs linked to this trait. Not testable with genetic markers.	no	no	yes
wg-132	Essential Tremor	health_risk	Disease Risk (Sensitive)	no_snp_or_not_testable	E	complex_disease_risk	0	No rsIDs linked to this trait. Not testable with genetic markers.	no	no	yes
wg-2183	Fanconi Anemia (FA)	genetic_disease	Disease Risk (Sensitive)	no_snp_or_not_testable	E	carrier_or_monogenic	0	No rsIDs linked to this trait. Not testable with genetic markers.	no	no	yes
wg-1503	Genetic Height	genetic_characteristics	Other/Unclassified	no_snp_or_not_testable	E		0	No rsIDs linked to this trait. Not testable with genetic markers.	no	no	yes
wg-1734	Marfan Syndrome	genetic_disease	Disease Risk (Sensitive)	no_snp_or_not_testable	E	carrier_or_monogenic	0	No rsIDs linked to this trait. Not testable with genetic markers.	no	no	yes
wg-maternal-haplogroup	Maternal Haplogroup	ancestry	Ancestry	no_snp_or_not_testable	E		0	No rsIDs linked to this trait. Not testable with genetic markers.	no	no	yes
wg-maternal-haplogroup-report	Maternal Haplogroup Report	ancestry	Ancestry	no_snp_or_not_testable	E		0	No rsIDs linked to this trait. Not testable with genetic markers.	no	no	yes
wg-2203	Meier-Gorlin Syndrome (MGS)	genetic_disease	Disease Risk (Sensitive)	no_snp_or_not_testable	E	complex_disease_risk	0	No rsIDs linked to this trait. Not testable with genetic markers.	no	no	yes
wg-2205	Mowat-Wilson Syndrome (MWS)	genetic_disease	Disease Risk (Sensitive)	no_snp_or_not_testable	E	complex_disease_risk	0	No rsIDs linked to this trait. Not testable with genetic markers.	no	no	yes
wg-neanderthal-ancestry	Neanderthal Ancestry	ancestry	Ancestry	no_snp_or_not_testable	E		0	No rsIDs linked to this trait. Not testable with genetic markers.	no	no	yes
wg-1735	Noonan Syndrome	genetic_disease	Disease Risk (Sensitive)	no_snp_or_not_testable	E	complex_disease_risk	0	No rsIDs linked to this trait. Not testable with genetic markers.	no	no	yes
wg-86	Obesity	health_risk	Disease Risk (Sensitive)	no_snp_or_not_testable	E	complex_disease_risk	0	No rsIDs linked to this trait. Not testable with genetic markers.	no	no	yes
wg-2296	Occupational Managerial Creativity	genetic_tendency	Other/Unclassified	no_snp_or_not_testable	E		0	No rsIDs linked to this trait. Not testable with genetic markers.	no	no	yes
wg-paternal-haplogroup	Paternal Haplogroup	ancestry	Ancestry	no_snp_or_not_testable	E		0	No rsIDs linked to this trait. Not testable with genetic markers.	no	no	yes
wg-paternal-haplogroup-report	Paternal Haplogroup Report	ancestry	Ancestry	no_snp_or_not_testable	E		0	No rsIDs linked to this trait. Not testable with genetic markers.	no	no	yes
wg-paternal-haplogroup-tree	Paternal Haplogroup Tree	ancestry	Ancestry	no_snp_or_not_testable	E		0	No rsIDs linked to this trait. Not testable with genetic markers.	no	no	yes
wg-243	Schizophrenia	health_risk	Disease Risk (Sensitive)	no_snp_or_not_testable	E	complex_disease_risk	0	No rsIDs linked to this trait. Not testable with genetic markers.	no	no	yes
wg-2299	Waist-to-Hip Ratio​​ (WHR)	genetic_tendency	Other/Unclassified	no_snp_or_not_testable	E		0	No rsIDs linked to this trait. Not testable with genetic markers.	no	no	yes
