id,category,name,outcome_type,example_outcome,example_value,unit,recommendation,source_report_id,source_url,snps,genes,genotypes,scoring_model,evidence_level
wg-ancestry-analysis,ancestry,Ancestry Analysis,unknown,,,,,,https://www.wegene.com/en/report/ancestry/,,,,,
wg-ancestry-overview,ancestry,Ancestry Overview,unknown,,,,,,https://www.wegene.com/en/report2/ancestry/,,,,,
wg-maternal-haplogroup,ancestry,Maternal Haplogroup,unknown,,,,,,https://www.wegene.com/en/report2/haplogroup/mt,,,,,
wg-maternal-haplogroup-report,ancestry,Maternal Haplogroup Report,unknown,,,,,,https://www.wegene.com/en/report/haplogroup/mt,,,,,
wg-neanderthal-ancestry,ancestry,Neanderthal Ancestry,unknown,,,,,,https://www.wegene.com/en/report2/neandertal/,,,,,
wg-paternal-haplogroup,ancestry,Paternal Haplogroup,unknown,,,,,,https://www.wegene.com/en/report2/haplogroup/y,,,,,
wg-paternal-haplogroup-report,ancestry,Paternal Haplogroup Report,unknown,,,,,,https://www.wegene.com/en/report/haplogroup/y,,,,,
wg-paternal-haplogroup-tree,ancestry,Paternal Haplogroup Tree,unknown,,,,,,https://www.wegene.com/en/report2/haplogroup_tree/y,,,,,
wg-249,nutrition_metabolism,Alcohol Metabolism,metabolism_level,Moderate,,,hard to get dizzy and alcohol flush,249,https://www.wegene.com/en/report2/detail/249,rs671;rs1229984;rs2066702,ALDH2;ADH1B,rs671=GG,genotype_lookup,
wg-22,nutrition_metabolism,Caffeine Metabolism,metabolism_level,Strong,,,,22,https://www.wegene.com/en/report2/detail/22,rs762551,CYP1A2,rs762551=AA,genotype_lookup,
wg-247,nutrition_metabolism,Calcium Nutritional Requirement,nutrient_level,Slightly High,,,consider supplementary Calcium intake,247,https://www.wegene.com/en/report2/detail/247,rs1544410;rs1042636,VDR;CASR,,genotype_lookup,
wg-225,nutrition_metabolism,Folate Nutritional Requirement,nutrient_level,Normal,,,normal folate intake,225,https://www.wegene.com/en/report2/detail/225,rs1801133;rs1801131;rs1801394,MTHFR;MTRR,,genotype_lookup,
wg-251,nutrition_metabolism,Iron Nutritional Requirement,nutrient_level,High,,,,251,https://www.wegene.com/en/report2/detail/251,rs12718;rs18009;rs4820268;rs855791,IKZF1;HNF4A;TMPRSS6;SLCO1B1;TMPRSSGG,rs12718=TT;rs18009=CC,genotype_lookup,
wg-5,nutrition_metabolism,Lactose Metabolism,metabolism_level,Weak,,,,5,https://www.wegene.com/en/report2/detail/5,rs4988235;rs182549,MCM6,rs4988235=GG;rs182549=CC,genotype_lookup,
wg-1707,nutrition_metabolism,Magnesium Nutritional Requirement,nutrient_level,Slightly High,,,,1707,https://www.wegene.com/en/report2/detail/1707,rs40720;rs13146355;rs3925584,MUC1;SHROOM3;SHROO;M3,rs40720=CT,genotype_lookup,
wg-256,nutrition_metabolism,Vitamin A Nutritional Requirement,nutrient_level,Slightly High,,,consider supplementary Vitamin A intake,256,https://www.wegene.com/en/report2/detail/256,rs6420424;rs11645428;rs6564851,BCMO1;PKD1L2,,genotype_lookup,
wg-253,nutrition_metabolism,Vitamin B12 Nutritional Requirement,nutrient_level,Slightly High,,,,253,https://www.wegene.com/en/report2/detail/253,rs10515;rs12377;rs2298585;rs41281112;rs1047781,MS4A3;CLYBL;FUT2,rs10515=TT;rs12377=CT,genotype_lookup,
wg-1705,nutrition_metabolism,Vitamin B2 Nutritional Requirement,nutrient_level,Normal,,,,1705,https://www.wegene.com/en/report2/detail/1705,rs1801133,MTHFR,rs1801133=GG,genotype_lookup,
wg-1702,nutrition_metabolism,Vitamin B6 Nutritional Requirement,nutrient_level,Normal,,,,1702,https://www.wegene.com/en/report2/detail/1702,rs1256335;rs4654748,ALPL;NBPF3,,genotype_lookup,
wg-1700,nutrition_metabolism,Vitamin C Nutritional Requirement,nutrient_level,Slightly High,,,,1700,https://www.wegene.com/en/report2/detail/1700,rs11950;rs33972;rs6133175;rs6053005,SLC23A;SLC23A1;SLC23A2,rs11950=AA;rs33972=CC,genotype_lookup,
wg-1703,nutrition_metabolism,Vitamin D Nutritional Requirement,nutrient_level,Normal,,,,1703,https://www.wegene.com/en/report2/detail/1703,rs10877;rs1155563;rs12512631,METTL1;CYP2R1;NADSYN1,rs10877=TT,genotype_lookup,
wg-250,nutrition_metabolism,Vitamin E Nutritional Requirement,nutrient_level,Slightly High,,,,250,https://www.wegene.com/en/report2/detail/250,rs964184;rs699407;rs2108622,ZPR1;CYP4F2,rs964184=CG;rs699407=AT,genotype_lookup,
wg-1701,nutrition_metabolism,Vitamin K Nutritional Requirement,nutrient_level,Normal,,,normal Vitamin K intake,1701,https://www.wegene.com/en/report2/detail/1701,rs2108622;rs9923231,CYP4F2;VKORC1,,genotype_lookup,
wg-1704,nutrition_metabolism,Zinc Nutritional Requirement,nutrient_level,High,,,,1704,https://www.wegene.com/en/report2/detail/1704,rs13266;rs11126936;rs233804,SLC30A;SLC30A8;SLC39A8;SLC39A14;SLC39A,rs13266=CT,genotype_lookup,
wg-42,health_risk,Age-related Macular Degeneration (AMD),relative_risk,0.01 times,0.01,fold_change,,42,https://www.wegene.com/en/report2/detail/42,rs3793917;rs3750846;rs3750848;rs10490924;rs10922109;rs1064039;rs11200638;rs2511989;rs1136287;rs5888,CFH;CST3;ARMS2;HTRA1;SERPINF1,rs3793917=TT,polygenic_lookup,
wg-52,health_risk,Alcohol Dependence,relative_risk,0.87 times,0.87,fold_change,,52,https://www.wegene.com/en/report2/detail/52,rs2673136;rs1229984;rs2066702;rs27072;rs7590720;rs492602,SLC6A3;ADH1B,rs2673136=CT,polygenic_lookup,
wg-1647,health_risk,Alcoholic Fatty Liver Disease (AFLD),relative_risk,0.43 times,0.43,fold_change,,1647,https://www.wegene.com/en/report2/detail/1647,rs738409;rs58542926;rs626283,PNPLA3;TM6SF2,rs738409=CT,polygenic_lookup,
wg-1521,health_risk,Allergic Diseases,relative_risk,1.94 times,1.94,fold_change,,1521,https://www.wegene.com/en/report2/detail/1521,rs1444789;rs5743618;rs10865050;rs28895016;rs10414065;rs10910095;rs301806;rs760805;rs76167968,FLG;IL13;STAT6;GSDMB;IL2RA,rs1444789=CC,polygenic_lookup,
wg-57,health_risk,Allergic Rhinitis,relative_risk,1.05 times,1.05,fold_change,,57,https://www.wegene.com/en/report2/detail/57,rs2155219;rs7775228;rs11256017;rs34004019;rs148505069;rs1059513,STAT6;RERE;DCAF1;LPP;JAZF1,rs2155219=TT;rs7775228=CT,polygenic_lookup,
wg-99,health_risk,Alopecia Areata,relative_risk,0.31 times,0.31,fold_change,,99,https://www.wegene.com/en/report2/detail/99,rs9275572;rs574087;rs3118470;rs2009345;rs9275524;rs1024161,IL2RA;CTLA4;ACOXL;IL13;CLEC16A,rs9275572=GG,polygenic_lookup,
wg-60,health_risk,Amyotrophic Lateral Sclerosis (ALS),relative_risk,1.78 times,1.78,fold_change,,60,https://www.wegene.com/en/report2/detail/60,rs10260404;rs2814707;rs2453555;rs10239794;rs4075094;rs12608932;rs6539137;rs11701,DPP6;UNC13A;TXNRD1;ANG,rs10260404=CT,polygenic_lookup,
wg-1699,health_risk,Anorexia Nervosa,relative_risk,1.01 times,1.01,fold_change,,1699,https://www.wegene.com/en/report2/detail/1699,rs13100344;rs2287348;rs2008387;rs10747478;rs9821797,MGMT;ERLEC1;NCKIPSD,rs13100344=CC,polygenic_lookup,
wg-2274,health_risk,Arterial Stiffness,relative_risk,0.98 times,0.98,fold_change,,2274,https://www.wegene.com/en/report2/detail/2274,rs939834;rs1006923;rs10840457,TEX41,rs939834=CT,polygenic_lookup,
wg-53,health_risk,Asthma,relative_risk,0.08 times,0.08,fold_change,,53,https://www.wegene.com/en/report2/detail/53,rs12479210;rs5067;rs3804100;rs1695;rs13153971;rs4794067;rs7216389,SLC6A7;TLR2;GSTP1;INPP4A;NPPA,rs12479210=GG,polygenic_lookup,
wg-1768,health_risk,Astigmatism,relative_risk,0.96 times,0.96,fold_change,,1768,https://www.wegene.com/en/report2/detail/1768,rs7677751;rs12032649;rs72629670;rs12913832;rs10946507,PDGFRA;CASC15;HERC2,rs7677751=CC;rs12032649=AA,polygenic_lookup,
wg-39,health_risk,Atrial Fibrillation,relative_risk,1.2 times,1.2,fold_change,,39,https://www.wegene.com/en/report2/detail/39,rs16997168;rs3853445;rs6666258;rs72700118;rs13376333;rs10033464;rs2200733;rs3903239,PRRX1;HAND2;WNT8A;CAV1;RPL3L,rs16997168=TT;rs3853445=CC,polygenic_lookup,
wg-1587,health_risk,Autism,relative_risk,1.14 times,1.14,fold_change,,1587,https://www.wegene.com/en/report2/detail/1587,rs16976358;rs1858830;rs3740304;rs3784730;rs9532931;rs1353545;rs2828478;rs10258862,FHIT;FOXP1;ATP2B2;DOCK4;POU6F2,rs16976358=CC,polygenic_lookup,
wg-1956,health_risk,Bladder Cancer,relative_risk,3.15 times,3.15,fold_change,,1956,https://www.wegene.com/en/report2/detail/1956,rs1495741;rs798766;rs9642880;rs2294008;rs10936599;rs10775480;rs1014971;rs8102137,SLC14A1;TACC3;PSCA;MYNN;CASC11,rs1495741=TT,polygenic_lookup,
wg-54,health_risk,Brain Aneurysm,relative_risk,1.83 times,1.83,fold_change,,54,https://www.wegene.com/en/report2/detail/54,rs11661542;rs700651;rs1429412;rs11153071;rs62516550;rs9298506;rs1333040,BOLL,rs11661542=GG,polygenic_lookup,
wg-1769,health_risk,Cataract,relative_risk,0.96 times,0.96,fold_change,,1769,https://www.wegene.com/en/report2/detail/1769,rs7615568;rs7548209;rs8176318;rs1695;rs1136410;rs7366355;rs3176459;rs7543472,GSTP1;CASC15;KCNAB1;CDKN2C;OCA2,rs7615568=CG,polygenic_lookup,
wg-1483,health_risk,Celiac Disease,relative_risk,0.75 times,0.75,fold_change,,1483,https://www.wegene.com/en/report2/detail/1483,rs11221332;rs802734;rs2187668;rs17035378;rs653178;rs9851967;rs2305767;rs917997;rs6441961,LPP;MYO9B;PUS10;BACH2,rs11221332=GG,polygenic_lookup,
wg-102,health_risk,Chronic Lymphocytic Leukemia (CLL),relative_risk,5.43 times,5.43,fold_change,,102,https://www.wegene.com/en/report2/detail/102,rs4406737;rs13397985;rs4368253;rs735665;rs7944004;rs7176508;rs872071;rs4987855,PRKD2;SP140;BCL2;IRF4,rs4406737=GG,polygenic_lookup,
wg-72,health_risk,Chronic Obstructive Pulmonary Disease (COPD),relative_risk,0.88 times,0.88,fold_change,,72,https://www.wegene.com/en/report2/detail/72,rs7671261;rs17576;rs3918396;rs7671167;rs3736309;rs8034191;rs503464,AQP5;MMP9;ADAM33;TGFB1,rs7671261=AG,polygenic_lookup,
wg-2275,health_risk,Cirrhosis,relative_risk,1.43 times,1.43,fold_change,,2275,https://www.wegene.com/en/report2/detail/2275,rs671;rs58542926;rs739846;rs1799992;rs738409;rs28929474,HMBS;PNPLA3;SERPINA1;APOE;ALDH2,rs671=CT,polygenic_lookup,
wg-130,health_risk,Cleft Lip and Cleft Palate,relative_risk,2.84 times,2.84,fold_change,,130,https://www.wegene.com/en/report2/detail/130,rs1243573;rs987525;rs7017252;rs12543318;rs861020;rs227731;rs287980,AC;IRF6;NTN1;TMEM19,rs1243573=CT,polygenic_lookup,
wg-44,health_risk,Colorectal Cancer,relative_risk,0.91 times,0.91,fold_change,,44,https://www.wegene.com/en/report2/detail/44,rs12953717;rs4779584;rs1049174;rs266729;rs4939827;rs10411210;rs4464148,SMAD7;RHPN2;APC;CHFR;ADIPOQ,rs12953717=GG;rs4779584=CG,polygenic_lookup,
wg-87,health_risk,Coronary Heart Disease (CHD),relative_risk,0.92 times,0.92,fold_change,,87,https://www.wegene.com/en/report2/detail/87,rs4708876;rs6903956;rs852787;rs9349379;rs12469758;rs3782886;rs229856;rs7439293;rs662;rs10757278,BRAP;SNX19;ADTRP;PALLD;PON1;SCML4;THSD7A;DAB1;CDKN2BAS,rs4708876=AG,polygenic_lookup,
wg-1552,health_risk,Dental Caries,relative_risk,0.89 times,0.89,fold_change,,1552,https://www.wegene.com/en/report2/detail/1552,rs2046315;rs28822480;rs10486722;rs11672900;rs10048146;rs1079204,AAMP;PBX3,rs2046315=GG;rs28822480=TT,polygenic_lookup,
wg-1550,health_risk,Dental Retardation,relative_risk,2.9 times,2.9,fold_change,,1550,https://www.wegene.com/en/report2/detail/1550,rs997154;rs5936487;rs1956529;rs10740993;rs2281845;rs12424086;rs4491709,MSRB3;EDA;RAD51B;CACNB2,rs997154=GG,polygenic_lookup,
wg-242,health_risk,Depression,relative_risk,0.35 times,0.35,fold_change,,242,https://www.wegene.com/en/report2/detail/242,rs2267015;rs2156921;rs2267012;rs3761418;rs2267013;rs1360780,BCR;FKBP5;SORCS3,rs2267015=GG;rs2156921=AG,polygenic_lookup,
wg-131,health_risk,Developmental Dyslexia,relative_risk,0.62 times,0.62,fold_change,,131,https://www.wegene.com/en/report2/detail/131,rs3765502;rs2274305;rs2255526;rs1079727;rs41012;rs761100,KIAA0319;DCDC2;DRD2;AUTS2,rs3765502=CT,polygenic_lookup,
wg-48,health_risk,Esophageal Cancer,relative_risk,1.22 times,1.22,fold_change,,48,https://www.wegene.com/en/report2/detail/48,rs2074356;rs130079;rs1041981;rs1050631;rs2274223,AC;PLCE1;SLC39A6;HECTD4;CCHCR1;TCN2;TNXB;LTA;CYP26B1,rs2074356=CC,polygenic_lookup,
wg-132,health_risk,Essential Tremor,relative_risk,1.59 times,1.59,fold_change,,132,https://www.wegene.com/en/report2/detail/132,,,,,
wg-73,health_risk,Follicular Lymphoma,relative_risk,0.5 times,0.5,fold_change,,73,https://www.wegene.com/en/report2/detail/73,rs6457327;rs13254990;rs6444305;rs12195582;rs4938573;rs10484561,LPP;PVT1,rs6457327=AA;rs13254990=AG,polygenic_lookup,
wg-1957,health_risk,Gastroesophageal reflux disease,relative_risk,1.3 times,1.3,fold_change,,1957,https://www.wegene.com/en/report2/detail/1957,rs12357321;rs1716171;rs2734839;rs1479405;rs2106353;rs9940128;rs7600261,DRD2;FTO;ERBB4;FOXP2;DPYD,rs12357321=CC,polygenic_lookup,
wg-1547,health_risk,Gingivitis,relative_risk,0.5 times,0.5,fold_change,,1547,https://www.wegene.com/en/report2/detail/1547,rs1800795;rs1800896;rs3918242,,rs1800795=CC,polygenic_lookup,
wg-1936,health_risk,Haemorrhoids,relative_risk,0.95 times,0.95,fold_change,,1936,https://www.wegene.com/en/report2/detail/1936,rs2218793;rs676996;rs17293632;rs6482359;rs4345978;rs2186797;rs35318931,ANO1;SRPX;ABO;GDF7,rs2218793=GG,polygenic_lookup,
wg-2415,health_risk,Hyperthyroidism,relative_risk,0.7 times,0.7,fold_change,,2415,https://www.wegene.com/en/report2/detail/2415,rs7555082;rs6574611;rs604912;rs2476491;rs3742721;rs2476601;rs3087243;rs8043085,PTPN22;CTLA4;RASGRP1;FAM227B;CEP128,rs7555082=AG;rs6574611=GG,polygenic_lookup,
wg-134,health_risk,Hypertriglyceridemia,relative_risk,0.21 times,0.21,fold_change,,134,https://www.wegene.com/en/report2/detail/134,rs2068888;rs9686661;rs261342;rs1260326;rs964184,ZPR1;GCKR,rs2068888=CC;rs9686661=CC,polygenic_lookup,
wg-81,health_risk,Idiopathic Pulmonary Fibrosis (IPF),relative_risk,0.18 times,0.18,fold_change,,81,https://www.wegene.com/en/report2/detail/81,rs12699415;rs2034650;rs6793295;rs12912339;rs2076295;rs121610495;rs1278769,DPP9;ATP11A;DSP;LRRC34;MAPT;TERT;MUC2,rs12699415=AG,polygenic_lookup,
wg-1974,health_risk,Insomnia,relative_risk,0.74 times,0.74,fold_change,,1974,https://www.wegene.com/en/report2/detail/1974,rs1344829;rs67588220;rs2792990;rs145611631;rs79693059;rs55777621;rs13107325;rs12039093;rs703848,PPP1R10;SLC39A8;DPYD;MYO1A;II,rs1344829=TT,polygenic_lookup,
wg-1747,health_risk,Kawasaki Disease,relative_risk,1.65 times,1.65,fold_change,,1747,https://www.wegene.com/en/report2/detail/1747,rs1801274;rs2130392;rs28493229;rs2233152;rs2254546;rs2736340,PELI1;FCGR2A;ITPKC;CENPU,rs1801274=AA,polygenic_lookup,
wg-38,health_risk,Late-Onset Alzheimer's Disease,relative_risk,3.07 times,3.07,fold_change,,38,https://www.wegene.com/en/report2/detail/38,rs7101429;rs6675281;rs1992269;rs7412;rs892086;rs908832;rs5848,SORL1;PSEN1;ABCA2;APOE;GCH1;KCNJ15,rs7101429=CT,polygenic_lookup,
wg-1585,health_risk,Male Baldness,relative_risk,3.32 times,3.32,fold_change,,1585,https://www.wegene.com/en/report2/detail/1585,rs2180439;rs929626;rs6113492;rs1160312;rs1998076;rs1385699;rs2223841;rs1422798,EDA2R;SPPL2C;SLC14A2;EBF1,rs2180439=GG,polygenic_lookup,
wg-113,health_risk,Male Breast Cancer,relative_risk,1.08 times,1.08,fold_change,,113,https://www.wegene.com/en/report2/detail/113,rs1314913;rs3803662,RAD51B;CASC16,rs1314913=AA,polygenic_lookup,
wg-61,health_risk,Male Infertility,relative_risk,0.84 times,0.84,fold_change,,61,https://www.wegene.com/en/report2/detail/61,rs35576928;rs2477686;rs3129878;rs12097821;rs498422,PRM1,rs35576928=CG,polygenic_lookup,
wg-1551,health_risk,Mandibular Protrusion,relative_risk,0.94 times,0.94,fold_change,,1551,https://www.wegene.com/en/report2/detail/1551,rs4654388;rs229038;rs1793953,EPB41;COL2A1,rs4654388=GG,polygenic_lookup,
wg-68,health_risk,Melanoma,relative_risk,5.57 times,5.57,fold_change,,68,https://www.wegene.com/en/report2/detail/68,rs16891982;rs12785878;rs35407;rs1408799;rs10741657;rs4785763;rs910873,SLC45A2;PIGU;CASP8;HERC2,rs16891982=CG;rs12785878=AG,polygenic_lookup,
wg-62,health_risk,Meningioma,relative_risk,1.07 times,1.07,fold_change,,62,https://www.wegene.com/en/report2/detail/62,rs1801394;rs12770228;rs11012732;rs4968451;rs1805087,MLLT10;CASC10;MTRR;BRIP1;AC,rs1801394=AG,polygenic_lookup,
wg-107,health_risk,Migraines,relative_risk,0.91 times,0.91,fold_change,,107,https://www.wegene.com/en/report2/detail/107,rs56019088;rs9349379;rs2160875;rs1024905;rs10218452;rs10166942;rs2651899,TRPM8;PRDM16;LRP1;PLCE1;DD,rs56019088=AA,polygenic_lookup,
wg-1548,health_risk,Mouth Ulcers,relative_risk,1.68 times,1.68,fold_change,,1548,https://www.wegene.com/en/report2/detail/1548,rs1800871;rs11697325;rs1800796;rs1801133;rs1800896;rs1143634,MTHFR;IL1B;NLRP3;MMP9;SELE,rs1800871=AA,polygenic_lookup,
wg-69,health_risk,Multiple Sclerosis (MS),relative_risk,3.62 times,3.62,fold_change,,69,https://www.wegene.com/en/report2/detail/69,rs117822168;rs3135391;rs3135388;rs3129934;rs7326018;rs10492972;rs725613;rs68979932;rs10984447,KIF1B;CLEC16A;IL7R;BRINP1,rs117822168=AG,polygenic_lookup,
wg-2276,health_risk,Multisite Chronic Pain,relative_risk,0.98 times,0.98,fold_change,,2276,https://www.wegene.com/en/report2/detail/2276,rs11871043;rs2424248;rs1946247;rs1443914;rs6926377;rs10888692;rs6770476,FAF1;STAG1;GABRB2;SORCS3;KNDC1,rs11871043=CC;rs2424248=GT,polygenic_lookup,
wg-135,health_risk,Myeloproliferative Neoplasm (MPN),relative_risk,0.7 times,0.7,fold_change,,135,https://www.wegene.com/en/report2/detail/135,rs4487645;rs12340895;rs13338946;rs10936600;rs1948915,JAK2;LRRC34;ELL2;CCAT1;WAC;AC,rs4487645=CC,polygenic_lookup,
wg-2273,health_risk,Myocardial Infarction (MI),relative_risk,1.08 times,1.08,fold_change,,2273,https://www.wegene.com/en/report2/detail/2273,rs2422293;rs55730499;rs9982601;rs1620983;rs55766194;rs11591147;rs6761276;rs10455872,PCSK9;IL1F10;NEDD9;LPA;NOS3,rs2422293=CC,polygenic_lookup,
wg-1766,health_risk,Myopia,relative_risk,0.39 times,0.39,fold_change,,1766,https://www.wegene.com/en/report2/detail/1766,rs2166181;rs12032649;rs7042950;rs1550094;rs2155413;rs10880855;rs1649068;rs1994840,PRSS56;RGR;FLT1;TFAP2B,rs2166181=TT,polygenic_lookup,
wg-76,health_risk,Neuroblastoma,relative_risk,4.16 times,4.16,fold_change,,76,https://www.wegene.com/en/report2/detail/76,rs6939340;rs6435862;rs3768716;rs7585356;rs110419,CASC15;BARD1;LMO1,rs6939340=GT,polygenic_lookup,
wg-77,health_risk,Nicotine Dependence,relative_risk,1.75 times,1.75,fold_change,,77,https://www.wegene.com/en/report2/detail/77,rs910083;rs4648317;rs16969968;rs1051730;rs806368;rs1044396;rs10485057,CHRNA4;OPRM1;CHRNA3;CHRNA5;DRD2;CNR1;AC,rs910083=AG,polygenic_lookup,
wg-136,health_risk,Non-Alcoholic Fatty Liver Disease (NAFLD),relative_risk,0.77 times,0.77,fold_change,,136,https://www.wegene.com/en/report2/detail/136,rs17216588;rs1260326;rs2290602;rs58542926;rs8107974;rs3772622,PPARGC1A;AGTR1,rs17216588=GG;rs1260326=AT,polygenic_lookup,
wg-86,health_risk,Obesity,relative_risk,0.66 times,0.66,fold_change,,86,https://www.wegene.com/en/report2/detail/86,,,,,
wg-1546,health_risk,Open-Angle Glaucoma,relative_risk,0.32 times,0.32,fold_change,,1546,https://www.wegene.com/en/report2/detail/1546,rs2472493;rs10819187;rs33912345;rs2472494;rs6952464;rs10918274;rs12139208,TMCO1;RSPO1;RARB;EXOC2;ANGPT1,rs2472493=AA,polygenic_lookup,
wg-116,health_risk,Osteoarthritis (OA),relative_risk,1.56 times,1.56,fold_change,,116,https://www.wegene.com/en/report2/detail/116,rs1330349;rs11071366;rs11984666;rs10492367;rs7294636;rs10947262;rs11718863;rs7639618;rs143383;rs4140564,BTNL2;MCF2L;GDF5;IL1B;COG5,rs1330349=TT,polygenic_lookup,
wg-1554,health_risk,Osteoporosis,relative_risk,3.04 times,3.04,fold_change,,1554,https://www.wegene.com/en/report2/detail/1554,rs4988321;rs34240317;rs13182402;rs3770748;rs2306033;rs10457487;rs11003047;rs3736228,RSPO3;ESR1;LRP5;FUBP3;QPCT;DI,rs4988321=AG;rs34240317=GG,polygenic_lookup,
wg-64,health_risk,Paget's Disease of Bone,relative_risk,1.32 times,1.32,fold_change,,64,https://www.wegene.com/en/report2/detail/64,rs3018362;rs484959;rs1561570,OPTN,rs3018362=CT,polygenic_lookup,
wg-79,health_risk,Pancreatic Cancer,relative_risk,1.36 times,1.36,fold_change,,79,https://www.wegene.com/en/report2/detail/79,rs1517037;rs3790844;rs505922;rs9543325;rs13303010;rs1801516;rs2941471;rs4795218,ATM;NR5A2;ABO;NOC2L;HNF4G;HNF1B;GRP,rs1517037=AA,polygenic_lookup,
wg-47,health_risk,Parkinson's Disease (PD),relative_risk,0.93 times,0.93,fold_change,,47,https://www.wegene.com/en/report2/detail/47,rs10513789;rs11155313;rs34311866;rs823128;rs11868035;rs111290936;rs112019125;rs9652490,MCCC1;EIF4G1;PHACTR2;SREBF1;SLC45A3,rs10513789=GG,polygenic_lookup,
wg-1549,health_risk,Periodontitis,relative_risk,1.01 times,1.01,fold_change,,1549,https://www.wegene.com/en/report2/detail/1549,rs2521634;rs1537415;rs6596473;rs3826782;rs3811046;rs1143634,ADGRE1;IL1B;SLC23A1;GLT6D1;IL37,rs2521634=GG;rs1537415=GG,polygenic_lookup,
wg-50,health_risk,Primary Biliary Cholangitis (PBC),relative_risk,1.31 times,1.31,fold_change,,50,https://www.wegene.com/en/report2/detail/50,rs574808;rs3745516;rs2856683;rs4979462;rs9303277;rs3790565;rs7574865;rs6441286,TNFSF15;SPIB;IL12RB2,rs574808=GG,polygenic_lookup,
wg-40,health_risk,Prostate Cancer,relative_risk,0.17 times,0.17,fold_change,,40,https://www.wegene.com/en/report2/detail/40,rs1800896;rs7652331;rs2011077;rs10993994;rs2107301;rs1056836;rs1167269,FYCO1;FGFR4;CYP1B1;TIMM23B;PCAT19,rs1800896=CC;rs7652331=AG,polygenic_lookup,
wg-74,health_risk,Renal Cancer,relative_risk,1.03 times,1.03,fold_change,,74,https://www.wegene.com/en/report2/detail/74,rs1049380;rs699947;rs3025039;rs7105934;rs12105918,AC;ITPR2;ZEB2;VEGFA,rs1049380=CC,polygenic_lookup,
wg-93,health_risk,Rheumatoid Arthritis (RA),relative_risk,0.16 times,0.16,fold_change,,93,https://www.wegene.com/en/report2/detail/93,rs6457617;rs872863;rs4713581;rs9268614;rs8087252;rs2837960;rs660895;rs2269475,AIF1;STAT4;MMEL1;ZNF679;TRAF1,rs6457617=CT,polygenic_lookup,
wg-243,health_risk,Schizophrenia,relative_risk,0.01 times,0.01,fold_change,,243,https://www.wegene.com/en/report2/detail/243,,,,,
wg-119,health_risk,Scoliosis,relative_risk,0.52 times,0.52,fold_change,,119,https://www.wegene.com/en/report2/detail/119,rs9389985;rs11190870;rs11205303;rs2467146;rs482012,FTO;PLXNA2;CDH13;ADGRG6,rs9389985=TT,polygenic_lookup,
wg-1973,health_risk,Spontaneous Urticaria,relative_risk,0.98 times,0.98,fold_change,,1973,https://www.wegene.com/en/report2/detail/1973,rs708777;rs453755;rs34141382,,rs708777=GT,polygenic_lookup,
wg-49,health_risk,Stomach Cancer,relative_risk,1.05 times,1.05,fold_change,,49,https://www.wegene.com/en/report2/detail/49,rs2070600;rs2294008;rs2275913;rs2227692;rs2333227;rs2274223,AGER;SERPINE1;PLCE1;IL17A;PSCA;MPO,rs2070600=TT,polygenic_lookup,
wg-216,health_risk,Sudden Cardiac Death (SCD),relative_risk,0.4 times,0.4,fold_change,,216,https://www.wegene.com/en/report2/detail/216,rs16847548;rs174230;rs4665058,BAZ2B,rs16847548=CC,polygenic_lookup,
wg-98,health_risk,Systemic Lupus Erythematosus (SLE),relative_risk,0.34 times,0.34,fold_change,,98,https://www.wegene.com/en/report2/detail/98,rs3093061;rs11185602;rs9270970;rs1780813;rs3748079;rs10488631;rs1143679;rs2004640;rs2280714,STAT4;TNPO3;ITGAM;TYK2,rs3093061=TT;rs11185602=GG;rs9270970=CT,polygenic_lookup,
wg-84,health_risk,Tardive Dyskinesia,relative_risk,0.42 times,0.42,fold_change,,84,https://www.wegene.com/en/report2/detail/84,rs1800497,ANKK1,rs1800497=GG,polygenic_lookup,
wg-82,health_risk,Testicular Cancer,relative_risk,2.01 times,2.01,fold_change,,82,https://www.wegene.com/en/report2/detail/82,rs210138;rs4324715;rs4474514;rs6897876;rs3782179;rs2059693;rs2736100;rs755383,BAK1;TERT;DMRT1;KITLG,rs210138=CT,polygenic_lookup,
wg-83,health_risk,Thyroid Cancer,relative_risk,0.27 times,0.27,fold_change,,83,https://www.wegene.com/en/report2/detail/83,rs965513;rs1867277;rs2145418;rs699947;rs944289,AC;FOXE1,rs965513=AA;rs1867277=CT,polygenic_lookup,
wg-70,health_risk,Type 1 Diabetes (T1D),relative_risk,0.02 times,0.02,fold_change,,70,https://www.wegene.com/en/report2/detail/70,rs725613;rs9273363;rs5498;rs2395185;rs9272346;rs7255613;rs7574865;rs3804100,NOS3;TLR2;ICAM1,rs725613=CC,polygenic_lookup,
wg-66,health_risk,Type 2 Diabetes (T2D),relative_risk,0.77 times,0.77,fold_change,,66,https://www.wegene.com/en/report2/detail/66,rs9465871;rs1801282;rs2943641;rs2295490;rs4506565;rs10012946;rs136634;rs10830963;rs3802177;rs117767867;rs13266634;rs1799884,WFS1;MTNR1B;TCF7L2;SLC30A8;KCNJ11,rs9465871=GG,polygenic_lookup,
wg-109,health_risk,UPDATE Abdominal Aortic Aneurysm (AAA),relative_risk,1.39 times,1.39,fold_change,,109,https://www.wegene.com/en/report2/detail/109,rs7025486;rs434182;rs2836411;rs12740374;rs7994761;rs10757278;rs11591147,DAB2IP;PCSK9;LPA;LPL;ERG,rs7025486=CC,polygenic_lookup,
wg-100,health_risk,UPDATE Ankylosing Spondylitis (AS),relative_risk,0.86 times,0.86,fold_change,,100,https://www.wegene.com/en/report2/detail/100,rs2303138;rs6759298;rs10865331;rs1860545;rs11616188;rs10050860;rs30187,ERAP1;ERAP2;LNPEP;IL23R;TNFRSF1A,rs2303138=GG;rs6759298=AA;rs10865331=GG,polygenic_lookup,
wg-1746,health_risk,UPDATE Aortic Dissection,relative_risk,1.01 times,1.01,fold_change,,1746,https://www.wegene.com/en/report2/detail/1746,rs9316871;rs1818275;rs2118181;rs2272007;rs11172113;rs10519177,FBN1;LRP1;ULK4;TCF7L2;PLCE1,rs9316871=CT,polygenic_lookup,
wg-101,health_risk,UPDATE Atopic Dermatitis,relative_risk,1.67 times,1.67,fold_change,,101,https://www.wegene.com/en/report2/detail/101,rs2155219;rs12081541;rs12144049;rs10738626;rs10995251;rs848;rs479844;rs7927894,IL13;ZNF365;PUS10;CLEC16A,rs2155219=CC,polygenic_lookup,
wg-128,health_risk,UPDATE Attention Deficit Hyperactivity Disorder (ADHD),relative_risk,0.49 times,0.49,fold_change,,128,https://www.wegene.com/en/report2/detail/128,rs1427829;rs6686722;rs212178;rs1801260;rs2886697;rs11420276,FOXP2;IP6K1;PTPRF;LSM6;COL19A1,rs1427829=CT,polygenic_lookup,
wg-1752,health_risk,UPDATE Autoimmune Hepatitis,relative_risk,0.6 times,0.6,fold_change,,1752,https://www.wegene.com/en/report2/detail/1752,rs6000782;rs3891175;rs6932730;rs2187668;rs72929257;rs6809477,SYNPR,rs6000782=CT,polygenic_lookup,
wg-129,health_risk,UPDATE Back Pain,relative_risk,1.25 times,1.25,fold_change,,129,https://www.wegene.com/en/report2/detail/129,rs2073711;rs6651255;rs62004866;rs1934268;rs7833174,CILP;PTPRD;CRLF1;NCAM1;SLC39A8,rs2073711=AG;rs6651255=TT;rs62004866=CG,polygenic_lookup,
wg-71,health_risk,UPDATE Behçet’s Syndrome,relative_risk,0.01 times,0.01,fold_change,,71,https://www.wegene.com/en/report2/detail/71,rs1800871;rs9277724;rs9266406;rs6910516;rs79831785;rs1518111;rs1495965,IL10;TFCP2L1;FUT2,rs1800871=TT,polygenic_lookup,
wg-96,health_risk,UPDATE Bipolar Disorder,relative_risk,0.29 times,0.29,fold_change,,96,https://www.wegene.com/en/report2/detail/96,rs10994397;rs4713902;rs1012053;rs1375144;rs10937823;rs4027132;rs1064395,SORCS2;DGKH;FKBP5;ANK3;DPP10,rs10994397=CC,polygenic_lookup,
wg-95,health_risk,UPDATE Crohn's Disease (CD),relative_risk,0.56 times,0.56,fold_change,,95,https://www.wegene.com/en/report2/detail/95,rs1465788;rs2631367;rs1050152;rs1004819;rs10761659;rs2201841;rs1793004;rs11209026;rs1800972;rs11465788,IL23R;NOD2;ATG16L1;PTPN2,rs1465788=CG,polygenic_lookup,
wg-1555,health_risk,UPDATE Diverticulosis,relative_risk,0.71 times,0.71,fold_change,,1555,https://www.wegene.com/en/report2/detail/1555,rs9482094;rs875107;rs3732760;rs2131755;rs4662344;rs101203333;rs10173528,BABAM2;BMPR1B;CACNB2;TRPS1;ELN,rs9482094=CC,polygenic_lookup,
wg-103,health_risk,UPDATE Dupuytren's Disease,relative_risk,0.83 times,0.83,fold_change,,103,https://www.wegene.com/en/report2/detail/103,rs7291412;rs9626908;rs6519955;rs2162353;rs611744;rs16879765;rs4730775,EPDR1;WNT2;NEDD4;ITGA11;MMP14,rs7291412=CT,polygenic_lookup,
wg-1748,health_risk,UPDATE Epilepsy,relative_risk,0.76 times,0.76,fold_change,,1748,https://www.wegene.com/en/report2/detail/1748,rs1939012;rs10496964;rs12059546;rs2292096;rs11066015;rs6732655,CAMSAP2;MMP8;SCN1A,rs1939012=CT,polygenic_lookup,
wg-67,health_risk,UPDATE Exfoliative Glaucoma,relative_risk,1.36 times,1.36,fold_change,,67,https://www.wegene.com/en/report2/detail/67,rs4926244;rs3825942;rs2107856,LOXL1;CACNA1A;CNTNAP2,rs4926244=TT;rs3825942=GG,polygenic_lookup,
wg-92,health_risk,UPDATE Gallstones,relative_risk,2.24 times,2.24,fold_change,,92,https://www.wegene.com/en/report2/detail/92,rs1260326;rs708686;rs601338;rs10426201;rs9843304;rs6742078;rs9514089;rs11887534,SLC10A2;UGT1A1;ABCG8,rs1260326=TT,polygenic_lookup,
wg-88,health_risk,UPDATE Gout,relative_risk,0.7 times,0.7,fold_change,,88,https://www.wegene.com/en/report2/detail/88,rs1871744;rs11733284;rs6449137;rs1014290;rs2231142;rs1165205;rs12498742;rs16890979,SLC17A3;SLC2A9;ALDH16A1;LRP2,rs1871744=AA,polygenic_lookup,
wg-133,health_risk,UPDATE Hashimoto's Thyroiditis,relative_risk,0.13 times,0.13,fold_change,,133,https://www.wegene.com/en/report2/detail/133,rs5912838;rs11729526;rs1521;rs7137828;rs9271365;rs2476601;rs1265883;rs1024161,PTPN22;SLAMF6;STAT4;TLR3;IL2RA,rs5912838=CC;rs11729526=GG,polygenic_lookup,
wg-104,health_risk,UPDATE Hypertension,relative_risk,1.72 times,1.72,fold_change,,104,https://www.wegene.com/en/report2/detail/104,rs11634851;rs891511;rs4961;rs3821845;rs4980379;rs3754777;rs28394055,ADD1;NOS3;CACNB2;CYP11B2;MTHFR,rs11634851=GG;rs891511=CT,polygenic_lookup,
wg-106,health_risk,UPDATE Hypothyroidism,relative_risk,0.23 times,0.23,fold_change,,106,https://www.wegene.com/en/report2/detail/106,rs9472137;rs9271365;rs3184504;rs2517532;rs7754251;rs6583048;rs2476601,PTPN22;SH2B3;VAV3;JAK1;SLC1A2,rs9472137=TT,polygenic_lookup,
wg-58,health_risk,UPDATE Keloid,relative_risk,0.79 times,0.79,fold_change,,58,https://www.wegene.com/en/report2/detail/58,rs7297246;rs873549;rs13051336;rs8032158;rs244755;rs940187;rs12568930,NEDD4;BPESC1;PHLDA3;CASC18,rs7297246=TT,polygenic_lookup,
wg-59,health_risk,UPDATE Kidney Diseases,relative_risk,0.86 times,0.86,fold_change,,59,https://www.wegene.com/en/report2/detail/59,rs2187668;rs3782886;rs3115665;rs873549;rs4664308;rs6495446,PLA2R1;MTHFS;RPL3L;APOL1,rs2187668=CG;rs3782886=TT,polygenic_lookup,
wg-1649,health_risk,UPDATE Laryngocarcinoma,relative_risk,2.73 times,2.73,fold_change,,1649,https://www.wegene.com/en/report2/detail/1649,rs1056836;rs1056827;rs4975616;rs10774632;rs10419397,CYP1B1;BRCA2,rs1056836=AA,polygenic_lookup,
wg-1646,health_risk,UPDATE Liver Cancer,relative_risk,0.45 times,0.45,fold_change,,1646,https://www.wegene.com/en/report2/detail/1646,rs2294922;rs3794991;rs58542926;rs9267673;rs12100561;rs10401969;rs7574865;rs9275319;rs17401966,KIF1B;STAT4;C2;MICA;EFCAB11,rs2294922=CT;rs3794991=CT,polygenic_lookup,
wg-1650,health_risk,UPDATE Lumbar Disc Herniation,relative_risk,1.9 times,1.9,fold_change,,1650,https://www.wegene.com/en/report2/detail/1650,rs1676486;rs9406328;rs9450607;rs6651255;rs143383,COL11A1;GDF5;THBS2;KIAA1217;GSDMC,rs1676486=AA,polygenic_lookup,
wg-91,health_risk,UPDATE Lung Cancer,relative_risk,0.83 times,0.83,fold_change,,91,https://www.wegene.com/en/report2/detail/91,rs4268071;rs763317;rs17576;rs2464196;rs664143;rs2352028;rs2293347;rs11614913,MMP9;HNF1A;EGFR;GPC5;MPO,rs4268071=AA,polygenic_lookup,
wg-114,health_risk,UPDATE Narcolepsy,relative_risk,0.67 times,0.67,fold_change,,114,https://www.wegene.com/en/report2/detail/114,rs198811;rs1154155;rs2305795;rs3815556;rs34593439;rs7553711,P2RY11;ZNF365;CD207,rs198811=TT,polygenic_lookup,
wg-63,health_risk,UPDATE Nasopharyngeal Carcinoma,relative_risk,0.04 times,0.04,fold_change,,63,https://www.wegene.com/en/report2/detail/63,rs9260734;rs2844484;rs1611163;rs2894207;rs29232;rs9510787;rs31489;rs9268644;rs1412829,TNFRSF19;CLPTM1L;GABBR1,rs9260734=AA,polygenic_lookup,
wg-85,health_risk,UPDATE Obsessive-Compulsive Disorder (OCD),relative_risk,0.41 times,0.41,fold_change,,85,https://www.wegene.com/en/report2/detail/85,rs4904738;rs4565946;rs25531;rs7856850;rs4702,TPH2;SLC6A4;PTPRD;LSAMP;FURIN,rs4904738=CC,polygenic_lookup,
wg-1765,health_risk,UPDATE Obstructive Sleep Apnea,relative_risk,2.03 times,2.03,fold_change,,1765,https://www.wegene.com/en/report2/detail/1765,rs11588454;rs12415421;rs6455893;rs2808630;rs2975100;rs10097555;rs9526240,NRG1;GDNF;HTR2A;MACF1,rs11588454=CT,polygenic_lookup,
wg-1648,health_risk,UPDATE Oral Cancer,relative_risk,0.32 times,0.32,fold_change,,1648,https://www.wegene.com/en/report2/detail/1648,rs401775;rs5953210;rs2517452;rs3846449;rs928674;rs8181047;rs6547741,MAOA;CLPTM1L;TNXB,rs401775=AA,polygenic_lookup,
wg-1485,health_risk,UPDATE Otosclerosis,relative_risk,1.46 times,1.46,fold_change,,1485,https://www.wegene.com/en/report2/detail/1485,rs39375;rs2118612;rs80339979;rs553652;rs10592836;rs791903;rs4877080,RELN;SUPT3H;AHSG;DD;DI;AC,rs39375=TT,polygenic_lookup,
wg-80,health_risk,UPDATE Peripheral Artery Disease (PAD),relative_risk,1.09 times,1.09,fold_change,,80,https://www.wegene.com/en/report2/detail/80,rs62084752;rs7452960;rs1051730;rs1317286;rs505922;rs6025;rs322,CHRNA3;F5;LPL;PTPN11,rs62084752=AG;rs7452960=AG,polygenic_lookup,
wg-1770,health_risk,UPDATE Post-Traumatic Stress Disorder (PTSD),relative_risk,0.43 times,0.43,fold_change,,1770,https://www.wegene.com/en/report2/detail/1770,rs34517852;rs386231;rs3800872;rs1033962;rs34465541,PRTFDC1;NOS1AP;FOXP2,rs34517852=TT,polygenic_lookup,
wg-1749,health_risk,UPDATE Primary Adrenal Insufficiency,relative_risk,1.63 times,1.63,fold_change,,1749,https://www.wegene.com/en/report2/detail/1749,rs10806425;rs2075876;rs7137828;rs11571303;rs7565213;rs11203203;rs3757247,AIRE;UBASH3A;BACH2;PTPN22;CTLA4,rs10806425=GG,polygenic_lookup,
wg-1751,health_risk,UPDATE Primary Sclerosing Cholangitis (PSC),relative_risk,1.03 times,1.03,fold_change,,1751,https://www.wegene.com/en/report2/detail/1751,rs3749171;rs3197999;rs602662;rs3748816;rs4077515;rs4676410,GPR35;FUT2;MST1;BCL2L11,rs3749171=AG,polygenic_lookup,
wg-108,health_risk,UPDATE Progressive Supranuclear Palsy (PSP),relative_risk,2.66 times,2.66,fold_change,,108,https://www.wegene.com/en/report2/detail/108,rs6687758;rs242557;rs12197948;rs1411478;rs631312;rs9468,SLCO1A2;MAPT;STX6,rs6687758=GG,polygenic_lookup,
wg-90,health_risk,UPDATE Psoriasis,relative_risk,3.08 times,3.08,fold_change,,90,https://www.wegene.com/en/report2/detail/90,rs492602;rs1265181;rs10484554;rs12650590;rs1576;rs3212227;rs2395029,IL12B;HCP5;ERAP1;TYK2;IL23R,rs492602=CG,polygenic_lookup,
wg-75,health_risk,UPDATE Renal Calculi,relative_risk,0.99 times,0.99,fold_change,,75,https://www.wegene.com/en/report2/detail/75,rs670676;rs17216707;rs1256328;rs7627468;rs729761;rs11746443;rs1000597;rs4142110,RGS14;DGKH;UMOD;CLDN14;ALPL,rs670676=CT,polygenic_lookup,
wg-46,health_risk,UPDATE Restless Leg Syndrome (RLS),relative_risk,0.97 times,0.97,fold_change,,46,https://www.wegene.com/en/report2/detail/46,rs1389581;rs3923809;rs1975197;rs1848460;rs45544231;rs80319144,BTBD9;PTPRD;CITED1;AC,rs1389581=GG,polygenic_lookup,
wg-117,health_risk,UPDATE Sarcoidosis,relative_risk,1.52 times,1.52,fold_change,,117,https://www.wegene.com/en/report2/detail/117,rs2076530;rs3129888;rs9269233;rs9271346;rs35656642;rs1049550;rs2302006;rs112463197,BTNL2;ANXA11;CCL24;BRD2;AC,rs2076530=AG,polygenic_lookup,
wg-51,health_risk,UPDATE Scleroderma,relative_risk,0.42 times,0.42,fold_change,,51,https://www.wegene.com/en/report2/detail/51,rs2056626;rs1044507;rs3821236;rs2651804;rs11117420;rs443198;rs35677470;rs230534,AC;STAT4;DNASE1L3;NFKB1;NOTCH4,rs2056626=GG,polygenic_lookup,
wg-120,health_risk,UPDATE Selective IgA Deficiency,relative_risk,0.4 times,0.4,fold_change,,120,https://www.wegene.com/en/report2/detail/120,rs9831894;rs34443974;rs7773987;rs1990760;rs2187668;rs9271366,IFIH1;AHI1;AC,rs9831894=CT,polygenic_lookup,
wg-65,health_risk,UPDATE Sjögren's Syndrome,relative_risk,0.25 times,0.25,fold_change,,65,https://www.wegene.com/en/report2/detail/65,rs2069235;rs3757387;rs6579837;rs4282438;rs583911;rs10488631;rs7574865;rs117026326;rs2488457,STAT4;TNPO3;GTF2I;TNFAIP3,rs2069235=CC,polygenic_lookup,
wg-121,health_risk,UPDATE Stroke,relative_risk,0.21 times,0.21,fold_change,,121,https://www.wegene.com/en/report2/detail/121,rs6891174;rs12932445;rs2943634;rs966221;rs12425791;rs3783799;rs2200733,PRKCH;PDE4D;ABCG2;ALOX5AP,rs6891174=AA;rs12932445=TT,polygenic_lookup,
wg-56,health_risk,UPDATE Vitiligo,relative_risk,0.14 times,0.14,fold_change,,56,https://www.wegene.com/en/report2/detail/56,rs10774624;rs229527;rs2304206;rs12421615;rs12771452;rs11203203;rs13076312;rs13208776;rs1393350;rs2236313;rs9468925,UBASH3A;LPP;SMOC2;TYR;RNASET2,rs10774624=CC,polygenic_lookup,
wg-94,health_risk,Ulcerative Colitis,relative_risk,0.91 times,0.91,fold_change,,94,https://www.wegene.com/en/report2/detail/94,rs9858542;rs16940186;rs9271366;rs1801274;rs4654903;rs10883365;rs11209026;rs2395185,BSN;IL23R;CCHCR1;FCGR2A,rs9858542=AG;rs16940186=TT,polygenic_lookup,
wg-1763,health_risk,Vascular Dementia,relative_risk,0.4 times,0.4,fold_change,,1763,https://www.wegene.com/en/report2/detail/1763,rs1333049;rs16952362;rs1801133;rs290227;rs429358,MTHFR;SYK;APOE,rs1333049=GG,polygenic_lookup,
wg-89,health_risk,Venous Thromboembolism (VTE),relative_risk,1.94 times,1.94,fold_change,,89,https://www.wegene.com/en/report2/detail/89,rs1799963;rs191945075;rs687289;rs2066864;rs6025;rs6048;rs1799889;rs2227589,PROCR;F2;F9;LPL,,polygenic_lookup,
wg-1958,health_risk,Vertigo,relative_risk,1.07 times,1.07,fold_change,,1958,https://www.wegene.com/en/report2/detail/1958,rs10862089;rs2272744;rs6753393;rs612969;rs428549;rs7130190,OTOG;TECTA;OTOGL,rs10862089=GG,polygenic_lookup,
wg-1539,genetic_disease,3-Methylcrotonyl CoA Carboxylase 2 Deficiency,carrier_status,Non-carrier,,,,1539,https://www.wegene.com/en/report2/detail/1539,rs119103226,MCCC2,rs119103226=GG,carrier_lookup,
wg-2154,genetic_disease,3-Methylglutaconic Aciduria (MGA),carrier_status,Non-carrier,,,,2154,https://www.wegene.com/en/report2/detail/2154,rs38790;rs39751;rs104894942;rs144078282;rs185461628,SERAC1;TAFAZZIN;CLPB,rs38790=GG;rs39751=CC,carrier_lookup,
wg-2068,genetic_disease,Achromatopsia,carrier_status,Non-carrier,,,,2068,https://www.wegene.com/en/report2/detail/2068,rs76135;rs79704;rs104893613;rs104893614;rs121918539,ATF6;CNGA3;PDE6C;CNGB3;DD,rs76135=CC,carrier_lookup,
wg-2141,genetic_disease,Acrocallosal Syndrome (ACLS),carrier_status,Non-carrier,,,,2141,https://www.wegene.com/en/report2/detail/2141,rs794727316,KIF7,rs794727316=GG,carrier_lookup,
wg-2144,genetic_disease,Acromicric Dysplasia,carrier_status,Non-carrier,,,,2144,https://www.wegene.com/en/report2/detail/2144,rs58777;rs1064797059;rs1131692052;rs1555398394,FBN1;DD,,carrier_lookup,
wg-1987,genetic_disease,Acth-independent Macronodular Adrenal Hyperplasia (AIMAH),carrier_status,Non-carrier,,,,1987,https://www.wegene.com/en/report2/detail/1987,rs369721476,ARMC5,rs369721476=CC,carrier_lookup,
wg-2111,genetic_disease,Acyl-Coenzyme A Dehydrogenase Deficiency,carrier_status,Non-carrier,,,,2111,https://www.wegene.com/en/report2/detail/2111,rs75875;rs796051901;rs121434275;rs121434277;rs121434278,ACADM;II,rs75875=AA,carrier_lookup,
wg-2093,genetic_disease,Agammaglobulinemia,carrier_status,Non-carrier,,,,2093,https://www.wegene.com/en/report2/detail/2093,rs19392;rs104894770;rs128620183;rs128620184,BTK,rs19392=TT;rs104894770=CC;rs128620183=GG;rs128620184=GG,carrier_lookup,
wg-172,genetic_disease,Agenesis of The Corpus Callosum with Peripheral Neuropathy (ACCPN),carrier_status,Non-carrier,,,,172,https://www.wegene.com/en/report2/detail/172,rs121908428,SLC12A6,rs121908428=GG,carrier_lookup,
wg-2155,genetic_disease,Aicardi-Goutieres Syndrome (AGS),carrier_status,Non-carrier,,,,2155,https://www.wegene.com/en/report2/detail/2155,rs78218;rs376048533;rs587777446;rs76642637,TREX1;IFIH1;RNASEH2B;II,rs78218=CC,carrier_lookup,
wg-2138,genetic_disease,Akinesia Deformation Sequence (ADS),carrier_status,Non-carrier,,,,2138,https://www.wegene.com/en/report2/detail/2138,rs121909257;rs794727884,RAPSN;DOK7;II,,carrier_lookup,
wg-2014,genetic_disease,Alkaptonuria,carrier_status,Non-carrier,,,,2014,https://www.wegene.com/en/report2/detail/2014,rs120074173;rs120074174;rs28942100,HGD,rs120074173=CC;rs120074174=CC;rs28942100=GG,carrier_lookup,
wg-173,genetic_disease,Alpha-1 Antitrypsin Deficiency,carrier_status,Non-carrier,,,,173,https://www.wegene.com/en/report2/detail/173,rs17580;rs2892947,SERPINA1,rs17580=TT;rs2892947=CC,carrier_lookup,
wg-2243,genetic_disease,Alpha-N-Acetylgalactosaminidase Deficiency (α-NAGA),carrier_status,Non-carrier,,,,2243,https://www.wegene.com/en/report2/detail/2243,,,,,
wg-1570,genetic_disease,Alport Syndrome,carrier_status,Non-carrier,,,,1570,https://www.wegene.com/en/report2/detail/1570,rs10488;rs12191;rs79472;rs200672668;rs190598500,COL4A5;COL4A3,rs10488=GG;rs12191=CC;rs79472=GG,carrier_lookup,
wg-2156,genetic_disease,Alstrom Syndrome (AS),carrier_status,Non-carrier,,,,2156,https://www.wegene.com/en/report2/detail/2156,rs398122992;rs398122994;rs398122995,ALMS1;II,,carrier_lookup,
wg-1579,genetic_disease,Aminoglycoside-Induced Deafness,carrier_status,Non-carrier,,,,1579,https://www.wegene.com/en/report2/detail/1579,rs267606619;rs28358569;rs267606617,RNR1,,carrier_lookup,
wg-1975,genetic_disease,Angelman Syndrome (AS),carrier_status,Non-carrier,,,,1975,https://www.wegene.com/en/report2/detail/1975,rs587780570;rs79704;rs587780577;rs587781204,UBE3A;II;DD,,carrier_lookup,
wg-2094,genetic_disease,Aniridia,carrier_status,Non-carrier,,,,2094,https://www.wegene.com/en/report2/detail/2094,rs121907900;rs121907906;rs121907916,WT1;PAX6,,carrier_lookup,
wg-2042,genetic_disease,Arginase Deficiency (ARG),carrier_status,Non-carrier,,,,2042,https://www.wegene.com/en/report2/detail/2042,rs104893944;rs104893947;rs104893948,ARG1,rs104893944=GG;rs104893947=GG;rs104893948=GG,carrier_lookup,
wg-1541,genetic_disease,Argininosuccinate Lyase Deficiency,carrier_status,Non-carrier,,,,1541,https://www.wegene.com/en/report2/detail/1541,rs367543006;rs367543005;rs28940286,ASL,rs367543006=CC;rs367543005=CC;rs28940286=CC,carrier_lookup,
wg-1739,genetic_disease,Arrhythmogenic Right Ventricular Cardiomyopathy,carrier_status,Non-carrier,,,,1739,https://www.wegene.com/en/report2/detail/1739,rs12143;rs78620;rs86902,PKP2;DSP,rs12143=GG;rs78620=TT;rs86902=GG,carrier_lookup,
wg-2100,genetic_disease,Arthrogryposis Multiplex Congenita (AMC),carrier_status,Non-carrier,,,,2100,https://www.wegene.com/en/report2/detail/2100,rs104894311;rs104894312;rs121913623,TNNI2;MYH3;ECEL1,,carrier_lookup,
wg-2087,genetic_disease,Aspartylglucosaminuria (AGU),carrier_status,Non-carrier,,,,2087,https://www.wegene.com/en/report2/detail/2087,rs121964908;rs121964909;rs386833420,AGA;II,,carrier_lookup,
wg-2010,genetic_disease,Ataxia-Telangiectasia (AT),carrier_status,Non-carrier,,,,2010,https://www.wegene.com/en/report2/detail/2010,rs12143;rs78620;rs77492;rs77503;rs1057520640;rs1060501687;rs1060501700,ATM;BRAF,rs12143=CC;rs78620=CC;rs77492=AA;rs77503=CC,carrier_lookup,
wg-2089,genetic_disease,Auditory Neuropathy (AN),carrier_status,Non-carrier,,,,2089,https://www.wegene.com/en/report2/detail/2089,rs80356586;rs80356602,OTOF,rs80356586=AA;rs80356602=CC,carrier_lookup,
wg-1577,genetic_disease,Autosomal Dominant Non-Syndromic Deafness,carrier_status,Non-carrier,,,,1577,https://www.wegene.com/en/report2/detail/1577,rs10489;rs74315;rs146670741;rs397517196,GJB2;GJB3;WFS1,rs10489=CC;rs74315=GG,carrier_lookup,
wg-1578,genetic_disease,Autosomal Recessive Non-Syndromic Deafness,carrier_status,Non-carrier,,,,1578,https://www.wegene.com/en/report2/detail/1578,rs10489;rs72750;rs763721044;rs606231410,GJB2;LOXHD;SLC26A4;MYO15A,rs10489=CC;rs72750=GG,carrier_lookup,
wg-2157,genetic_disease,Axenfeld-Rieger Syndrome (ARS),carrier_status,Non-carrier,,,,2157,https://www.wegene.com/en/report2/detail/2157,rs886039568,FOXC1,rs886039568=CC,carrier_lookup,
wg-2158,genetic_disease,Baraitser-Winter Syndrome (BRWS),carrier_status,Non-carrier,,,,2158,https://www.wegene.com/en/report2/detail/2158,rs281875334;rs587779770;rs587780275,ACTB;ACTG1,,carrier_lookup,
wg-2159,genetic_disease,Bardet-Biedl Syndrome (BBS),carrier_status,Non-carrier,,,,2159,https://www.wegene.com/en/report2/detail/2159,rs86322;rs727503818;rs111033571;rs113994190;rs119466002,BBS9;BBS12;BBS2;BBS1;BBS10;TRIM32;II,rs86322=GG,carrier_lookup,
wg-2160,genetic_disease,Bartter Syndrome,carrier_status,Non-carrier,,,,2160,https://www.wegene.com/en/report2/detail/2160,rs140012781,SLC12A3,rs140012781=CC,carrier_lookup,
wg-2161,genetic_disease,Becker Muscular Dystrophy (BMD),carrier_status,Non-carrier,,,,2161,https://www.wegene.com/en/report2/detail/2161,rs39812;rs863225015;rs104894797;rs1064325;rs128625229,DMD;II,rs39812=GG,carrier_lookup,
wg-2080,genetic_disease,Biotinidase Deficiency (BTD),carrier_status,Non-carrier,,,,2080,https://www.wegene.com/en/report2/detail/2080,rs39812;rs39751;rs104893687;rs146136265;rs200507575,BTD;II,rs39812=GG,carrier_lookup,
wg-2162,genetic_disease,Bloom Syndrome (BLM),carrier_status,Non-carrier,,,,2162,https://www.wegene.com/en/report2/detail/2162,rs1356090839;rs367543012;rs367543024,BLM;DD;II,,carrier_lookup,
wg-2163,genetic_disease,Bohring-Opitz Syndrome (BOS),carrier_status,Non-carrier,,,,2163,https://www.wegene.com/en/report2/detail/2163,rs373145711;rs397515401,ASXL1,rs373145711=CC;rs397515401=CC,carrier_lookup,
wg-2164,genetic_disease,Borjeson-Forssman-Lehmann Syndrome (BFLS),carrier_status,Non-carrier,,,,2164,https://www.wegene.com/en/report2/detail/2164,rs132630297;rs132630298;rs132630299,PHF6,rs132630297=GG;rs132630298=GG;rs132630299=GG,carrier_lookup,
wg-1993,genetic_disease,Brachydactyly,carrier_status,Non-carrier,,,,1993,https://www.wegene.com/en/report2/detail/1993,rs28936;rs1014959895;rs1251713297;rs28928891,GDF5;HOXD13;HOXD1,rs28936=TT,carrier_lookup,
wg-2071,genetic_disease,Branchiooculofacial Syndrome (BOFS),carrier_status,Non-carrier,,,,2071,https://www.wegene.com/en/report2/detail/2071,rs793888540;rs793888541,TFAP2A,rs793888540=AA;rs793888541=AA,carrier_lookup,
wg-1582,genetic_disease,Branchiootorenal Spectrum Disorder,carrier_status,Non-carrier,,,,1582,https://www.wegene.com/en/report2/detail/1582,rs397517;rs201509408;rs727504494,EYA1,rs397517=CC;rs201509408=CC;rs727504494=CC,carrier_lookup,
wg-2165,genetic_disease,Bruck Syndrome (BS),carrier_status,Non-carrier,,,,2165,https://www.wegene.com/en/report2/detail/2165,rs387906960;rs794727669;rs869320752,FKBP10;COL1A2;II,,carrier_lookup,
wg-1726,genetic_disease,Brugada Syndrome,carrier_status,Non-carrier,,,,1726,https://www.wegene.com/en/report2/detail/1726,rs12720;rs19947,KCNH2;SCN5A;SCN1B,rs12720=GG;rs19947=AA,carrier_lookup,
wg-2117,genetic_disease,Cardiofaciocutaneous Syndrome (CFC),carrier_status,Non-carrier,,,,2117,https://www.wegene.com/en/report2/detail/2117,rs39750;rs79704;rs104894361;rs104894362;rs1057519732,BRAF;KRAS;MAP2K1;MAP2K2,rs39750=CC;rs79704=AA,carrier_lookup,
wg-1731,genetic_disease,Catecholaminergic Polymorphic Ventricular Tachycardia (CPVT),carrier_status,Non-carrier,,,,1731,https://www.wegene.com/en/report2/detail/1731,rs12143;rs20121;rs88603,CASQ2;RYR2;TRDN,rs12143=CC;rs20121=GG;rs88603=CC,carrier_lookup,
wg-2148,genetic_disease,Centronuclear Myopathy (CNM),carrier_status,Non-carrier,,,,2148,https://www.wegene.com/en/report2/detail/2148,rs587783343,BIN1,rs587783343=CC,carrier_lookup,
wg-2166,genetic_disease,Charcot-Marie-Tooth Disease (CMT),carrier_status,Non-carrier,,,,2166,https://www.wegene.com/en/report2/detail/2166,,,,,
wg-2098,genetic_disease,Chediak-Higashi Syndrome (CHS),carrier_status,Non-carrier,,,,2098,https://www.wegene.com/en/report2/detail/2098,rs28942077;rs80338642;rs80338643,LYST;DD;II,,carrier_lookup,
wg-1989,genetic_disease,Cholestasis,carrier_status,Non-carrier,,,,1989,https://www.wegene.com/en/report2/detail/1989,rs121909098;rs72549402;rs758069019,ATP8B1;ABCB11;ABCB4,,carrier_lookup,
wg-2149,genetic_disease,"Choroidal Dystrophy, Central Areolar (CACD)",carrier_status,Non-carrier,,,,2149,https://www.wegene.com/en/report2/detail/2149,rs121918567,PRPH2,rs121918567=CC,carrier_lookup,
wg-2095,genetic_disease,Choroideremia,carrier_status,Non-carrier,,,,2095,https://www.wegene.com/en/report2/detail/2095,rs132630266,CHM,rs132630266=GG,carrier_lookup,
wg-2012,genetic_disease,Citrullinemia,carrier_status,Non-carrier,,,,2012,https://www.wegene.com/en/report2/detail/2012,rs19283;rs121908638;rs121908647;rs148918985,ASS1;SLC25A13,rs19283=GG,carrier_lookup,
wg-2167,genetic_disease,Cockayne Syndrome (CS),carrier_status,Non-carrier,,,,2167,https://www.wegene.com/en/report2/detail/2167,rs202080674;rs786205166;rs786205167,ERCC6;ERCC8;DD;II,,carrier_lookup,
wg-2101,genetic_disease,"Coenzyme Q10 Deficiency, Primary (COQ10D)",carrier_status,Non-carrier,,,,2101,https://www.wegene.com/en/report2/detail/2101,rs121918231,COQ2,rs121918231=CC,carrier_lookup,
wg-2168,genetic_disease,Coffin-Lowry Syndrome (CLS),carrier_status,Non-carrier,,,,2168,https://www.wegene.com/en/report2/detail/2168,rs122454130;rs398124177,RPS6KA3,rs122454130=AA;rs398124177=CC,carrier_lookup,
wg-2169,genetic_disease,Cohen Syndrome (COH),carrier_status,Non-carrier,,,,2169,https://www.wegene.com/en/report2/detail/2169,rs180177327;rs140353201;rs140936527,VPS13B;II;DD,,carrier_lookup,
wg-2002,genetic_disease,Combined Oxidative Phosphorylation Deficiency (COXPD),carrier_status,Non-carrier,,,,2002,https://www.wegene.com/en/report2/detail/2002,rs1370579526;rs1562168768;rs184469579,,,carrier_lookup,
wg-2046,genetic_disease,Combined Pituitary Hormone Deficiency (CPHD),carrier_status,Non-carrier,,,,2046,https://www.wegene.com/en/report2/detail/2046,rs104893763;rs104893764;rs104893765,POU1F1;PROP1;HESX1,,carrier_lookup,
wg-2083,genetic_disease,Cone-Rod Dystrophy (CRD),carrier_status,Non-carrier,,,,2083,https://www.wegene.com/en/report2/detail/2083,rs137853041;rs397517974;rs61751407,ABCA4;PROM1;USH2A,,carrier_lookup,
wg-2108,genetic_disease,Congenital Amegakaryocytic Thrombocytopenia (CAMT),carrier_status,Non-carrier,,,,2108,https://www.wegene.com/en/report2/detail/2108,rs121913611;rs148434485;rs587778515,MPL;II,,carrier_lookup,
wg-2099,genetic_disease,Congenital Bile Acid Synthesis Defect (CBAS),carrier_status,Non-carrier,,,,2099,https://www.wegene.com/en/report2/detail/2099,rs387906;rs121917814;rs182820353;rs267606650,HSD3B7;AMACR;AKR1D1,rs387906=GG,carrier_lookup,
wg-2105,genetic_disease,Congenital Disorder of Deglycosylation (CDDG),carrier_status,Non-carrier,,,,2105,https://www.wegene.com/en/report2/detail/2105,rs587776982;rs146140738;rs201337954,NGLY1;II;DD,,carrier_lookup,
wg-2107,genetic_disease,Congenital Disorder of Glycosylation (CDG),carrier_status,Non-carrier,,,,2107,https://www.wegene.com/en/report2/detail/2107,rs20050;rs104894533;rs121907933;rs139716296,PMM2;ALG1;ALG12,rs20050=CC,carrier_lookup,
wg-2102,genetic_disease,Congenital Dyserythropoietic Anemia (CDA),carrier_status,Non-carrier,,,,2102,https://www.wegene.com/en/report2/detail/2102,rs39812;rs120074167;rs121918221;rs121918223,SEC23B;CDAN1,rs39812=CC,carrier_lookup,
wg-2109,genetic_disease,Congenital Fibrosis of Extraocular Muscles (CFEOM),carrier_status,Non-carrier,,,,2109,https://www.wegene.com/en/report2/detail/2109,rs121912585;rs267607162;rs864321715,KIF21A;TUBB3,,carrier_lookup,
wg-2106,genetic_disease,Congenital Generalized Lipodystrophy (CGL),carrier_status,Non-carrier,,,,2106,https://www.wegene.com/en/report2/detail/2106,rs116807569;rs137852975;rs797045222,AGPAT2;BSCL2,,carrier_lookup,
wg-2110,genetic_disease,Congenital Ichthyosis,carrier_status,Non-carrier,,,,2110,https://www.wegene.com/en/report2/detail/2110,rs19942;rs137853289;rs139208806;rs143473912,NIPAL4;ABCA12;TGM1;ALOX12B,rs19942=CC,carrier_lookup,
wg-1996,genetic_disease,Congenital Multicore Myopathy with External Ophthalmoplegia,carrier_status,Non-carrier,,,,1996,https://www.wegene.com/en/report2/detail/1996,rs12191;rs1057524858;rs113928116;rs118192150,RYR1;II,,carrier_lookup,
wg-2104,genetic_disease,Congenital Stationary Night Blindness (CSNB),carrier_status,Non-carrier,,,,2104,https://www.wegene.com/en/report2/detail/2104,rs180869804;rs387906862;rs778390089,TRPM1;II,,carrier_lookup,
wg-2170,genetic_disease,Cornelia de Lange Syndrome (CdLS),carrier_status,Non-carrier,,,,2170,https://www.wegene.com/en/report2/detail/2170,,,,,
wg-2171,genetic_disease,Costello Syndrome,carrier_status,Non-carrier,,,,2171,https://www.wegene.com/en/report2/detail/2171,rs104894227;rs727503093;rs730880460,HRAS,rs104894227=TT;rs727503093=CC;rs730880460=CC,carrier_lookup,
wg-2049,genetic_disease,Cranioectodermal Dysplasia (CED),carrier_status,Non-carrier,,,,2049,https://www.wegene.com/en/report2/detail/2049,rs786205567,IFT122,rs786205567=TT,carrier_lookup,
wg-2048,genetic_disease,Craniofrontonasal Syndrome (CFNS),carrier_status,Non-carrier,,,,2048,https://www.wegene.com/en/report2/detail/2048,rs104894801;rs104894804;rs28936070,EFNB1,rs104894801=CC;rs104894804=CC;rs28936070=GG,carrier_lookup,
wg-2172,genetic_disease,Crigler-Najjar Syndrome (CNS),carrier_status,Non-carrier,,,,2172,https://www.wegene.com/en/report2/detail/2172,rs72551348;rs797046091,UGT1A;UGT1A1;II,,carrier_lookup,
wg-2173,genetic_disease,Crouzon Syndrome,carrier_status,Non-carrier,,,,2173,https://www.wegene.com/en/report2/detail/2173,rs121918488;rs121918494;rs121918501,FGFR2,rs121918488=AA;rs121918494=AA;rs121918501=AA,carrier_lookup,
wg-2063,genetic_disease,Cutis Laxa (CL),carrier_status,Non-carrier,,,,2063,https://www.wegene.com/en/report2/detail/2063,rs15134;rs119489101;rs121918377;rs1382026467,ATP7A;EFEMP2;PYCR1;LTBP4;ALDH18A1,rs15134=CC,carrier_lookup,
wg-2053,genetic_disease,Cystic Fibrosis (CF),carrier_status,Non-carrier,,,,2053,https://www.wegene.com/en/report2/detail/2053,rs39750;rs113993958;rs121908754;rs121908760,CFTR;II,rs39750=GG,carrier_lookup,
wg-2174,genetic_disease,D-2-hydroxyglutaric Aciduria (D2HGA),carrier_status,Non-carrier,,,,2174,https://www.wegene.com/en/report2/detail/2174,rs797045507;rs797045506,II;D2HGDH,rs797045507=TT,carrier_lookup,
wg-2175,genetic_disease,De Sanctis-Cacchione Syndrome (DSC),carrier_status,Non-carrier,,,,2175,https://www.wegene.com/en/report2/detail/2175,rs121917904;rs373227647;rs751838040,ERCC6;II,,carrier_lookup,
wg-1762,genetic_disease,Dementia with Lewy Body (DLB),carrier_status,Non-carrier,,,,1762,https://www.wegene.com/en/report2/detail/1762,rs789731;rs803567,GBA,rs789731=CC,carrier_lookup,
wg-2176,genetic_disease,Dent Disease,carrier_status,Non-carrier,,,,2176,https://www.wegene.com/en/report2/detail/2176,rs151340620;rs151340621;rs151340630,CLCN5,rs151340620=CC;rs151340621=CC;rs151340630=CC,carrier_lookup,
wg-2177,genetic_disease,Desbuquois Dysplasia,carrier_status,Non-carrier,,,,2177,https://www.wegene.com/en/report2/detail/2177,rs267606701;rs538543007;rs587776897,CANT1;II,,carrier_lookup,
wg-2000,genetic_disease,Developmental and Epileptic Encephalopathy (DEE),carrier_status,Non-carrier,,,,2000,https://www.wegene.com/en/report2/detail/2000,rs11819;rs79605;rs1057516095;rs1057516098;rs1060502176,KCNQ2;SCN2A;PCDH19;CDKL5;CHD2;CACNA1A;DD,rs11819=GG;rs79605=TT,carrier_lookup,
wg-2178,genetic_disease,Diamond-Blackfan Anemia (DBA),carrier_status,Non-carrier,,,,2178,https://www.wegene.com/en/report2/detail/2178,rs61762;rs116840808;rs116840809;rs1555524354,RPS19;RPS26,rs61762=CC,carrier_lookup,
wg-2016,genetic_disease,Diastrophic Dysplasia,carrier_status,Non-carrier,,,,2016,https://www.wegene.com/en/report2/detail/2016,rs104893916;rs786200881,SLC26A2;II,,carrier_lookup,
wg-1733,genetic_disease,Dilated Cardiomyopathy,carrier_status,Non-carrier,,,,1733,https://www.wegene.com/en/report2/detail/1733,,,,,
wg-2137,genetic_disease,Distal Myopathy with Anterior Tibial Onset (DMAT),carrier_status,Non-carrier,,,,2137,https://www.wegene.com/en/report2/detail/2137,rs398123773,DYSF,rs398123773=CC,carrier_lookup,
wg-2179,genetic_disease,Duane Syndrome (DS),carrier_status,Non-carrier,,,,2179,https://www.wegene.com/en/report2/detail/2179,rs879255275;rs879255277,MAFB;II,,carrier_lookup,
wg-1755,genetic_disease,Duchenne Muscular Dystrophy (DMD),carrier_status,Non-carrier,,,,1755,https://www.wegene.com/en/report2/detail/1755,rs10489;rs86322,DMD,rs10489=GG;rs86322=TT,carrier_lookup,
wg-2103,genetic_disease,Dyskeratosis Congenita (DC),carrier_status,Non-carrier,,,,2103,https://www.wegene.com/en/report2/detail/2103,rs86322;rs199473679;rs121912288;rs121912289;rs121912293,DKC1;TINF2;TERT;RTEL1;CTC1;II,rs86322=GG,carrier_lookup,
wg-1588,genetic_disease,Early-Onset Alzheimer's Disease,carrier_status,Non-carrier,,,,1588,https://www.wegene.com/en/report2/detail/1588,rs28936;rs63751;rs63749824;rs63749885;rs63750666,PSEN2;PSEN1;APP,rs28936=AA;rs63751=AA,carrier_lookup,
wg-2180,genetic_disease,Ehlers-Danlos Syndrome (EDS),carrier_status,Non-carrier,,,,2180,https://www.wegene.com/en/report2/detail/2180,,,,,
wg-2090,genetic_disease,Elliptocytosis,carrier_status,Non-carrier,,,,2090,https://www.wegene.com/en/report2/detail/2090,rs121918634;rs121918638;rs121918641,SPTA1;SPTB,,carrier_lookup,
wg-2181,genetic_disease,Ellis-van Creveld Syndrome (EVC),carrier_status,Non-carrier,,,,2181,https://www.wegene.com/en/report2/detail/2181,rs750396637;rs751356206;rs794726665,EVC2;EVC;II,,carrier_lookup,
wg-1988,genetic_disease,Epidermolysis Bullosa (EB),carrier_status,Non-carrier,,,,1988,https://www.wegene.com/en/report2/detail/1988,rs88605;rs1057516241;rs1057516486;rs121912839,LAMB3;COL7A1;KRT5;LAMC2;II,rs88605=CC,carrier_lookup,
wg-2184,genetic_disease,FG Syndrome,carrier_status,Non-carrier,,,,2184,https://www.wegene.com/en/report2/detail/2184,rs387907360;rs398122844,MED12;CASK,,carrier_lookup,
wg-2182,genetic_disease,Fabry Disease,carrier_status,Non-carrier,,,,2182,https://www.wegene.com/en/report2/detail/2182,rs86931;rs104894828;rs104894830;rs104894831,GLA,rs86931=AA;rs104894828=CC;rs104894830=CC;rs104894831=CC,carrier_lookup,
wg-2059,genetic_disease,Factor V Deficiency,carrier_status,Non-carrier,,,,2059,https://www.wegene.com/en/report2/detail/2059,rs118203907,F5,rs118203907=TT,carrier_lookup,
wg-2060,genetic_disease,Factor VII Deficiency,carrier_status,Non-carrier,,,,2060,https://www.wegene.com/en/report2/detail/2060,rs755377592,F7,rs755377592=GG,carrier_lookup,
wg-2061,genetic_disease,Factor XI Deficiency,carrier_status,Non-carrier,,,,2061,https://www.wegene.com/en/report2/detail/2061,rs121965066;rs139695003;rs281875250,F11,rs121965066=CC;rs139695003=CC;rs281875250=CC,carrier_lookup,
wg-2028,genetic_disease,Familial Amyotrophic Lateral Sclerosis (FALS),carrier_status,Non-carrier,,,,2028,https://www.wegene.com/en/report2/detail/2028,rs38613;rs121912443;rs199947197;rs200793464,SOD1;ALS2;NEK1;SPG11;II,,carrier_lookup,
wg-1745,genetic_disease,Familial Atrial Fibrillation,carrier_status,Non-carrier,,,,1745,https://www.wegene.com/en/report2/detail/1745,rs12007;rs12143;rs12190,KCNQ1;GJA5;KCNA5,rs12007=AA;rs12143=CC;rs12190=GG,carrier_lookup,
wg-2026,genetic_disease,Familial Cold Autoinflammatory Syndrome (FCAS),carrier_status,Non-carrier,,,,2026,https://www.wegene.com/en/report2/detail/2026,rs121908146;rs121908149;rs121908150,NLRP3;NLRC4,,carrier_lookup,
wg-2030,genetic_disease,Familial Dysautonomia (FD),carrier_status,Non-carrier,,,,2030,https://www.wegene.com/en/report2/detail/2030,rs28939712,ELP1;IKBKAP,,carrier_lookup,
wg-2029,genetic_disease,Familial Exudative Vitreoretinopathy (FEVR),carrier_status,Non-carrier,,,,2029,https://www.wegene.com/en/report2/detail/2029,rs80358284,FZD4,rs80358284=TT,carrier_lookup,
wg-186,genetic_disease,Familial Hypercholesterolemia Type B,carrier_status,Non-carrier,,,,186,https://www.wegene.com/en/report2/detail/186,rs12713559;rs144467873;rs112029328,APOB,rs12713559=GG;rs144467873=GG,carrier_lookup,
wg-2024,genetic_disease,Familial Partial Lipodystrophy (FPL),carrier_status,Non-carrier,,,,2024,https://www.wegene.com/en/report2/detail/2024,rs121909246;rs72551362,PPARG,rs121909246=CC;rs72551362=GG,carrier_lookup,
wg-1732,genetic_disease,Familial Thoracic Aortic Aneurysm,carrier_status,Non-carrier,,,,1732,https://www.wegene.com/en/report2/detail/1732,rs11290;rs39751,ACTA2;PRKG1;LOX;MYH11;MYLK;II,rs11290=GG;rs39751=GG,carrier_lookup,
wg-2027,genetic_disease,Familial erythrocytosis,carrier_status,Non-carrier,,,,2027,https://www.wegene.com/en/report2/detail/2027,rs34690;rs33914668;rs33971440;rs34282684,HBB;II,rs34690=GG,carrier_lookup,
wg-2183,genetic_disease,Fanconi Anemia (FA),carrier_status,Non-carrier,,,,2183,https://www.wegene.com/en/report2/detail/2183,,,,,
wg-2135,genetic_disease,Fish-Eye Disease (FED),carrier_status,Non-carrier,,,,2135,https://www.wegene.com/en/report2/detail/2135,rs121908053,LCAT,rs121908053=GG,carrier_lookup,
wg-2185,genetic_disease,Floating-Harbor Syndrome (FHS),carrier_status,Non-carrier,,,,2185,https://www.wegene.com/en/report2/detail/2185,rs199469464;rs199469465;rs587784444,SRCAP,rs199469464=CC;rs199469465=CC;rs587784444=CC,carrier_lookup,
wg-2043,genetic_disease,Focal Segmental Glomerulosclerosis (FSGS),carrier_status,Non-carrier,,,,2043,https://www.wegene.com/en/report2/detail/2043,rs121907909;rs267607183;rs387907037,INF2;WT1,,carrier_lookup,
wg-1998,genetic_disease,Frontometaphyseal Dysplasia (FMD),carrier_status,Non-carrier,,,,1998,https://www.wegene.com/en/report2/detail/1998,rs137853312;rs797045044;rs863223630,FLNA;II,,carrier_lookup,
wg-2121,genetic_disease,Fucosidosis,carrier_status,Non-carrier,,,,2121,https://www.wegene.com/en/report2/detail/2121,rs794727774,FUCA1,rs794727774=CC,carrier_lookup,
wg-2122,genetic_disease,Fundus Albipunctatus (FA),carrier_status,Non-carrier,,,,2122,https://www.wegene.com/en/report2/detail/2122,rs62638191;rs774122562,CD63;RDH5,,carrier_lookup,
wg-2065,genetic_disease,GLUT1 Deficiency Syndrome,carrier_status,Non-carrier,,,,2065,https://www.wegene.com/en/report2/detail/2065,rs121909739;rs121909740;rs267607061,SLC2A1,rs121909739=CC;rs121909740=CC;rs267607061=GG,carrier_lookup,
wg-1977,genetic_disease,Galactosemia (GALAC),carrier_status,Non-carrier,,,,1977,https://www.wegene.com/en/report2/detail/1977,rs78620;rs111033658;rs111033661;rs111033667,GALT,rs78620=CC;rs111033658=CC;rs111033661=CC;rs111033667=CC,carrier_lookup,
wg-1976,genetic_disease,Galactosialidosis (GSL),carrier_status,Non-carrier,,,,1976,https://www.wegene.com/en/report2/detail/1976,rs137854547;rs786200859,CTSA,rs137854547=GG;rs786200859=AA,carrier_lookup,
wg-2186,genetic_disease,Gaucher Disease (GD),carrier_status,Non-carrier,,,,2186,https://www.wegene.com/en/report2/detail/2186,rs39812;rs104886460;rs121908309;rs1553333346,GBA;GBA1;MSH6,rs39812=CC,carrier_lookup,
wg-2187,genetic_disease,Geleophysic Dysplasia,carrier_status,Non-carrier,,,,2187,https://www.wegene.com/en/report2/detail/2187,rs387906622;rs387906623;rs1131691804,FBN1,rs387906622=CC;rs387906623=CC,carrier_lookup,
wg-2044,genetic_disease,Giant Axonal Neuropathy (GAN),carrier_status,Non-carrier,,,,2044,https://www.wegene.com/en/report2/detail/2044,rs747291494,GAN,rs747291494=GG,carrier_lookup,
wg-190,genetic_disease,Glucose-6-Phosphate Dehydrogenase Deficiency (G6PD),carrier_status,Non-carrier,,,,190,https://www.wegene.com/en/report2/detail/190,rs72554;rs13785;rs1050828;rs1050829;rs398123546,G6PD,rs72554=CC;rs13785=AA;rs1050828=CC;rs1050829=CC,carrier_lookup,
wg-2096,genetic_disease,Glutaric Acidemia (GA),carrier_status,Non-carrier,,,,2096,https://www.wegene.com/en/report2/detail/2096,rs387907;rs119458971;rs377656387;rs377686388,ETFDH;ETFA,rs387907=TT,carrier_lookup,
wg-1532,genetic_disease,Glutaric Aciduria Type 1 (GA1),carrier_status,Non-carrier,,,,1532,https://www.wegene.com/en/report2/detail/1532,rs121434371;rs121434370;rs121434369,GCDH,rs121434371=GG;rs121434370=GG;rs121434369=GG,carrier_lookup,
wg-2085,genetic_disease,Glycogen Storage Disease (GSD),carrier_status,Non-carrier,,,,2085,https://www.wegene.com/en/report2/detail/2085,rs37079;rs39812;rs104894563;rs113994127;rs113994129,AGL;PYGM;G6PC1;GAA;GBE1;G6PC,rs37079=AA;rs39812=CC,carrier_lookup,
wg-2188,genetic_disease,Griscelli Syndrome (GS),carrier_status,Non-carrier,,,,2188,https://www.wegene.com/en/report2/detail/2188,rs786205551,MLPH,rs786205551=GG,carrier_lookup,
wg-1753,genetic_disease,Haemophilia A,carrier_status,Non-carrier,,,,1753,https://www.wegene.com/en/report2/detail/1753,rs13785,F8,rs13785=AA,carrier_lookup,
wg-1754,genetic_disease,Haemophilia B,carrier_status,Non-carrier,,,,1754,https://www.wegene.com/en/report2/detail/1754,rs13785,F9,rs13785=CC,carrier_lookup,
wg-2119,genetic_disease,Hemochromatosis,carrier_status,Non-carrier,,,,2119,https://www.wegene.com/en/report2/detail/2119,rs387907377;rs786204108,SLC40A1;TFR2,,carrier_lookup,
wg-2189,genetic_disease,Hennekam Lymphangiectasia-Lymphedema Syndrome (HKLLS),carrier_status,Non-carrier,,,,2189,https://www.wegene.com/en/report2/detail/2189,rs121908250,CCBE1,rs121908250=AA,carrier_lookup,
wg-2127,genetic_disease,Hereditary Desmoid Disease (HDD),carrier_status,Non-carrier,,,,2127,https://www.wegene.com/en/report2/detail/2127,rs39751;rs137854573;rs145945630;rs1554085355,APC,rs39751=CC;rs137854573=CC;rs145945630=CC,carrier_lookup,
wg-195,genetic_disease,Hereditary Fructose Intolerance,carrier_status,Non-carrier,,,,195,https://www.wegene.com/en/report2/detail/195,rs1800546;rs78340951;rs387906225,ALDOB,rs1800546=CC;rs78340951=GG,carrier_lookup,
wg-2128,genetic_disease,Hereditary Motor and Sensory Neuropathy (HMSN),carrier_status,Non-carrier,,,,2128,https://www.wegene.com/en/report2/detail/2128,rs587780564,DYNC1H1;DYNC1H,,carrier_lookup,
wg-2126,genetic_disease,Hereditary Pancreatitis (HP),carrier_status,Non-carrier,,,,2126,https://www.wegene.com/en/report2/detail/2126,rs39750;rs78802;rs104893938;rs111033565;rs111033567,CFTR;SPINK1;PRSS1;CTRC,rs39750=GG;rs78802=GG,carrier_lookup,
wg-2125,genetic_disease,Hereditary Sensory and Autonomic Neuropathy (HSAN),carrier_status,Non-carrier,,,,2125,https://www.wegene.com/en/report2/detail/2125,rs797045071,SPTLC1,rs797045071=CC,carrier_lookup,
wg-2190,genetic_disease,Hermansky-Pudlak Syndrome (HPS),carrier_status,Non-carrier,,,,2190,https://www.wegene.com/en/report2/detail/2190,rs201227603;rs281865084,HPS3;HPS1;II,,carrier_lookup,
wg-2069,genetic_disease,Holocarboxylase Synthetase Deficiency (HCSD),carrier_status,Non-carrier,,,,2069,https://www.wegene.com/en/report2/detail/2069,rs119103227;rs119103229;rs119103230,HLCS;DD,,carrier_lookup,
wg-2066,genetic_disease,Holoprosencephaly (HPE),carrier_status,Non-carrier,,,,2066,https://www.wegene.com/en/report2/detail/2066,rs387906;rs121909069;rs267607047;rs28936675,CDON;SHH;TGIF1,rs387906=GG,carrier_lookup,
wg-2005,genetic_disease,Homocystinuria (HCU),carrier_status,Non-carrier,,,,2005,https://www.wegene.com/en/report2/detail/2005,rs77791;rs77822;rs121964962;rs121964973;rs1347651454,CBS,rs77791=GG;rs77822=AA;rs121964962=GG;rs121964973=GG,carrier_lookup,
wg-2191,genetic_disease,Hutchinson-Gilford Progeria Syndrom (HGPS),carrier_status,Non-carrier,,,,2191,https://www.wegene.com/en/report2/detail/2191,rs60652225,LMNA,rs60652225=TT,carrier_lookup,
wg-2054,genetic_disease,Hydrocephalus Syndrome,carrier_status,Non-carrier,,,,2054,https://www.wegene.com/en/report2/detail/2054,rs137852522;rs137852524;rs797044787,L1CAM,rs137852522=CC;rs137852524=CC;rs797044787=GG,carrier_lookup,
wg-2008,genetic_disease,Hyperinsulinemic Hypoglycemia (HH),carrier_status,Non-carrier,,,,2008,https://www.wegene.com/en/report2/detail/2008,rs137852671;rs139328569;rs139964066,ABCC8,rs137852671=CC;rs139328569=GG;rs139964066=GG,carrier_lookup,
wg-2007,genetic_disease,Hyperornithinemia-Hyperammonemia-Homocitrullinuria Syndrome (HHH),carrier_status,Non-carrier,,,,2007,https://www.wegene.com/en/report2/detail/2007,rs12190;rs104894424;rs104894429;rs104894430,SLC25A15;SLC25A,rs12190=TT,carrier_lookup,
wg-2006,genetic_disease,Hyperphosphatasia with Intellectual Disability Syndrome,carrier_status,Non-carrier,,,,2006,https://www.wegene.com/en/report2/detail/2006,rs139073416;rs770591449,PIGV;PIGO;DD,,carrier_lookup,
wg-196,genetic_disease,Hypertrophic Cardiomyopathy,carrier_status,Non-carrier,,,,196,https://www.wegene.com/en/report2/detail/196,rs10489;rs73088;rs36212066,MYL3;MYBPC;MYBPC3;DD,rs10489=TT;rs73088=TT,carrier_lookup,
wg-2025,genetic_disease,Hypobetalipoproteinemia (HBL),carrier_status,Non-carrier,,,,2025,https://www.wegene.com/en/report2/detail/2025,rs87885;rs15533;rs79704;rs1057518647;rs1215189537;rs121918385,APOB;II,rs87885=GG,carrier_lookup,
wg-2070,genetic_disease,Hypochondroplasia,carrier_status,Non-carrier,,,,2070,https://www.wegene.com/en/report2/detail/2070,rs121913115,FGFR3,rs121913115=AA,carrier_lookup,
wg-1990,genetic_disease,Hypokalemic Periodic Paralysis (HKOPP),carrier_status,Non-carrier,,,,1990,https://www.wegene.com/en/report2/detail/1990,rs26760;rs52723;rs121908552;rs1553252746;rs1558056376,CACNA;SCN4A;CACNA1S,rs26760=AA;rs52723=CC,carrier_lookup,
wg-2084,genetic_disease,Hypomyelination and Congenital Cataract (HCC),carrier_status,Non-carrier,,,,2084,https://www.wegene.com/en/report2/detail/2084,rs72549407,HYCC1;FAM126A,,carrier_lookup,
wg-1992,genetic_disease,Hypophosphatasia (HPP),carrier_status,Non-carrier,,,,1992,https://www.wegene.com/en/report2/detail/1992,rs121918000;rs121918013;rs121918014,ALPL,rs121918000=AA;rs121918013=AA;rs121918014=AA,carrier_lookup,
wg-1991,genetic_disease,Hypophosphatemic Rickets (HR),carrier_status,Non-carrier,,,,1991,https://www.wegene.com/en/report2/detail/1991,rs121908248;rs193922702;rs28937882,ENPP1;FGF23;CLCN5;PHEX,,carrier_lookup,
wg-2052,genetic_disease,Immunodeficiency,carrier_status,Non-carrier,,,,2052,https://www.wegene.com/en/report2/detail/2052,rs58777;rs104893893;rs121918659;rs193922641,IL7R;STAT1;PGM3;PIK3R1,rs58777=GG,carrier_lookup,
wg-2073,genetic_disease,Incontinentia Pigmenti (IP),carrier_status,Non-carrier,,,,2073,https://www.wegene.com/en/report2/detail/2073,rs137853323,IKBKG,rs137853323=CC,carrier_lookup,
wg-2132,genetic_disease,Infantile Cerebellar-Retinal Degeneration (ICRD),carrier_status,Non-carrier,,,,2132,https://www.wegene.com/en/report2/detail/2132,rs375761361,ACO2,rs375761361=CC,carrier_lookup,
wg-2147,genetic_disease,Intellectual Disability-Hypotonic Facies Syndrome,carrier_status,Non-carrier,,,,2147,https://www.wegene.com/en/report2/detail/2147,rs122445099;rs398123425,ATRX,rs122445099=GG;rs398123425=TT,carrier_lookup,
wg-2086,genetic_disease,Isolated Growth Hormone Deficiency (IGHD),carrier_status,Non-carrier,,,,2086,https://www.wegene.com/en/report2/detail/2086,rs121918117;rs121918121;rs483352872,GHRHR,rs121918117=AA;rs121918121=AA;rs483352872=AA,carrier_lookup,
wg-2130,genetic_disease,Isovaleric Acidemia (IVA),carrier_status,Non-carrier,,,,2130,https://www.wegene.com/en/report2/detail/2130,rs786204613,IVD;II,,carrier_lookup,
wg-1583,genetic_disease,Jervell-Lange-Nielsen Syndrome,carrier_status,Non-carrier,,,,1583,https://www.wegene.com/en/report2/detail/1583,rs786204778,KCNQ1;II,,carrier_lookup,
wg-2192,genetic_disease,Johanson-Blizzard Syndrome (JBS),carrier_status,Non-carrier,,,,2192,https://www.wegene.com/en/report2/detail/2192,rs797045112,UBR1,rs797045112=AA,carrier_lookup,
wg-2193,genetic_disease,Joubert Syndrome (JS),carrier_status,Non-carrier,,,,2193,https://www.wegene.com/en/report2/detail/2193,rs79605;rs754279998;rs115195998;rs121918128;rs137853107,KIAA05;TMEM67;RPGRIP1L;CC2D2A;AHI1;INPP5E;II,rs79605=AA,carrier_lookup,
wg-2134,genetic_disease,Juvenile Polyposis Syndrome (JPS),carrier_status,Non-carrier,,,,2134,https://www.wegene.com/en/report2/detail/2134,rs12191;rs37776;rs80338;rs1060500738;rs1060500739;rs1060500742,SMAD4;BMPR1A;DD,rs12191=GG;rs37776=CC;rs80338=CC,carrier_lookup,
wg-2194,genetic_disease,KBG Syndrome,carrier_status,Non-carrier,,,,2194,https://www.wegene.com/en/report2/detail/2194,rs797044890;rs886039734;rs886041791,ANKRD11;II,,carrier_lookup,
wg-2009,genetic_disease,Kabuki Syndrome (KS),carrier_status,Non-carrier,,,,2009,https://www.wegene.com/en/report2/detail/2009,rs79472;rs587783713;rs267607237;rs398122929;rs398123704,KMT2D;KDM6A;II,rs79472=GG,carrier_lookup,
wg-2195,genetic_disease,Kenny-Caffey Syndrome (KCS),carrier_status,Non-carrier,,,,2195,https://www.wegene.com/en/report2/detail/2195,rs587777011,FAM111A,rs587777011=GG,carrier_lookup,
wg-2196,genetic_disease,Kniest Dysplasia,carrier_status,Non-carrier,,,,2196,https://www.wegene.com/en/report2/detail/2196,rs121912877,COL2A1,rs121912877=CC,carrier_lookup,
wg-2197,genetic_disease,L1 Syndrome,carrier_status,Non-carrier,,,,2197,https://www.wegene.com/en/report2/detail/2197,rs137852520;rs797045673,L1CAM,rs137852520=CC;rs797045673=GG,carrier_lookup,
wg-1576,genetic_disease,Large Vestibular Aqueduct Syndrome,carrier_status,Non-carrier,,,,1576,https://www.wegene.com/en/report2/detail/1576,rs39751;rs14795;rs786204739;rs200712253,SLC26A;SLC26A4,rs39751=CC;rs14795=CC,carrier_lookup,
wg-2198,genetic_disease,Leber Congenital Amaurosis (LCA),carrier_status,Non-carrier,,,,2198,https://www.wegene.com/en/report2/detail/2198,rs38683;rs77337;rs86322;rs116733939;rs192003551;rs200125117,RD3;CNGB3;CRX;GPHN;DD,rs38683=CC;rs77337=AA;rs86322=GG,carrier_lookup,
wg-1740,genetic_disease,Left Ventricular Noncompaction,carrier_status,Non-carrier,,,,1740,https://www.wegene.com/en/report2/detail/1740,rs12190;rs12196,MYBPC;TNNT2;SCN5A;RYR2;TPM1;MYH7,rs12190=TT;rs12196=CC,carrier_lookup,
wg-2199,genetic_disease,Leigh Syndrome,carrier_status,Non-carrier,,,,2199,https://www.wegene.com/en/report2/detail/2199,rs78219;rs26760;rs118192100;rs1556423632;rs199474657,SURF1;NDUFS4,rs78219=GG,carrier_lookup,
wg-2200,genetic_disease,Lesch-Nyhan Syndrome (LNS),carrier_status,Non-carrier,,,,2200,https://www.wegene.com/en/report2/detail/2200,rs137852480;rs137852486;rs137852487,HPRT1,rs137852480=GG;rs137852486=GG;rs137852487=GG,carrier_lookup,
wg-2146,genetic_disease,Lethal Congenital Contracture Syndrome (LCCS),carrier_status,Non-carrier,,,,2146,https://www.wegene.com/en/report2/detail/2146,rs121434407;rs793888524;rs793888525,GLE1;ADGRG6;DD,,carrier_lookup,
wg-2047,genetic_disease,Leucine-Induced Hypoglycemia (LIH),carrier_status,Non-carrier,,,,2047,https://www.wegene.com/en/report2/detail/2047,rs193922402;rs201682634;rs773306994,ABCC8,rs193922402=GG;rs201682634=GG;rs773306994=CC,carrier_lookup,
wg-2140,genetic_disease,Limb-Girdle Muscular Dystrophy (LGMD),carrier_status,Non-carrier,,,,2140,https://www.wegene.com/en/report2/detail/2140,rs121912938;rs121912939;rs121913572,COL6A1;LAMA2;COL6A3;COL12A1,,carrier_lookup,
wg-2064,genetic_disease,Lissencephaly,carrier_status,Non-carrier,,,,2064,https://www.wegene.com/en/report2/detail/2064,rs58778;rs104894782;rs1057517843;rs137853044,PAFAH1;DCX;TUBA1A;ARX;PAFAH1B1;B1,rs58778=GG,carrier_lookup,
wg-1727,genetic_disease,Loeys Dietz Syndrome,carrier_status,Non-carrier,,,,1727,https://www.wegene.com/en/report2/detail/1727,rs10489;rs73088;rs38790,TGFBR2;SMAD3;TGFB2;COL3A1;TGFBR1,rs10489=CC;rs73088=GG;rs38790=GG,carrier_lookup,
wg-1738,genetic_disease,Long QT Syndrome (LQTS),carrier_status,Non-carrier,,,,1738,https://www.wegene.com/en/report2/detail/1738,rs10489;rs19947,CAV3;KCNQ1;KCNJ2;CACNA1C;SCN5A;KCNH2,rs10489=GG;rs19947=CC,carrier_lookup,
wg-2201,genetic_disease,Lowe Syndrome,carrier_status,Non-carrier,,,,2201,https://www.wegene.com/en/report2/detail/2201,rs794727182;rs794727333,OCRL,rs794727182=CC;rs794727333=CC,carrier_lookup,
wg-2153,genetic_disease,Lymphoproliferative Syndrome,carrier_status,Non-carrier,,,,2153,https://www.wegene.com/en/report2/detail/2153,rs111033623,SH2D1A,rs111033623=CC,carrier_lookup,
wg-2097,genetic_disease,Mandibuloacral Dysplasia with Type A Lipodystrophy (MADA),carrier_status,Non-carrier,,,,2097,https://www.wegene.com/en/report2/detail/2097,rs38613;rs48335;rs61195;rs267607552;rs267607554;rs267607555,LMNA,rs38613=CC;rs48335=GG;rs61195=GG;rs267607552=CC;rs267607554=CC;rs267607555=CC,carrier_lookup,
wg-2001,genetic_disease,Maple Syrup Urine Disease (MSUD),carrier_status,Non-carrier,,,,2001,https://www.wegene.com/en/report2/detail/2001,rs39812;rs796051938;rs121964999;rs137852871;rs137852874,BCKDH;DBT;BCKDHA;BCKDHB;II,rs39812=CC,carrier_lookup,
wg-1734,genetic_disease,Marfan Syndrome,carrier_status,Non-carrier,,,,1734,https://www.wegene.com/en/report2/detail/1734,,,,,
wg-2067,genetic_disease,Maturity-Onset Diabetes of the Young (MODY),carrier_status,Non-carrier,,,,2067,https://www.wegene.com/en/report2/detail/2067,rs19392;rs11723;rs104894006;rs104894008;rs104894009,HNF1A;GCK;INS;HNF4A,rs19392=TT,carrier_lookup,
wg-2202,genetic_disease,Meckel Syndrome (MKS),carrier_status,Non-carrier,,,,2202,https://www.wegene.com/en/report2/detail/2202,rs75545;rs79704;rs121918204;rs145665129;rs1555293215,TMEM2;MKS1;CEP290;CC2D2A;TMEM67;TMEM216;RPGRIP,rs75545=TT;rs79704=GG,carrier_lookup,
wg-1978,genetic_disease,Megalencephalic Leukoencephalopathy with Subcortical Cysts (MLC),carrier_status,Non-carrier,,,,1978,https://www.wegene.com/en/report2/detail/1978,rs387907053,HEPACAM;HEPACA,,carrier_lookup,
wg-2203,genetic_disease,Meier-Gorlin Syndrome (MGS),carrier_status,Non-carrier,,,,2203,https://www.wegene.com/en/report2/detail/2203,,,,,
wg-2129,genetic_disease,Metachromatic Leukodystrophy (MLD),carrier_status,Non-carrier,,,,2129,https://www.wegene.com/en/report2/detail/2129,rs199476382;rs199476389;rs398123414,ARSA;II,,carrier_lookup,
wg-2004,genetic_disease,Metaphyseal Dysplasia without Hypotrichosis (MDWH),carrier_status,Non-carrier,,,,2004,https://www.wegene.com/en/report2/detail/2004,rs786204684,RMRP,rs786204684=GG,carrier_lookup,
wg-2034,genetic_disease,Methylmalonic Acidemia,carrier_status,Non-carrier,,,,2034,https://www.wegene.com/en/report2/detail/2034,rs121918257;rs796052002,MMUT;MUT,,carrier_lookup,
wg-2035,genetic_disease,Methylmalonic Acidemia with Homocystinuria,carrier_status,Non-carrier,,,,2035,https://www.wegene.com/en/report2/detail/2035,rs1305170860;rs370596113;rs398124295,MMACHC;MMACH;II,,carrier_lookup,
wg-2032,genetic_disease,Methylmalonic Aciduria,carrier_status,Non-carrier,,,,2032,https://www.wegene.com/en/report2/detail/2032,rs77255;rs75800;rs121918249;rs121918254;rs121918255,MUT;MMUT;MMAB;MMAA;DD,rs77255=GG,carrier_lookup,
wg-2033,genetic_disease,Methylmalonic Aciduria and Homocystinuria,carrier_status,Non-carrier,,,,2033,https://www.wegene.com/en/report2/detail/2033,rs749272546,LMBRD1;II,,carrier_lookup,
wg-2036,genetic_disease,Mevalonic Aciduria (MA),carrier_status,Non-carrier,,,,2036,https://www.wegene.com/en/report2/detail/2036,rs12191;rs104895298;rs104895301;rs104895311,MVK,rs12191=CC;rs104895298=GG;rs104895301=GG;rs104895311=GG,carrier_lookup,
wg-2115,genetic_disease,Microcephalic Osteodysplastic Primordial Dwarfism (MOPD),carrier_status,Non-carrier,,,,2115,https://www.wegene.com/en/report2/detail/2115,rs119479063;rs151020551;rs181690344,PCNT,rs119479063=GG;rs151020551=CC;rs181690344=CC,carrier_lookup,
wg-2116,genetic_disease,Microcephaly-Capillary Malformation Syndrome (MICCAP),carrier_status,Non-carrier,,,,2116,https://www.wegene.com/en/report2/detail/2116,rs397509390;rs797046015,STAMBP,rs397509390=CC;rs797046015=TT,carrier_lookup,
wg-2114,genetic_disease,Mitochondrial Complex II Deficiency (MC2D),carrier_status,Non-carrier,,,,2114,https://www.wegene.com/en/report2/detail/2114,rs151170408;rs202198133;rs587782077,SDHA;SDHD;II,,carrier_lookup,
wg-2113,genetic_disease,Mitochondrial DNA Depletion Syndrome (MDS),carrier_status,Non-carrier,,,,2113,https://www.wegene.com/en/report2/detail/2113,rs58777;rs88604;rs121909721;rs121909723;rs121913037,SLC25A;TYMP;POLG;TK2;FBXL4;SUCLG1;MPV17,rs58777=AA;rs88604=GG,carrier_lookup,
wg-1580,genetic_disease,Mitochondrial Hereditary Non-Syndromic Deafness,carrier_status,Non-carrier,,,,1580,https://www.wegene.com/en/report2/detail/1580,rs199474818;rs28358569,,,carrier_lookup,
wg-2204,genetic_disease,Miyoshi Muscular Dystrophy (MMD),carrier_status,Non-carrier,,,,2204,https://www.wegene.com/en/report2/detail/2204,rs39812;rs76601;rs121908956;rs121908958;rs121908959,DYSF;ANO5,rs39812=GG;rs76601=GG,carrier_lookup,
wg-1584,genetic_disease,Mohr-Tranebjaerg Syndrome,carrier_status,Non-carrier,,,,1584,https://www.wegene.com/en/report2/detail/1584,rs80356560,TIMM8A,rs80356560=GG,carrier_lookup,
wg-2205,genetic_disease,Mowat-Wilson Syndrome (MWS),carrier_status,Non-carrier,,,,2205,https://www.wegene.com/en/report2/detail/2205,,,,,
wg-2057,genetic_disease,Mucolipidosis,carrier_status,Non-carrier,,,,2057,https://www.wegene.com/en/report2/detail/2057,rs39812;rs79704;rs104886461;rs121908371;rs121908373,GNPTA;MCOLN1;GNPTG;GNPTAB;MCOLN;DD,rs39812=CC,carrier_lookup,
wg-2056,genetic_disease,Mucopolysaccharidosis (MPS),carrier_status,Non-carrier,,,,2056,https://www.wegene.com/en/report2/detail/2056,rs72750;rs39812;rs104894641;rs104894856;rs113993945,GALNS;IDS;GLB1;IDUA;ARSB;SGSH;DD,rs72750=GG;rs39812=GG,carrier_lookup,
wg-1994,genetic_disease,Multiple Sulfatase Deficiency (MSD),carrier_status,Non-carrier,,,,1994,https://www.wegene.com/en/report2/detail/1994,rs137852847;rs137852849;rs770241913,SUMF1;II,,carrier_lookup,
wg-1997,genetic_disease,Multisystemic Smooth Muscle Dysfunction Syndrome (MSMDS),carrier_status,Non-carrier,,,,1997,https://www.wegene.com/en/report2/detail/1997,rs387906592;rs886039303,ACTA2,rs387906592=CC;rs886039303=GG,carrier_lookup,
wg-2206,genetic_disease,Myhre Syndrome,carrier_status,Non-carrier,,,,2206,https://www.wegene.com/en/report2/detail/2206,rs281875320;rs281875321;rs1555686624,SMAD4,rs281875320=AA;rs281875321=AA,carrier_lookup,
wg-2015,genetic_disease,Myofibrillar Myopathy (MFM),carrier_status,Non-carrier,,,,2015,https://www.wegene.com/en/report2/detail/2015,rs12191;rs26760;rs15629;rs1057517945;rs1064795229;rs1114167361,DES;BAG3;FLNC,rs12191=AA;rs26760=AA;rs15629=AA,carrier_lookup,
wg-2031,genetic_disease,Nail-patella Syndrome (NPS),carrier_status,Non-carrier,,,,2031,https://www.wegene.com/en/report2/detail/2031,rs864621969,LMX1B,rs864621969=CC,carrier_lookup,
wg-2207,genetic_disease,Nance-Horan Syndrome (NHS),carrier_status,Non-carrier,,,,2207,https://www.wegene.com/en/report2/detail/2207,rs132630322,NHS,rs132630322=CC,carrier_lookup,
wg-2003,genetic_disease,Nemaline Myopathy (NM),carrier_status,Non-carrier,,,,2003,https://www.wegene.com/en/report2/detail/2003,rs398124172;rs121964854;rs398124167,TPM3;NEB;II,,carrier_lookup,
wg-2078,genetic_disease,Nephronophthisis (NPHP),carrier_status,Non-carrier,,,,2078,https://www.wegene.com/en/report2/detail/2078,rs119456962;rs121907899;rs137853108,NPHP3;NPHP1;CEP290;TTC21B;TMEM6,,carrier_lookup,
wg-2076,genetic_disease,Nephropathic Cystinosis,carrier_status,Non-carrier,,,,2076,https://www.wegene.com/en/report2/detail/2076,rs760256854;rs786204501;rs113994207,CTNS;II,,carrier_lookup,
wg-2208,genetic_disease,Neu-Laxova Syndrome (NLS),carrier_status,Non-carrier,,,,2208,https://www.wegene.com/en/report2/detail/2208,rs267606948,PHGDH,rs267606948=GG,carrier_lookup,
wg-2074,genetic_disease,Neurodegeneration with Brain Iron Accumulation (NBIA),carrier_status,Non-carrier,,,,2074,https://www.wegene.com/en/report2/detail/2074,rs79704;rs587784343;rs121908681;rs121908686;rs145108650,PLA2G6;COASY;WDR45;II,rs79704=CC,carrier_lookup,
wg-2075,genetic_disease,Neuronal Ceroid Lipofuscinosis (NCL),carrier_status,Non-carrier,,,,2075,https://www.wegene.com/en/report2/detail/2075,rs79605;rs72415;rs104894060;rs119455953;rs121908080,CLN3;MFSD8;CLN8;PPT1;CLN5,rs79605=GG;rs72415=CC,carrier_lookup,
wg-2209,genetic_disease,Nicolaides-Baraitser Syndrome (NCBRS),carrier_status,Non-carrier,,,,2209,https://www.wegene.com/en/report2/detail/2209,rs281875189;rs797045974;rs797045976,SMARCA2;SMARCA,,carrier_lookup,
wg-2210,genetic_disease,Niemann-Pick Disease (NPD),carrier_status,Non-carrier,,,,2210,https://www.wegene.com/en/report2/detail/2210,rs80358;rs88604;rs1057516403;rs120074118;rs120074119,NPC2;SMPD1;APBB1;NPC1;II,rs80358=AA;rs88604=TT,carrier_lookup,
wg-1735,genetic_disease,Noonan Syndrome,carrier_status,Non-carrier,,,,1735,https://www.wegene.com/en/report2/detail/1735,,,,,
wg-2123,genetic_disease,Oculocutaneous Albinism (OCA),carrier_status,Non-carrier,,,,2123,https://www.wegene.com/en/report2/detail/2123,rs62645;rs79704;rs104894316;rs142988897;rs281865424,TYR;OCA2;TYRP1;SLC45A2,rs62645=CC;rs79704=AA,carrier_lookup,
wg-2211,genetic_disease,Ogden Syndrome,carrier_status,Non-carrier,,,,2211,https://www.wegene.com/en/report2/detail/2211,rs587780563;rs797044868;rs878853263,NAA10,rs587780563=GG;rs797044868=GG;rs878853263=AA,carrier_lookup,
wg-2081,genetic_disease,Optic Atrophy (OA),carrier_status,Non-carrier,,,,2081,https://www.wegene.com/en/report2/detail/2081,rs803565;rs730882246;rs753611141;rs768643552,OPA3;DNM1L;ISCA2,rs803565=CC,carrier_lookup,
wg-2058,genetic_disease,Ornithine Aminotransferase Deficiency (OAT),carrier_status,Non-carrier,,,,2058,https://www.wegene.com/en/report2/detail/2058,rs121965047;rs121965057;rs200068769,OAT,rs121965047=GG;rs121965057=GG;rs200068769=GG,carrier_lookup,
wg-1986,genetic_disease,Osteogenesis Imperfecta (OI),carrier_status,Non-carrier,,,,1986,https://www.wegene.com/en/report2/detail/1986,rs72658;rs79472;rs118203996;rs121918011;rs193922143,COL1A2;P3H1;COL1A1,rs72658=GG;rs79472=GG,carrier_lookup,
wg-2050,genetic_disease,Osteoglophonic Dysplasia,carrier_status,Non-carrier,,,,2050,https://www.wegene.com/en/report2/detail/2050,rs121909627,FGFR1,rs121909627=GG,carrier_lookup,
wg-1979,genetic_disease,Osteopathia Striata with Cranial Sclerosis (OSCS),carrier_status,Non-carrier,,,,1979,https://www.wegene.com/en/report2/detail/1979,rs398122877,AMER1;II,,carrier_lookup,
wg-2011,genetic_disease,Osteopetrosis,carrier_status,Non-carrier,,,,2011,https://www.wegene.com/en/report2/detail/2011,rs121908670;rs387907576;rs751881962,LRP5;CLCN7;TCIRG1,,carrier_lookup,
wg-1999,genetic_disease,Otospondylomegaepiphyseal Dysplasia (OSMED),carrier_status,Non-carrier,,,,1999,https://www.wegene.com/en/report2/detail/1999,rs121912945,COL11A2,rs121912945=CC,carrier_lookup,
wg-2124,genetic_disease,Pancreatic Agenesis (PAGEN),carrier_status,Non-carrier,,,,2124,https://www.wegene.com/en/report2/detail/2124,rs1555241857;rs80356661,PDX1,rs1555241857=AA;rs80356661=GG,carrier_lookup,
wg-2212,genetic_disease,Pelizaeus-Merzbacher Disease (PMD),carrier_status,Non-carrier,,,,2212,https://www.wegene.com/en/report2/detail/2212,rs11543022;rs132630278;rs132630279,PLP1,rs11543022=CC;rs132630278=TT;rs132630279=TT,carrier_lookup,
wg-1571,genetic_disease,Pendred Syndrome,carrier_status,Non-carrier,,,,1571,https://www.wegene.com/en/report2/detail/1571,rs11103;rs12190;rs786204426;rs397516430,SLC26A;FOXI1;SLC26A4,rs11103=GG;rs12190=GG,carrier_lookup,
wg-2133,genetic_disease,Permanent Neonatal Diabetes Mellitus (PNDM),carrier_status,Non-carrier,,,,2133,https://www.wegene.com/en/report2/detail/2133,rs19392;rs1085307455;rs1360415315;rs148311934,GCK;ABCC8;KCNJ11;PDX1;INS;ST6GAL;NAC5,rs19392=TT,carrier_lookup,
wg-1581,genetic_disease,Peroxisome Biosynthesis Disorder,carrier_status,Non-carrier,,,,1581,https://www.wegene.com/en/report2/detail/1581,rs12143;rs794729652;rs61750427,PEX1;PEX6;DD,rs12143=AA,carrier_lookup,
wg-1980,genetic_disease,Phenylketonuria (PKU),carrier_status,Non-carrier,,,,1980,https://www.wegene.com/en/report2/detail/1980,rs62508;rs199475566;rs199475565;rs140175796;rs180819807,PAH;II,rs62508=CC,carrier_lookup,
wg-1760,genetic_disease,Pheochromocytoma,carrier_status,Non-carrier,,,,1760,https://www.wegene.com/en/report2/detail/1760,rs10489;rs50308,SDHD;VHL;SDHB,rs10489=AA;rs50308=GG,carrier_lookup,
wg-178,genetic_disease,Phosphomannomutase 2-Congenital Disorder of Glycosylation (PMM2-CDG),carrier_status,Non-carrier,,,,178,https://www.wegene.com/en/report2/detail/178,rs28936415,PMM2,rs28936415=GG,carrier_lookup,
wg-1995,genetic_disease,Polycystic Kidney Disease (PKD),carrier_status,Non-carrier,,,,1995,https://www.wegene.com/en/report2/detail/1995,rs797045101;rs1240212722;rs137852947;rs148617572,PKHD1;PKD2;II;DD,rs797045101=TT,carrier_lookup,
wg-2055,genetic_disease,Pontocerebellar Hypoplasia (PCH),carrier_status,Non-carrier,,,,2055,https://www.wegene.com/en/report2/detail/2055,rs58777;rs199835443;rs267607035;rs371295780,CLP1;RARS2;VRK1;EXOSC3;TSEN54;SEPSEC,rs58777=GG,carrier_lookup,
wg-2013,genetic_disease,Popliteal Pterygium Syndrome (PPS),carrier_status,Non-carrier,,,,2013,https://www.wegene.com/en/report2/detail/2013,rs121434226;rs769068305,IRF6,rs121434226=GG;rs769068305=CC,carrier_lookup,
wg-2136,genetic_disease,Primary Hyperoxaluria (PH),carrier_status,Non-carrier,,,,2136,https://www.wegene.com/en/report2/detail/2136,rs180177313;rs113681235;rs121908520;rs121908521,AGXT;HOGA1;GRHPR,rs180177313=TT,carrier_lookup,
wg-1737,genetic_disease,Primary Pulmonary Hypertension,carrier_status,Non-carrier,,,,1737,https://www.wegene.com/en/report2/detail/1737,rs12190;rs28936,ACVRL1;ABCA3,rs12190=CC;rs28936=CC,carrier_lookup,
wg-2041,genetic_disease,Progressive External Ophthalmoplegia (PEO),carrier_status,Non-carrier,,,,2041,https://www.wegene.com/en/report2/detail/2041,rs104893873;rs104893876;rs111033574,SLC25A4;TWNK;TK2;POLG;RRM2B;SLC25A,,carrier_lookup,
wg-2040,genetic_disease,Progressive Pseudorheumatoid Dysplasia (PPRD),carrier_status,Non-carrier,,,,2040,https://www.wegene.com/en/report2/detail/2040,rs121908901,CCN6;WISP3,,carrier_lookup,
wg-1981,genetic_disease,Propionic Acidemia (PA),carrier_status,Non-carrier,,,,1981,https://www.wegene.com/en/report2/detail/1981,rs57224;rs79605;rs1553778865;rs1568346416;rs202247822,PCCB;PCCA;UQCRFS1,rs57224=CC;rs79605=GG,carrier_lookup,
wg-2039,genetic_disease,Pseudohypoaldosteronism (PHA),carrier_status,Non-carrier,,,,2039,https://www.wegene.com/en/report2/detail/2039,rs111033591;rs137852635;rs137852704,WNK1;SCNN1A;KLHL3;SCNN1B,,carrier_lookup,
wg-2037,genetic_disease,Pseudohypoparathyroidism (PHP),carrier_status,Non-carrier,,,,2037,https://www.wegene.com/en/report2/detail/2037,rs397514456,GNAS,rs397514456=GG,carrier_lookup,
wg-2038,genetic_disease,Pseudopseudohypoparathyroidism (PPHP),carrier_status,Non-carrier,,,,2038,https://www.wegene.com/en/report2/detail/2038,rs1057518907;rs797045046,GNAS,rs1057518907=CC;rs797045046=CC,carrier_lookup,
wg-1758,genetic_disease,Pulmonary Lymphangioleiomyomatosis (PLAM),carrier_status,Non-carrier,,,,1758,https://www.wegene.com/en/report2/detail/1758,rs289348;rs454833;rs454692,TSC2,rs289348=GG;rs454833=CC;rs454692=CC,carrier_lookup,
wg-1983,genetic_disease,Pyruvate Carboxylase Deficiency (PCD),carrier_status,Non-carrier,,,,1983,https://www.wegene.com/en/report2/detail/1983,rs113994145;rs28940591,PC,rs113994145=CC;rs28940591=AA,carrier_lookup,
wg-1982,genetic_disease,Pyruvate Kinase Deficiency (PKD),carrier_status,Non-carrier,,,,1982,https://www.wegene.com/en/report2/detail/1982,rs201953584,PKLR,rs201953584=CC,carrier_lookup,
wg-2213,genetic_disease,Rapadilino Syndrome,carrier_status,Non-carrier,,,,2213,https://www.wegene.com/en/report2/detail/2213,rs386833844,RECQL4,rs386833844=GG,carrier_lookup,
wg-2214,genetic_disease,Refsum Disease (RD),carrier_status,Non-carrier,,,,2214,https://www.wegene.com/en/report2/detail/2214,rs104894173;rs104894174,PHYH,rs104894173=CC;rs104894174=CC,carrier_lookup,
wg-2079,genetic_disease,Renal Carnitine Transport Defect,carrier_status,Non-carrier,,,,2079,https://www.wegene.com/en/report2/detail/2079,rs114269482;rs121908889;rs121908893,SLC22A5;SLC22A,,carrier_lookup,
wg-2077,genetic_disease,Renal-Hepatic-Pancreatic Dysplasia (RHPD),carrier_status,Non-carrier,,,,2077,https://www.wegene.com/en/report2/detail/2077,rs119456963;rs762826555;rs763300393,NPHP3;NEK8;II,,carrier_lookup,
wg-2215,genetic_disease,Renpenning Syndrome (RENS),carrier_status,Non-carrier,,,,2215,https://www.wegene.com/en/report2/detail/2215,rs606231193,PQBP1;II,,carrier_lookup,
wg-1736,genetic_disease,Restrictive Cardiomyopathy,carrier_status,Non-carrier,,,,1736,https://www.wegene.com/en/report2/detail/1736,rs10489;rs12191,TNNI3,rs10489=TT;rs12191=AA,carrier_lookup,
wg-2082,genetic_disease,Retinitis Pigmentosa (RP),carrier_status,Non-carrier,,,,2082,https://www.wegene.com/en/report2/detail/2082,rs62640;rs76774;rs104893791;rs104894927;rs111033280,RPGR;SPATA7;RHO;USH2A;CRB1;EYS,rs62640=AA;rs76774=TT,carrier_lookup,
wg-2216,genetic_disease,Rett Syndrome (RTT),carrier_status,Non-carrier,,,,2216,https://www.wegene.com/en/report2/detail/2216,rs61748;rs61750;rs121913678;rs122460159;rs267606827,MECP2;FOXG1;CDKL5;II,rs61748=TT,carrier_lookup,
wg-2217,genetic_disease,Revesz Syndrome,carrier_status,Non-carrier,,,,2217,https://www.wegene.com/en/report2/detail/2217,rs121918544,TINF2,rs121918544=CC,carrier_lookup,
wg-2142,genetic_disease,Rhizomelic Chondrodysplasia Punctata (RCDP),carrier_status,Non-carrier,,,,2142,https://www.wegene.com/en/report2/detail/2142,rs121909151;rs796051881,PEX7;PEX5;DD,,carrier_lookup,
wg-2219,genetic_disease,Robinow Syndrome,carrier_status,Non-carrier,,,,2219,https://www.wegene.com/en/report2/detail/2219,rs797044834;rs797044836;rs797044837,DVL1;DVL3;II,,carrier_lookup,
wg-2220,genetic_disease,Rothmund-Thomson Syndrome (RTS),carrier_status,Non-carrier,,,,2220,https://www.wegene.com/en/report2/detail/2220,rs137853229;rs386833851;rs398124117,RECQL4,rs137853229=GG;rs386833851=GG;rs398124117=CC,carrier_lookup,
wg-2221,genetic_disease,Rubinstein-Taybi Syndrome (RSTS),carrier_status,Non-carrier,,,,2221,https://www.wegene.com/en/report2/detail/2221,rs58778;rs1057517732;rs1057521737;rs200782888,CREBBP;EP300,rs58778=TT,carrier_lookup,
wg-2222,genetic_disease,Saethre-Chotzen Syndrome (SCS),carrier_status,Non-carrier,,,,2222,https://www.wegene.com/en/report2/detail/2222,rs121913478;rs121918487;rs121918491,FGFR2,rs121913478=CC;rs121918487=CC;rs121918491=CC,carrier_lookup,
wg-2223,genetic_disease,Salla Disease (SD),carrier_status,Non-carrier,,,,2223,https://www.wegene.com/en/report2/detail/2223,rs201284672;rs386833990;rs727504156,SLC17A5;II,,carrier_lookup,
wg-2224,genetic_disease,Sandhoff Disease,carrier_status,Non-carrier,,,,2224,https://www.wegene.com/en/report2/detail/2224,rs398123443;rs121907983;rs1580377105,HEXB;II,,carrier_lookup,
wg-2225,genetic_disease,Seckel Syndrome,carrier_status,Non-carrier,,,,2225,https://www.wegene.com/en/report2/detail/2225,rs747680111;rs777893196;rs797045447,NIN;CENPJ;II,,carrier_lookup,
wg-2118,genetic_disease,Selective Tooth Agenesis (STA),carrier_status,Non-carrier,,,,2118,https://www.wegene.com/en/report2/detail/2118,rs132630308;rs132630314,EDA,rs132630308=GG;rs132630314=GG,carrier_lookup,
wg-2226,genetic_disease,Sengers Syndrome,carrier_status,Non-carrier,,,,2226,https://www.wegene.com/en/report2/detail/2226,rs746709222;rs766413410,AGK,rs746709222=CC;rs766413410=CC,carrier_lookup,
wg-2227,genetic_disease,Senior-Loken Syndrome (SLSN),carrier_status,Non-carrier,,,,2227,https://www.wegene.com/en/report2/detail/2227,rs38790;rs137852832;rs376493409;rs386834158,WDR19;CEP290;IQCB1;SDCCAG8;II,rs38790=TT,carrier_lookup,
wg-2150,genetic_disease,Severe Combined Immunodeficiency (SCID),carrier_status,Non-carrier,,,,2150,https://www.wegene.com/en/report2/detail/2150,rs111033617;rs111033620;rs111033622,IL2RG,rs111033617=AA;rs111033620=AA;rs111033622=AA,carrier_lookup,
wg-1730,genetic_disease,Short QT Syndrome (SQTS),carrier_status,Non-carrier,,,,1730,https://www.wegene.com/en/report2/detail/1730,rs104894,KCNJ2,rs104894=GG,carrier_lookup,
wg-2228,genetic_disease,Shwachman-Diamond Syndrome (SDS),carrier_status,Non-carrier,,,,2228,https://www.wegene.com/en/report2/detail/2228,rs113993990,SBDS;II,,carrier_lookup,
wg-2112,genetic_disease,Sialidosis,carrier_status,Non-carrier,,,,2112,https://www.wegene.com/en/report2/detail/2112,rs104893972;rs104893983;rs28940583,NEU1,rs104893972=CC;rs104893983=CC;rs28940583=CC,carrier_lookup,
wg-1729,genetic_disease,Sick Sinus Syndrome,carrier_status,Non-carrier,,,,1729,https://www.wegene.com/en/report2/detail/1729,rs10489;rs12190;rs13785,HCN4;SCN5A,rs10489=CC;rs12190=CC;rs13785=GG,carrier_lookup,
wg-2088,genetic_disease,Sideroblastic Anemia (SA),carrier_status,Non-carrier,,,,2088,https://www.wegene.com/en/report2/detail/2088,rs137852311,ALAS2,rs137852311=GG,carrier_lookup,
wg-2143,genetic_disease,Sitosterolemia,carrier_status,Non-carrier,,,,2143,https://www.wegene.com/en/report2/detail/2143,rs119479065;rs119479066;rs119479067,DYNC2LI1;ABCG5;ABCG8,,carrier_lookup,
wg-2062,genetic_disease,Skin/Hair/Eye Pigmentation (SHEP),carrier_status,Non-carrier,,,,2062,https://www.wegene.com/en/report2/detail/2062,rs104894314;rs121908011;rs28940876,TYR;OCA2,,carrier_lookup,
wg-2229,genetic_disease,Smith-Lemli-Opitz Syndrome (SLOS),carrier_status,Non-carrier,,,,2229,https://www.wegene.com/en/report2/detail/2229,rs104894212;rs104894213;rs121909768,DHCR7,rs104894212=CC;rs104894213=CC;rs121909768=CC,carrier_lookup,
wg-2230,genetic_disease,Smith-McCort Dysplasia (SMC),carrier_status,Non-carrier,,,,2230,https://www.wegene.com/en/report2/detail/2230,rs775414124,DYM,rs775414124=TT,carrier_lookup,
wg-2231,genetic_disease,Sotos Syndrome,carrier_status,Non-carrier,,,,2231,https://www.wegene.com/en/report2/detail/2231,rs587784198;rs1057520339;rs121908070;rs398124378,NSD1;SCN4A;II,,carrier_lookup,
wg-2017,genetic_disease,Spinal Muscular Atrophy (SMA),carrier_status,Non-carrier,,,,2017,https://www.wegene.com/en/report2/detail/2017,rs137852665;rs139497493;rs372000714,IGHMBP2;SIGMAR1;IGHMBP,,carrier_lookup,
wg-2019,genetic_disease,Spondylocarpotarsal Synostosis Syndrome (SCT),carrier_status,Non-carrier,,,,2019,https://www.wegene.com/en/report2/detail/2019,rs1555527166;rs80356517,MYH3;FLNB;II,,carrier_lookup,
wg-2023,genetic_disease,Spondylocostal Dysostosis (SCDO),carrier_status,Non-carrier,,,,2023,https://www.wegene.com/en/report2/detail/2023,rs786204039;rs786204040;rs786205519,TBX6;DLL3;DD,,carrier_lookup,
wg-2152,genetic_disease,Spondyloenchondrodysplasia with Immune Dysregulation (SPENCDI),carrier_status,Non-carrier,,,,2152,https://www.wegene.com/en/report2/detail/2152,rs781050795,ACP5,rs781050795=CC,carrier_lookup,
wg-2022,genetic_disease,Spondyloepimetaphyseal Dysplasia (SEMD),carrier_status,Non-carrier,,,,2022,https://www.wegene.com/en/report2/detail/2022,rs121912880;rs797045099,COL2A1;PAPSS2;II,,carrier_lookup,
wg-2021,genetic_disease,Spondyloepiphyseal Dysplasia (SED),carrier_status,Non-carrier,,,,2021,https://www.wegene.com/en/report2/detail/2021,rs864621973;rs869312907,COL2A1,rs864621973=CC;rs869312907=CC,carrier_lookup,
wg-2020,genetic_disease,Spondylometaphyseal Dysplasia (SMD),carrier_status,Non-carrier,,,,2020,https://www.wegene.com/en/report2/detail/2020,rs267607144;rs387906904,TRPV4,rs267607144=CC;rs387906904=GG,carrier_lookup,
wg-2018,genetic_disease,Spondyloperipheral Dysplasia (SPD),carrier_status,Non-carrier,,,,2018,https://www.wegene.com/en/report2/detail/2018,rs121912874;rs121912893;rs794727261,COL2A1,rs121912874=GG;rs121912893=GG;rs794727261=GG,carrier_lookup,
wg-2232,genetic_disease,Stargardt Disease,carrier_status,Non-carrier,,,,2232,https://www.wegene.com/en/report2/detail/2232,rs52723;rs137853006;rs150774447;rs201471607,PRPH2;PROM1;ABCA4,rs52723=CC,carrier_lookup,
wg-1572,genetic_disease,Stickler Syndrome,carrier_status,Non-carrier,,,,1572,https://www.wegene.com/en/report2/detail/1572,rs121912882;rs794727748,COL2A1,rs121912882=GG,carrier_lookup,
wg-2092,genetic_disease,Striatonigral Degeneration (SND),carrier_status,Non-carrier,,,,2092,https://www.wegene.com/en/report2/detail/2092,rs199476135,,,carrier_lookup,
wg-1984,genetic_disease,Syndactyly,carrier_status,Non-carrier,,,,1984,https://www.wegene.com/en/report2/detail/1984,rs200750564,HOXD13,rs200750564=CC,carrier_lookup,
wg-209,genetic_disease,TTR-Related Cardiac Amyloidosis,carrier_status,Non-carrier,,,,209,https://www.wegene.com/en/report2/detail/209,rs76992529,TTR,rs76992529=GG,carrier_lookup,
wg-2233,genetic_disease,Tay-Sachs Disease (TSD),carrier_status,Non-carrier,,,,2233,https://www.wegene.com/en/report2/detail/2233,rs121907952;rs121907957;rs121907958,HEXA,rs121907952=CC;rs121907957=CC;rs121907958=CC,carrier_lookup,
wg-2145,genetic_disease,Thanatophoric Dysplasia,carrier_status,Non-carrier,,,,2145,https://www.wegene.com/en/report2/detail/2145,rs121913105;rs121913482;rs4647924,FGFR3,rs121913105=AA;rs121913482=AA;rs4647924=CC,carrier_lookup,
wg-2120,genetic_disease,Thrombocytopenia,carrier_status,Non-carrier,,,,2120,https://www.wegene.com/en/report2/detail/2120,rs132630270;rs28933386;rs61751286,WAS;PTPN11;VWF,,carrier_lookup,
wg-2131,genetic_disease,Thrombophilia,carrier_status,Non-carrier,,,,2131,https://www.wegene.com/en/report2/detail/2131,rs121918141;rs121918147;rs121918153,PROC;F9;PROS1;F8,,carrier_lookup,
wg-211,genetic_disease,Torsion Dystonia,carrier_status,Non-carrier,,,,211,https://www.wegene.com/en/report2/detail/211,rs80358233,TOR1A;II,,carrier_lookup,
wg-2234,genetic_disease,Treacher Collins Syndrome (TCS),carrier_status,Non-carrier,,,,2234,https://www.wegene.com/en/report2/detail/2234,rs141156009,POLR1C,rs141156009=CC,carrier_lookup,
wg-2051,genetic_disease,Trichorhinophalangeal Syndrome (TRPS),carrier_status,Non-carrier,,,,2051,https://www.wegene.com/en/report2/detail/2051,rs121908431,TRPS1,rs121908431=GG,carrier_lookup,
wg-2072,genetic_disease,Trifunctional Protein Deficiency (TFP),carrier_status,Non-carrier,,,,2072,https://www.wegene.com/en/report2/detail/2072,rs121913131;rs121913133;rs121913134,HADHB;HADHA,,carrier_lookup,
wg-2235,genetic_disease,Troyer Syndrome,carrier_status,Non-carrier,,,,2235,https://www.wegene.com/en/report2/detail/2235,rs730882198,SPART;DD,,carrier_lookup,
wg-2045,genetic_disease,Tyrosinemia,carrier_status,Non-carrier,,,,2045,https://www.wegene.com/en/report2/detail/2045,rs121965075;rs137852867;rs370686447,FAH;HPD;KATNAL,,carrier_lookup,
wg-1573,genetic_disease,Usher Syndrome,carrier_status,Non-carrier,,,,1573,https://www.wegene.com/en/report2/detail/1573,rs11103;rs80338;rs39812;rs373780305;rs121909762;rs397517436,MYO7A;USH2A;USH1C;PCDH15;USH1G,rs11103=CC;rs80338=TT;rs39812=CC,carrier_lookup,
wg-2091,genetic_disease,Vitamin D-Dependent Rickets (VDDR),carrier_status,Non-carrier,,,,2091,https://www.wegene.com/en/report2/detail/2091,rs121909790;rs121909793;rs121909797,VDR;CYP27B1;PHEX,,carrier_lookup,
wg-1985,genetic_disease,Vitreoretinochoroidopathy (VRCP),carrier_status,Non-carrier,,,,1985,https://www.wegene.com/en/report2/detail/1985,rs281865238,BEST1,rs281865238=CC,carrier_lookup,
wg-2236,genetic_disease,Warburg Micro Syndrome (WARBM),carrier_status,Non-carrier,,,,2236,https://www.wegene.com/en/report2/detail/2236,rs766629205;rs797045905,RAB3GAP1;RAB3GAP,,carrier_lookup,
wg-2237,genetic_disease,Weill-Marchesani Syndrome (WMS),carrier_status,Non-carrier,,,,2237,https://www.wegene.com/en/report2/detail/2237,rs13785;rs111401431;rs113871094;rs112645512,FBN1,rs13785=GG;rs111401431=GG;rs113871094=GG,carrier_lookup,
wg-2238,genetic_disease,Werner Syndrome,carrier_status,Non-carrier,,,,2238,https://www.wegene.com/en/report2/detail/2238,rs121908446;rs1339616347;rs281865160,WRN;II,,carrier_lookup,
wg-2239,genetic_disease,Wilson Disease,carrier_status,Non-carrier,,,,2239,https://www.wegene.com/en/report2/detail/2239,rs13785;rs75323;rs15552;rs1038582488;rs1057516227;rs1057516228,ATP7B;DD,rs13785=CC;rs75323=GG,carrier_lookup,
wg-2240,genetic_disease,Wiskott-Aldrich Syndrome (WAS),carrier_status,Non-carrier,,,,2240,https://www.wegene.com/en/report2/detail/2240,rs132630268;rs132630273;rs193922414,WAS,rs132630268=GG;rs132630273=GG;rs193922414=CC,carrier_lookup,
wg-1728,genetic_disease,Wolff-Parkinson-White Syndrome,carrier_status,Non-carrier,,,,1728,https://www.wegene.com/en/report2/detail/1728,rs121908;rs321871,PRKAG2;MYH7,rs121908=CC;rs321871=CC,carrier_lookup,
wg-2241,genetic_disease,Wolfram Syndrome,carrier_status,Non-carrier,,,,2241,https://www.wegene.com/en/report2/detail/2241,rs104893879;rs104893881;rs28937891,WFS1,rs104893879=CC;rs104893881=CC;rs28937891=GG,carrier_lookup,
wg-2151,genetic_disease,Wrinkly Skin Syndrome (WSS),carrier_status,Non-carrier,,,,2151,https://www.wegene.com/en/report2/detail/2151,rs374480381,ATP6V0A2,rs374480381=GG,carrier_lookup,
wg-1575,genetic_disease,X-Linked Non-Syndromic Hereditary Deafness,carrier_status,Non-carrier,,,,1575,https://www.wegene.com/en/report2/detail/1575,rs397516335,POU3F4,rs397516335=TT,carrier_lookup,
wg-2139,genetic_disease,Xeroderma Pigmentosum (XP),carrier_status,Non-carrier,,,,2139,https://www.wegene.com/en/report2/detail/2139,rs121913020;rs121913024;rs121913026,ERCC2;XPC,,carrier_lookup,
wg-2242,genetic_disease,Yunis-Varon Syndrome (YVS),carrier_status,Non-carrier,,,,2242,https://www.wegene.com/en/report2/detail/2242,rs786200937,FIG4;II,,carrier_lookup,
wg-214,genetic_disease,Zellweger Syndrome Spectrum,carrier_status,Non-carrier,,,,214,https://www.wegene.com/en/report2/detail/214,rs61750420,PEX1,rs61750420=CC,carrier_lookup,
wg-262,genetic_characteristics,ABO Blood Group,genotype_label,AB,,,,262,https://www.wegene.com/en/report2/detail/262,rs8176719;rs8176746;rs8176747,ABO;II,,genotype_lookup,
wg-348,genetic_characteristics,APOE Genotype,genotype_label,The genotype of APOE is ε2/ε3,,,,348,https://www.wegene.com/en/report2/detail/348,rs429358;rs7412,APOE,rs429358=TT;rs7412=CT,genotype_lookup,
wg-244,genetic_characteristics,Absolute Pitch,descriptive,"Less likely to have the ability of absolute pitch (applies to European, Jewish, and Indian people)",,,,244,https://www.wegene.com/en/report2/detail/244,rs3057,ASAP1,rs3057=TT,genotype_lookup,
wg-1,genetic_characteristics,Alcohol Flushing,descriptive,Less likely to have alcohol flushing,,,,1,https://www.wegene.com/en/report2/detail/1,rs671,ALDH2,rs671=GG,genotype_lookup,
wg-34,genetic_characteristics,Autosomal Dominant Compelling Helio-Ophthalmic Outburst (ACHOO) Syndrome,descriptive,Normal rate of sneezing when looking at light,,,,34,https://www.wegene.com/en/report2/detail/34,rs10427255,,,genotype_lookup,
wg-2,genetic_characteristics,Bitter Sensitivity,descriptive,May not be sensitive to bitterness,,,,2,https://www.wegene.com/en/report2/detail/2,rs713598,TAS2R38,rs713598=CC,genotype_lookup,
wg-3,genetic_characteristics,Ear Wax,descriptive,Wet earwax,,,,3,https://www.wegene.com/en/report2/detail/3,rs17822931,ABCC11,rs17822931=CT,genotype_lookup,
wg-17,genetic_characteristics,Fasting Plasma Glucose Levels,descriptive,May have higher fasting blood glucose levels than average,,,,17,https://www.wegene.com/en/report2/detail/17,rs560887,G6PC2,rs560887=CT,genotype_lookup,
wg-1503,genetic_characteristics,Genetic Height,quantitative,175.9 CM,175.9,cm,,1503,https://www.wegene.com/en/report2/detail/1503,,,,,
wg-12,genetic_characteristics,Smoking Behaviors,descriptive,Smoking is relatively addictive,,,,12,https://www.wegene.com/en/report2/detail/12,rs1051730,CHRNA3,rs1051730=AG,genotype_lookup,
wg-2281,genetic_tendency,Curly Hair Tendency,tendency_level,High,,,,2281,https://www.wegene.com/en/report2/detail/2281,rs17646;rs3827760;rs74333950;rs506863,EDAR;WNT10A;WNT10,rs17646=GG,genotype_lookup,
wg-2284,genetic_tendency,Dense Hair Tendency,tendency_level,Moderate,,,,2284,https://www.wegene.com/en/report2/detail/2284,rs109083;rs3771033;rs11940736,NRP2;SPATA5,rs109083=CT,genotype_lookup,
wg-2282,genetic_tendency,Double Eyelid Tendency,tendency_level,Moderate,,,,2282,https://www.wegene.com/en/report2/detail/2282,rs10749;rs7549180;rs6499632;rs79852633,KIF26B;RPGRIP1L,rs10749=CT,genotype_lookup,
wg-2287,genetic_tendency,Educational Attainment,level,High,,,,2287,https://www.wegene.com/en/report2/detail/2287,rs94615;rs10930013;rs7708343;rs11191157,TANK;FBXL17,rs94615=TT,genotype_lookup,
wg-2301,genetic_tendency,Frailty Tendency,tendency_level,Low,,,,2301,https://www.wegene.com/en/report2/detail/2301,rs13107;rs99532;rs10828;rs1363103;rs3959554;rs6751993,SLC39A;SLC39A8;FTO;AIF1,rs13107=CC;rs99532=GG;rs10828=AG,genotype_lookup,
wg-2291,genetic_tendency,Free Earlobe Tendency,tendency_level,High,,,,2291,https://www.wegene.com/en/report2/detail/2291,rs72817;rs6756973;rs3827760;rs74030209,EDAR;NFATC2;ITGA8;ZFHX3,rs72817=CC,genotype_lookup,
wg-2305,genetic_tendency,Hand 2D-to-4D Ratio​,level,Moderate,,,,2305,https://www.wegene.com/en/report2/detail/2305,rs11581;rs4927012;rs314277;rs2332175,LIN28B;GLIS1;SMOC1;AC,rs11581=AT,genotype_lookup,
wg-2283,genetic_tendency,Large Nail Plate Tendency,tendency_level,Low,,,,2283,https://www.wegene.com/en/report2/detail/2283,rs26051;rs12186491;rs4672566;rs10497417,SPINK6;OLA1,rs26051=CC,genotype_lookup,
wg-2304,genetic_tendency,Leadership Ability​​,level,Moderate,,,,2304,https://www.wegene.com/en/report2/detail/2304,rs984849;rs1487441;rs4977839,,rs984849=TT,genotype_lookup,
wg-2285,genetic_tendency,Leisure Screen Time,level,Moderate,,,,2285,https://www.wegene.com/en/report2/detail/2285,rs13107;rs70671;rs76267;rs1375561;rs11074658;rs34864022;rs4889530,SLC39A;PJA1;PVRL2;BCL11A;PPARD,rs13107=CC;rs70671=GG;rs76267=AA,genotype_lookup,
wg-2302,genetic_tendency,Long Lifespan Tendency,tendency_level,Moderate,,,,2302,https://www.wegene.com/en/report2/detail/2302,rs13172;rs17514;rs2802288;rs602633;rs1556516;rs7844965,CHRNA;FURIN;CHRNA3;APOE;FOXO3,rs13172=AG;rs17514=AA,genotype_lookup,
wg-2303,genetic_tendency,Non-Cognitive Educational Attainment,level,Moderate,,,,2303,https://www.wegene.com/en/report2/detail/2303,rs16164;rs13017;rs48862;rs7613360;rs7834364;rs4909561,HTT;NRXN1;DUSP13,rs16164=GG;rs13017=TT;rs48862=GG,genotype_lookup,
wg-2300,genetic_tendency,Occupational Artistic Creativity,level,Moderate,,,,2300,https://www.wegene.com/en/report2/detail/2300,rs4800011,,,genotype_lookup,
wg-2298,genetic_tendency,Occupational Attainment,level,Moderate,,,,2298,https://www.wegene.com/en/report2/detail/2298,rs76340;rs75344;rs27260;rs3741368;rs9375188;rs1455351,CD248;SKA2,rs76340=AA;rs75344=TT;rs27260=AA,genotype_lookup,
wg-2296,genetic_tendency,Occupational Managerial Creativity,level,Weak,,,,2296,https://www.wegene.com/en/report2/detail/2296,,,,,
wg-2294,genetic_tendency,Occupational Scientific Creativity,level,Weak,,,,2294,https://www.wegene.com/en/report2/detail/2294,rs720066;rs2613492;rs9387963,,rs720066=TT,genotype_lookup,
wg-2286,genetic_tendency,Stool Frequency​​,level,Low,,,,2286,https://www.wegene.com/en/report2/detail/2286,rs12273;rs45560;rs11176;rs6756973;rs3827760;rs74030209,MUC12;FAM227A,rs12273=TT;rs45560=TT;rs11176=CC,genotype_lookup,
wg-2295,genetic_tendency,Telomere Length,level,Short,,,,2295,https://www.wegene.com/en/report2/detail/2295,rs10954;rs24752;rs69685;rs12241155;rs12934863;rs11190126,IRF5;RFWD3;DCAF4,rs10954=AA;rs24752=CC;rs69685=CG,genotype_lookup,
wg-170,genetic_tendency,Tendency to Avoid Mistakes May be good at avoiding mistakes,unknown,,,,,170,https://www.wegene.com/en/report2/detail/170,rs1800497,ANKK1,rs1800497=GG,genotype_lookup,
wg-2290,genetic_tendency,Thick Eyebrow Tendency,tendency_level,High,,,,2290,https://www.wegene.com/en/report2/detail/2290,rs731823;rs57744491;rs10508556,SLC39A12;SLC39A1,rs731823=TT,genotype_lookup,
wg-2277,genetic_tendency,Unibrow Tendency,tendency_level,Moderate,,,,2277,https://www.wegene.com/en/report2/detail/2277,rs36015125,,,genotype_lookup,
wg-2299,genetic_tendency,Waist-to-Hip Ratio​​ (WHR),level,Low,,,,2299,https://www.wegene.com/en/report2/detail/2299,,,,,
wg-2297,genetic_tendency,Widow's Peak Tendency,tendency_level,Low,,,,2297,https://www.wegene.com/en/report2/detail/2297,rs13423753;rs4959669,,,genotype_lookup,
wg-1714,psychological_traits,Agreeableness,level,Weak,,,,1714,https://www.wegene.com/en/report2/detail/1714,rs32041;rs68327;rs2287826,IKBKAP,rs32041=AA;rs68327=GG;rs2287826=GG,genotype_lookup,
wg-1708,psychological_traits,Anti-Aggression,level,Strong,,,,1708,https://www.wegene.com/en/report2/detail/1708,rs53576;rs67706;rs11126630;rs1611115,OXTR;NTM;DBH,rs53576=AG;rs67706=CC,genotype_lookup,
wg-1563,psychological_traits,Anti-Anxiety Ability,level,Weak,,,,1563,https://www.wegene.com/en/report2/detail/1563,rs62353;rs12637;rs46536;rs7973260;rs62100776,KSR2;MFHAS1;PINX1;THBS2,rs62353=AA;rs12637=TT;rs46536=AA,genotype_lookup,
wg-1715,psychological_traits,Anti-Loneliness,level,Moderate,,,,1715,https://www.wegene.com/en/report2/detail/1715,rs10443;rs53576;rs11605;rs613872;rs2069117,CHRNA;OXTR;TCF4;OR1S1;MBD5;CHRNA4,rs10443=GG;rs53576=AG;rs11605=GG,genotype_lookup,
wg-1716,psychological_traits,Anti-Social Anxiety Disorder Ability,level,Moderate,,,,1716,https://www.wegene.com/en/report2/detail/1716,rs10994;rs10144552;rs12579350;rs1799971,ANK3;ANO2;GTF2I;OPRM1;CNTNAP2,rs10994=TT,genotype_lookup,
wg-1721,psychological_traits,Conscientiousness,level,Weak,,,,1721,https://www.wegene.com/en/report2/detail/1721,rs13070781;rs2576037,KATNAL2,rs13070781=AA;rs2576037=TT,genotype_lookup,
wg-1440,psychological_traits,Deep Sleep,descriptive,Duration of deep sleep is relatively short,,,,1440,https://www.wegene.com/en/report2/detail/1440,rs73598374,ADA,rs73598374=CC,genotype_lookup,
wg-1562,psychological_traits,Delayed Gratification,level,Moderate,,,,1562,https://www.wegene.com/en/report2/detail/1562,rs37564;rs37736;rs4680;rs324420,DRD3;GPM6B;FAAH;SLC6A3;COMT;AC,rs37564=AG;rs37736=GG,genotype_lookup,
wg-1559,psychological_traits,Emotional Stability,level,Weak,,,,1559,https://www.wegene.com/en/report2/detail/1559,rs12421;rs66067;rs68820;rs2921036;rs10097870;rs2953805,MYO1H;CACNA1E;MSRA;MFHAS1;DOCK3,rs12421=TT;rs66067=TT;rs68820=GG,genotype_lookup,
wg-1560,psychological_traits,Empathy,level,Moderate,,,,1560,https://www.wegene.com/en/report2/detail/1560,rs53576;rs11410;rs76891664;rs11264567,OXTR;RASSF1;GATAD2B;RASSF10;AC,rs53576=AG;rs11410=AC,genotype_lookup,
wg-1723,psychological_traits,Episodic Memory Ability,level,Moderate,,,,1723,https://www.wegene.com/en/report2/detail/1723,rs17070145;rs7594645,WWC1;FASTKD2,,genotype_lookup,
wg-1712,psychological_traits,Extraversion,level,Weak,,,,1712,https://www.wegene.com/en/report2/detail/1712,rs79220;rs17147371;rs11103814,CRTAC1;GRIA4,rs79220=AG,genotype_lookup,
wg-1713,psychological_traits,Nonconformity,level,Moderate,,,,1713,https://www.wegene.com/en/report2/detail/1713,rs10062;rs13170;rs2619056;rs2056708,ARL10;CCDC146;CCDC1,rs10062=CT;rs13170=AG,genotype_lookup,
wg-1722,psychological_traits,Openness,level,Weak,,,,1722,https://www.wegene.com/en/report2/detail/1722,rs67703;rs10966;rs11685318,,rs67703=CT;rs10966=TT,genotype_lookup,
wg-1718,psychological_traits,Positive Emotion,level,Moderate,,,,1718,https://www.wegene.com/en/report2/detail/1718,rs322931,,rs322931=AG,genotype_lookup,
wg-1561,psychological_traits,Resistance to Job Burnout,level,Moderate,,,,1561,https://www.wegene.com/en/report2/detail/1561,rs6265;rs13219957;rs12506228,BDNF;UST,rs6265=TT,genotype_lookup,
wg-1558,psychological_traits,Risk Tolerance,level,Strong,,,,1558,https://www.wegene.com/en/report2/detail/1558,rs10519;rs20034;rs24096;rs13084531;rs9379971,ZBTB10;EPHA5;STAG1;BMP3;CGREF1;TBC1D5,rs10519=CT;rs20034=CC;rs24096=AG,genotype_lookup,
wg-1709,psychological_traits,Social Communication Ability,level,Weak,,,,1709,https://www.wegene.com/en/report2/detail/1709,rs23529;rs37611;rs44537;rs6295;rs9257616,HTR1A,rs23529=GG;rs37611=CC;rs44537=CT,genotype_lookup,
wg-1717,psychological_traits,Spatial Memory Ability,level,Moderate,,,,1717,https://www.wegene.com/en/report2/detail/1717,rs6265;rs494157;rs1799990;rs3824968,BDNF;HTR2A;PRNP;SORL1,rs6265=TT;rs494157=GG,genotype_lookup,
wg-1719,psychological_traits,Stress Handling Ability,level,Strong,,,,1719,https://www.wegene.com/en/report2/detail/1719,rs3800373;rs1360780;rs1109089;rs1884641;rs2074997,FKBP5;RHEB;CYB561A3,,genotype_lookup,
wg-1557,psychological_traits,Subjective Well-being,level,Moderate,,,,1557,https://www.wegene.com/en/report2/detail/1557,rs10795;rs68355;rs4680;rs324420;rs3756290,RAPGEF6;RABGAP1;MAML3;DARS2;RERE;FAAH;AC,rs10795=CG;rs68355=AT,genotype_lookup,
wg-1724,psychological_traits,Verbal Memory Ability,level,Moderate,,,,1724,https://www.wegene.com/en/report2/detail/1724,rs44206;rs6265;rs64398;rs17070145;rs283815,APOC1;BDNF;CLSTN2;WWC1;BAIAP2,rs44206=AA;rs6265=TT;rs64398=AA,genotype_lookup,
wg-1527,skin_characteristics,Ability To Resist Acne,level,Strong,,,,1527,https://www.wegene.com/en/report2/detail/1527,rs38055;rs478304;rs1159268;rs1060573;rs747650;rs7531806,MIR548F3;MIR548;F3,rs38055=GG,genotype_lookup,
wg-1568,skin_characteristics,Ability To Resist Cellulite,level,Moderate,,,,1568,https://www.wegene.com/en/report2/detail/1568,rs11549465,HIF1A,rs11549465=CT,genotype_lookup,
wg-1567,skin_characteristics,Ability To Resist Rosacea,level,Strong,,,,1567,https://www.wegene.com/en/report2/detail/1567,rs763035,,rs763035=GG,genotype_lookup,
wg-1556,skin_characteristics,Ability To Resist Senile Plaques,level,Weak,,,,1556,https://www.wegene.com/en/report2/detail/1556,rs251468;rs35563099;rs61866017,PPARGC1;PPARGC1B,rs251468=CC;rs35563099=CC;rs61866017=GG,genotype_lookup,
wg-1565,skin_characteristics,Ability To Resist Sunburn,level,Strong,,,,1565,https://www.wegene.com/en/report2/detail/1565,rs625435;rs12203592;rs35063026,IRF4;BNC2,rs625435=CC,genotype_lookup,
wg-1569,skin_characteristics,Ability To Resist Varicose Veins,level,Strong,,,,1569,https://www.wegene.com/en/report2/detail/1569,rs1801131;rs1801133,MTHFR,rs1801131=GG;rs1801133=GG,genotype_lookup,
wg-1525,skin_characteristics,Anti-Freckle Ability,level,Moderate,,,,1525,https://www.wegene.com/en/report2/detail/1525,rs2153271;rs4911414;rs4911442;rs1042602;rs1393350,BNC2;NCOA6;TYR,,genotype_lookup,
wg-1524,skin_characteristics,Anti-Glycation Ability,level,Moderate,,,,1524,https://www.wegene.com/en/report2/detail/1524,rs1800624;rs1800625,AGER;PBX2,,genotype_lookup,
wg-1694,skin_characteristics,Anti-Sagging Eyelid Ability,level,Moderate,,,,1694,https://www.wegene.com/en/report2/detail/1694,rs11876749;rs11979919,DLGAP1,rs11876749=CT;rs11979919=CT,genotype_lookup,
wg-1664,skin_characteristics,Anti-Skin Photoaging Ability,level,Strong,,,,1664,https://www.wegene.com/en/report2/detail/1664,rs18050;rs11547464;rs322458,MC1R,rs18050=CC;rs11547464=GG,genotype_lookup,
wg-1693,skin_characteristics,Anti-Skin Wrinkle Ability,level,Strong,,,,1693,https://www.wegene.com/en/report2/detail/1693,rs2066853,AHR,rs2066853=GG,genotype_lookup,
wg-1522,skin_characteristics,Anti-Tanning Reaction Ability,level,Strong,,,,1522,https://www.wegene.com/en/report2/detail/1522,rs10153;rs11703;rs95615;rs16891982;rs12913832,KIAA09;DCT;HERC2;IRF4;SLC45A2;TYR;ATP11A,rs10153=CT;rs11703=GG;rs95615=GT,genotype_lookup,
wg-1523,skin_characteristics,Antioxidant Ability,level,Strong,,,,1523,https://www.wegene.com/en/report2/detail/1523,rs1050450;rs35652124;rs1800566;rs4880,GPX1;NFE2L2;NQO1;SOD2,,genotype_lookup,
wg-1695,skin_characteristics,Collagen Retention Ability,level,Moderate,,,,1695,https://www.wegene.com/en/report2/detail/1695,rs1800795;rs3918242,,,genotype_lookup,
wg-1526,skin_characteristics,Skin Moisturizing Ability,level,Weak,,,,1526,https://www.wegene.com/en/report2/detail/1526,rs17553719;rs137852931;rs61816761;rs11103631,AQP3;ST14;FLG,,genotype_lookup,
wg-1566,skin_characteristics,Skin Oil Control Ability,level,Weak,,,,1566,https://www.wegene.com/en/report2/detail/1566,rs174547;rs743572;rs1801282,FADS1;CYP17A1;PPARG,rs174547=TT;rs743572=AG,genotype_lookup,
wg-1963,infection_risk,Candida Infection,risk_level,slightly low...,,,,1963,https://www.wegene.com/en/report2/detail/1963,rs4845320,LCE4A,rs4845320=AA,genotype_lookup,
wg-1970,infection_risk,Cryptococcus Infection,risk_level,slightly hig...,,,,1970,https://www.wegene.com/en/report2/detail/1970,rs5743604,TLR1,rs5743604=AA,genotype_lookup,
wg-1962,infection_risk,Entamoeba Infection,risk_level,slightly low...,,,,1962,https://www.wegene.com/en/report2/detail/1962,rs58994923,CREM;DD,,genotype_lookup,
wg-1971,infection_risk,H. pylori Infection,risk_level,slightly hig...,,,,1971,https://www.wegene.com/en/report2/detail/1971,rs10004;rs368433;rs2294008;rs2671655,FCGR2A;PSCA,rs10004=TT,genotype_lookup,
wg-1966,infection_risk,HIV Infection,risk_level,slightly low...,,,,1966,https://www.wegene.com/en/report2/detail/1966,rs59682;rs333;rs35829419;rs11884476,NLRP3;CCR5;PARD3B;II,rs59682=TT,genotype_lookup,
wg-1959,infection_risk,Hepatitis Virus Infection,risk_level,moderate...,,,,1959,https://www.wegene.com/en/report2/detail/1959,rs12614;rs12979;rs28567;rs74597329;rs1883832;rs3219487,CFB;IFNL4;CD40;MUTYH,rs12614=CC;rs12979=CT;rs28567=CT,genotype_lookup,
wg-1961,infection_risk,M. leprae Infection,risk_level,slightly hig...,,,,1961,https://www.wegene.com/en/report2/detail/1961,rs22756;rs77061;rs28446;rs6871626;rs2221593;rs3764147;rs35829419,PSORS1;IL12B;BATF3;C1,rs22756=GG;rs77061=CC;rs28446=CT,genotype_lookup,
wg-1960,infection_risk,M. tuberculosis Infection,risk_level,moderate...,,,,1960,https://www.wegene.com/en/report2/detail/1960,rs43314;rs61140;rs2269497;rs4240897,TGM6;ESRRB;RGS12;MFN2,rs43314=AA;rs61140=TT,genotype_lookup,
wg-1968,infection_risk,Male HPV Infection,risk_level,slightly low...,,,,1968,https://www.wegene.com/en/report2/detail/1968,rs59661306;rs745772;rs9357152,,rs59661306=AA;rs745772=CG,genotype_lookup,
wg-1965,infection_risk,Norovirus Infection,risk_level,slightly low...,,,,1965,https://www.wegene.com/en/report2/detail/1965,rs601338;rs1047781,FUT2,rs601338=AA;rs1047781=AA,genotype_lookup,
wg-1964,infection_risk,Plasmodium Infection,risk_level,slightly hig...,,,,1964,https://www.wegene.com/en/report2/detail/1964,rs2365860;rs10900585;rs8176719;rs372091,ATP2B4;ABO;OR51B5;II,,genotype_lookup,
wg-1969,infection_risk,Prion Infection,risk_level,slightly low...,,,,1969,https://www.wegene.com/en/report2/detail/1969,rs75659;rs6107516;rs6951643;rs4921542,PRNP;GRM8;MTMR7,rs75659=GG,genotype_lookup,
wg-1940,lifestyle_guidance,Drinking x Bladder Cancer,gene_environment,Slightly low elevating risk,,,,1940,https://www.wegene.com/en/report2/detail/1940,rs671;rs755622,ALDH2;MIF,rs671=GG,genotype_lookup,
wg-1942,lifestyle_guidance,Drinking x CHD,gene_environment,Moderate elevating risk,,,,1942,https://www.wegene.com/en/report2/detail/1942,rs36071027;rs854560;rs1800795,PON1,rs36071027=CC;rs854560=AA;rs1800795=GG,genotype_lookup,
wg-1941,lifestyle_guidance,Drinking x Colorectal Cancer,gene_environment,Slightly low elevating risk,,,,1941,https://www.wegene.com/en/report2/detail/1941,rs12299;rs18007;rs671;rs1804197;rs1801133,ADH1B;APC;MTHFR;ALDH2,rs12299=CT;rs18007=GG,genotype_lookup,
wg-1938,lifestyle_guidance,Drinking x Esophagus Cancer,gene_environment,Slightly low elevating risk,,,,1938,https://www.wegene.com/en/report2/detail/1938,rs10420;rs10517;rs1229984;rs4646903;rs671;rs3805322,ADH1B;EPHX1;ALDH2;ADH1C;CYP1A1,rs10420=TT;rs10517=TT,genotype_lookup,
wg-1943,lifestyle_guidance,Drinking x Hypertension,gene_environment,Moderate elevating risk,,,,1943,https://www.wegene.com/en/report2/detail/1943,rs10826;rs4551304;rs99280;rs9286060;rs2409784;rs1799998,BLK;PINX1;GATA4;FTO;CYP11B2;CYP11B;FTOAA,rs10826=CC,genotype_lookup,
wg-1944,lifestyle_guidance,Drinking x Lung Cancer,gene_environment,Moderate elevating risk,,,,1944,https://www.wegene.com/en/report2/detail/1944,rs1801133;rs4680;rs2031920,COMT;MTHFR,,genotype_lookup,
wg-1955,lifestyle_guidance,Physical Activity x CHD Moderate protective role,unknown,,,,,1955,https://www.wegene.com/en/report2/detail/1955,rs1042713;rs1800588,ADRB2;LIPC,,genotype_lookup,
wg-1954,lifestyle_guidance,Physical Activity x Hypertension Slightly strong protective role,unknown,,,,,1954,https://www.wegene.com/en/report2/detail/1954,rs198389;rs10177833,NPPB;SLC4A5;AC,rs198389=GG,genotype_lookup,
wg-1953,lifestyle_guidance,Physical Activity x T2D Slightly strong protective role,unknown,,,,,1953,https://www.wegene.com/en/report2/detail/1953,rs18012;rs5404;rs17036314;rs3758947,PPARG;SLC2A2,rs18012=GG;rs5404=CC,genotype_lookup,
wg-1949,lifestyle_guidance,Smoking x Bladder Cancer,gene_environment,Slightly high elevating risk,,,,1949,https://www.wegene.com/en/report2/detail/1949,rs13181;rs2228001;rs1801270;rs2228000;rs2567206,ERCC2;CDKN1A;XPC;CDKN1;AC,rs13181=TT,genotype_lookup,
wg-1950,lifestyle_guidance,Smoking x CHD,gene_environment,Moderate elevating risk,,,,1950,https://www.wegene.com/en/report2/detail/1950,rs15012;rs1799983;rs36071027;rs7178051;rs1805081,ADIPO;NPC1;NOS3,rs15012=GG,genotype_lookup,
wg-1937,lifestyle_guidance,Smoking x Colorectal Cancer,gene_environment,Moderate elevating risk,,,,1937,https://www.wegene.com/en/report2/detail/1937,rs18004;rs18007;rs1799931;rs6478972;rs1042028,CYP1B1;MLH1;NAT2,rs18004=TT;rs18007=AG,genotype_lookup,
wg-1946,lifestyle_guidance,Smoking x Esophagus Cancer,gene_environment,Moderate elevating risk,,,,1946,https://www.wegene.com/en/report2/detail/1946,rs10517;rs12299;rs1138272;rs4646903;rs671;rs1042028,EPHX1;ADH1B;ALDH2;CYP1A1;GSTP1,rs10517=TT;rs12299=CT,genotype_lookup,
wg-1951,lifestyle_guidance,Smoking x Hypertension,gene_environment,Slightly high elevating risk,,,,1951,https://www.wegene.com/en/report2/detail/1951,rs402007;rs1801133;rs1126742;rs6495308;rs9619311,MTHFR;CYP4A11;ADAMTS1;GNAS;ADA;CYP4A1;CHRNA,,genotype_lookup,
wg-1952,lifestyle_guidance,Smoking x Lung Cancer,gene_environment,Slightly low elevating risk,,,,1952,https://www.wegene.com/en/report2/detail/1952,rs1052133;rs2606345;rs1801272;rs1042522,CYP1A1;CYP2A6;TP53;OGG1;ERCC6,,genotype_lookup,
wg-1948,lifestyle_guidance,Smoking x Prostate Cancer,gene_environment,Slightly high elevating risk,,,,1948,https://www.wegene.com/en/report2/detail/1948,rs10489;rs12560;rs1695;rs2234922;rs3813867,CYP1A1;ESR2;GSTP1;EPHX1,rs10489=CT;rs12560=CC;rs1695=AA,genotype_lookup,
wg-1945,lifestyle_guidance,Smoking x Stomach Cancer,gene_environment,Slightly high elevating risk,,,,1945,https://www.wegene.com/en/report2/detail/1945,rs203192;rs1047840;rs179975;rs2736100;rs4646903,TERT;WTAPP1;EXO1;DI,rs203192=CC,genotype_lookup,
wg-2380,dietary_preference,Aniseed Preference,preference_level,High,,,,2380,https://www.wegene.com/en/report2/detail/2380,rs4947336;rs75051825,,,genotype_lookup,
wg-2379,dietary_preference,Apple Juice Preference,preference_level,High,,,,2379,https://www.wegene.com/en/report2/detail/2379,rs7188250,,,genotype_lookup,
wg-2337,dietary_preference,Apples Preference,preference_level,Low,,,,2337,https://www.wegene.com/en/report2/detail/2337,rs7625384,,,genotype_lookup,
wg-2336,dietary_preference,Asparagus Preference,preference_level,High,,,,2336,https://www.wegene.com/en/report2/detail/2336,rs56246068;rs10522286;rs7334317,,,genotype_lookup,
wg-2338,dietary_preference,Aubergine Preference,preference_level,Low,,,,2338,https://www.wegene.com/en/report2/detail/2338,rs12430;rs1486108;rs7610856;rs71393921,,rs12430=GG,genotype_lookup,
wg-2373,dietary_preference,Avocados Preference,preference_level,Moderate,,,,2373,https://www.wegene.com/en/report2/detail/2373,rs10642392;rs6912493;rs2155290,,,genotype_lookup,
wg-2398,dietary_preference,BBQ Grilled Meat Preference,preference_level,Moderate,,,,2398,https://www.wegene.com/en/report2/detail/2398,rs429358;rs6424510;rs76395182,APOE;CADM2,rs429358=TT,genotype_lookup,
wg-2308,dietary_preference,Bacon Preference,preference_level,Moderate,,,,2308,https://www.wegene.com/en/report2/detail/2308,rs429358;rs6718656;rs10946808,APOE,rs429358=TT;rs6718656=GT;rs10946808=AG,genotype_lookup,
wg-2355,dietary_preference,Banana Preference,preference_level,High,,,,2355,https://www.wegene.com/en/report2/detail/2355,rs7241775,,,genotype_lookup,
wg-2327,dietary_preference,Beef Preference,preference_level,Moderate,,,,2327,https://www.wegene.com/en/report2/detail/2327,rs429358;rs62250717;rs11240430,APOE,rs429358=TT;rs62250717=CC;rs11240430=CG,genotype_lookup,
wg-2376,dietary_preference,Beetroot Preference,preference_level,High,,,,2376,https://www.wegene.com/en/report2/detail/2376,rs11710277;rs73034263,SEMA3F,rs11710277=AA;rs73034263=CC,genotype_lookup,
wg-2329,dietary_preference,Bell Pepper Preference,preference_level,Low,,,,2329,https://www.wegene.com/en/report2/detail/2329,rs111688645;rs35773951,,,genotype_lookup,
wg-2414,dietary_preference,Bitter Ale Preference,preference_level,Moderate,,,,2414,https://www.wegene.com/en/report2/detail/2414,rs96118;rs2163971;rs1229984;rs112065280,ADH1B,rs96118=AA;rs2163971=TT;rs1229984=CT,genotype_lookup,
wg-2385,dietary_preference,Black Olives Preference,preference_level,Low,,,,2385,https://www.wegene.com/en/report2/detail/2385,rs11859;rs12430;rs12665;rs74696461;rs2119437;rs7709884,CDH13;BAG6,rs11859=AA;rs12430=GG;rs12665=CT,genotype_lookup,
wg-2387,dietary_preference,Black Pepper Preference,preference_level,Low,,,,2387,https://www.wegene.com/en/report2/detail/2387,rs13056;rs7568987;rs6747171;rs10246665,,rs13056=CC,genotype_lookup,
wg-2405,dietary_preference,Blue Cheese Preference,preference_level,Moderate,,,,2405,https://www.wegene.com/en/report2/detail/2405,rs11233;rs55872;rs10195287;rs1392262;rs12413585,GFRA1;FTOCC,rs11233=CC,genotype_lookup,
wg-2345,dietary_preference,Broad Beans Preference,preference_level,Low,,,,2345,https://www.wegene.com/en/report2/detail/2345,rs4988235;rs512445;rs507711,MCM6;MAPKAP1;MAPKA;P1,,genotype_lookup,
wg-2382,dietary_preference,Broccoli Preference,preference_level,Moderate,,,,2382,https://www.wegene.com/en/report2/detail/2382,rs13384513;rs11749582,,,genotype_lookup,
wg-2392,dietary_preference,Butternut Squash Preference,preference_level,Low,,,,2392,https://www.wegene.com/en/report2/detail/2392,rs2937339;rs55872725,,,genotype_lookup,
wg-2364,dietary_preference,Cabbage Preference,preference_level,Low,,,,2364,https://www.wegene.com/en/report2/detail/2364,rs13135092;rs17391889;rs2298527,,,genotype_lookup,
wg-2406,dietary_preference,Cake Icing Preference,preference_level,High,,,,2406,https://www.wegene.com/en/report2/detail/2406,rs72622646;rs2470578;rs12546198,PSCA,rs72622646=CC;rs2470578=GG;rs12546198=AA,genotype_lookup,
wg-2346,dietary_preference,Cake Preference,preference_level,High,,,,2346,https://www.wegene.com/en/report2/detail/2346,rs83813;rs10877;rs206269;rs35741362;rs1520919,FGF21,rs83813=AA;rs10877=CT;rs206269=AG;rs35741362=TT,genotype_lookup,
wg-2362,dietary_preference,Capers Preference,preference_level,Low,,,,2362,https://www.wegene.com/en/report2/detail/2362,rs11859;rs62244860;rs3132685;rs10274474,CDH13;HCG9,rs11859=AA,genotype_lookup,
wg-2340,dietary_preference,Cauliflower Preference,preference_level,Low,,,,2340,https://www.wegene.com/en/report2/detail/2340,rs1170216;rs13135092;rs4310746,,,genotype_lookup,
wg-2404,dietary_preference,Cheesecake Preference,preference_level,Moderate,,,,2404,https://www.wegene.com/en/report2/detail/2404,rs9300002;rs34783010,,,genotype_lookup,
wg-2317,dietary_preference,Cherries Preference,preference_level,Low,,,,2317,https://www.wegene.com/en/report2/detail/2317,rs1243179;rs4929925;rs35260863,MLLT10;AC,,genotype_lookup,
wg-2350,dietary_preference,Chilli Pepper Preference,preference_level,Moderate,,,,2350,https://www.wegene.com/en/report2/detail/2350,rs6799195;rs528301;rs6882046,,,genotype_lookup,
wg-2342,dietary_preference,Chips Preference,preference_level,High,,,,2342,https://www.wegene.com/en/report2/detail/2342,rs12682352;rs9972653,,,genotype_lookup,
wg-2389,dietary_preference,Coffee with Sugar Preference,preference_level,Moderate,,,,2389,https://www.wegene.com/en/report2/detail/2389,rs10125362,,,genotype_lookup,
wg-2397,dietary_preference,Coffee without Sugar Preference,preference_level,High,,,,2397,https://www.wegene.com/en/report2/detail/2397,rs6968865;rs2472297;rs62033400,,,genotype_lookup,
wg-2354,dietary_preference,Coriander Preference,preference_level,High,,,,2354,https://www.wegene.com/en/report2/detail/2354,rs10243750,,,genotype_lookup,
wg-2375,dietary_preference,Cornflakes Preference,preference_level,Moderate,,,,2375,https://www.wegene.com/en/report2/detail/2375,rs6798507;rs11222562,FOXP1,rs6798507=AG;rs11222562=CT,genotype_lookup,
wg-2343,dietary_preference,Crisps Preference,preference_level,High,,,,2343,https://www.wegene.com/en/report2/detail/2343,rs12682;rs6808586;rs28712821;rs10230959,MFHAS,rs12682=CT,genotype_lookup,
wg-2306,dietary_preference,Croissant Preference,preference_level,Low,,,,2306,https://www.wegene.com/en/report2/detail/2306,rs4580876,,,genotype_lookup,
wg-2359,dietary_preference,Cucumber Preference,preference_level,High,,,,2359,https://www.wegene.com/en/report2/detail/2359,rs62090520,,,genotype_lookup,
wg-2307,dietary_preference,Curry Preference,preference_level,High,,,,2307,https://www.wegene.com/en/report2/detail/2307,rs6799195;rs528301;rs6882046,,,genotype_lookup,
wg-2407,dietary_preference,Dark Chocolate Preference,preference_level,High,,,,2407,https://www.wegene.com/en/report2/detail/2407,rs16982;rs96118;rs2472297;rs4653728;rs2106727,GDF15,rs16982=GG;rs96118=AA;rs2472297=CT,genotype_lookup,
wg-2311,dietary_preference,Dried Fruit Preference,preference_level,Low,,,,2311,https://www.wegene.com/en/report2/detail/2311,rs7618456;rs35260863,,,genotype_lookup,
wg-2384,dietary_preference,Drinking Water Preference,preference_level,Moderate,,,,2384,https://www.wegene.com/en/report2/detail/2384,rs12293;rs6541139;rs34967813;rs2339975,RYR2;VRK1,rs12293=GG,genotype_lookup,
wg-2358,dietary_preference,Eggs Preference,preference_level,Low,,,,2358,https://www.wegene.com/en/report2/detail/2358,rs429358;rs838133;rs56094641,APOE;FGF21,rs429358=TT;rs838133=AA,genotype_lookup,
wg-2401,dietary_preference,Fizzy Drinks Preference,preference_level,High,,,,2401,https://www.wegene.com/en/report2/detail/2401,rs62033400,,,genotype_lookup,
wg-2324,dietary_preference,Fried Chicken Preference,preference_level,High,,,,2324,https://www.wegene.com/en/report2/detail/2324,rs429358,APOE,rs429358=TT,genotype_lookup,
wg-2323,dietary_preference,Fried Fish Preference,preference_level,Low,,,,2323,https://www.wegene.com/en/report2/detail/2323,rs429358;rs601338;rs79288427,APOE;FUT2,rs429358=TT;rs601338=AA,genotype_lookup,
wg-2309,dietary_preference,Garlic Preference,preference_level,Moderate,,,,2309,https://www.wegene.com/en/report2/detail/2309,rs13009019;rs12495758,,,genotype_lookup,
wg-2403,dietary_preference,Gherkins Preference,preference_level,High,,,,2403,https://www.wegene.com/en/report2/detail/2403,rs20068;rs11859;rs12430;rs71328455;rs11926783;rs10474277,AUTS2;CDH13;PEBP4;GFRA1,rs20068=TT;rs11859=AA;rs12430=GG,genotype_lookup,
wg-2321,dietary_preference,Globe Artichoke Preference,preference_level,High,,,,2321,https://www.wegene.com/en/report2/detail/2321,rs187580;rs12214204;rs12430440,ARID1B,rs187580=GT;rs12214204=AA;rs12430440=GG,genotype_lookup,
wg-2393,dietary_preference,Goat Cheese Preference,preference_level,Moderate,,,,2393,https://www.wegene.com/en/report2/detail/2393,rs11035710,,,genotype_lookup,
wg-2348,dietary_preference,Grapefruit Preference,preference_level,Moderate,,,,2348,https://www.wegene.com/en/report2/detail/2348,rs543760;rs1726866;rs2236295;rs61912110,TAS2R38,rs543760=TT;rs1726866=AA;rs2236295=GG,genotype_lookup,
wg-2383,dietary_preference,Green Olives Preference,preference_level,Moderate,,,,2383,https://www.wegene.com/en/report2/detail/2383,rs11859;rs12665;rs12773;rs74696461;rs35805189;rs834828,CDH13,rs11859=AA;rs12665=CT;rs12773=CT;rs74696461=GG,genotype_lookup,
wg-2386,dietary_preference,Haddock Preference,preference_level,Low,,,,2386,https://www.wegene.com/en/report2/detail/2386,rs62148582;rs55798953;rs3105049,,,genotype_lookup,
wg-2322,dietary_preference,Ham Preference,preference_level,High,,,,2322,https://www.wegene.com/en/report2/detail/2322,rs42935;rs4147707;rs10946808;rs8083301,APOE;NDUFS1;NDUFS,rs42935=TT,genotype_lookup,
wg-2357,dietary_preference,Herring Preference,preference_level,Low,,,,2357,https://www.wegene.com/en/report2/detail/2357,rs83813;rs11859;rs62148582;rs55985303;rs9862451,FGF21;CDH13,rs83813=AA;rs11859=AA,genotype_lookup,
wg-2347,dietary_preference,Honey Preference,preference_level,High,,,,2347,https://www.wegene.com/en/report2/detail/2347,rs10852521,,,genotype_lookup,
wg-2361,dietary_preference,Ice Cream Preference,preference_level,Moderate,,,,2361,https://www.wegene.com/en/report2/detail/2361,rs158408;rs9694306;rs2472297,,,genotype_lookup,
wg-2377,dietary_preference,Ketchup Preference,preference_level,Moderate,,,,2377,https://www.wegene.com/en/report2/detail/2377,rs2271342;rs4940994,,,genotype_lookup,
wg-2396,dietary_preference,Lager Preference,preference_level,High,,,,2396,https://www.wegene.com/en/report2/detail/2396,rs28137;rs76084961;rs1229984;rs41851,ADH1B,rs28137=AA;rs76084961=TT;rs1229984=CT,genotype_lookup,
wg-2333,dietary_preference,Lamb Preference,preference_level,High,,,,2333,https://www.wegene.com/en/report2/detail/2333,rs42935;rs6435326;rs76395182;rs4400143,APOE;PCCB;CADM2,rs42935=TT,genotype_lookup,
wg-2292,dietary_preference,Leisure Computer Use Preference​,level,Moderate,,,,2292,https://www.wegene.com/en/report2/detail/2292,rs27348;rs11385;rs93726;rs10208088;rs6905544;rs2748985,ANKK1;SEMA6D;EXOC4,rs27348=AG;rs11385=GG;rs93726=GG,genotype_lookup,
wg-2293,dietary_preference,Leisure TV Watching Preference​,level,Low,,,,2293,https://www.wegene.com/en/report2/detail/2293,rs10876;rs11245;rs62379;rs7788008;rs10947452;rs2034768,CTBP2;HMGA2;BCL11A;HELZ,rs10876=AA;rs11245=CC;rs62379=GG,genotype_lookup,
wg-2315,dietary_preference,Lemons Preference,preference_level,High,,,,2315,https://www.wegene.com/en/report2/detail/2315,rs8097318;rs786272,,rs8097318=AG,genotype_lookup,
wg-2279,dietary_preference,Long Sleep Preference​,level,Low,,,,2279,https://www.wegene.com/en/report2/detail/2279,rs17427;rs20502;rs113851554;rs8050478;rs1517572,SHISA6;MAPKAP1;OLFM2;RBFOX1;AC,rs17427=AG;rs20502=CT,genotype_lookup,
wg-2356,dietary_preference,Mackerel Preference,preference_level,Low,,,,2356,https://www.wegene.com/en/report2/detail/2356,rs11859;rs2110529;rs62171962;rs4528931,CDH13;LIMK2,rs11859=AA,genotype_lookup,
wg-2369,dietary_preference,Marzipan Preference,preference_level,Low,,,,2369,https://www.wegene.com/en/report2/detail/2369,rs514659,ABO,rs514659=CC,genotype_lookup,
wg-2288,dietary_preference,Morningness Preference​​,level,Moderate,,,,2288,https://www.wegene.com/en/report2/detail/2288,rs10838;rs37966;rs46666;rs909757;rs75120545;rs6727752,MADD;HCRTR2;PLCL1,rs10838=TT;rs37966=AA;rs46666=GG,genotype_lookup,
wg-2344,dietary_preference,Mushroom Preference,preference_level,Low,,,,2344,https://www.wegene.com/en/report2/detail/2344,rs20733;rs83813;rs6804842;rs3807688;rs11859365,GGT1;FGF21;MAGI2;CDH13,rs20733=CC;rs83813=AA,genotype_lookup,
wg-2280,dietary_preference,Nap Preference​,level,Low,,,,2280,https://www.wegene.com/en/report2/detail/2280,rs17454;rs35039;rs13263;rs2893323;rs9389556;rs528301822,ZHX3;ZBTB5;ECE2,rs17454=TT;rs35039=AG;rs13263=TT,genotype_lookup,
wg-2320,dietary_preference,Onion Preference,preference_level,Low,,,,2320,https://www.wegene.com/en/report2/detail/2320,rs838133;rs7511986;rs9959497,FGF21,rs838133=AA;rs7511986=AG;rs9959497=AG,genotype_lookup,
wg-2319,dietary_preference,Orange Juice Preference,preference_level,High,,,,2319,https://www.wegene.com/en/report2/detail/2319,rs12149574,,,genotype_lookup,
wg-2318,dietary_preference,Oranges Preference,preference_level,Moderate,,,,2318,https://www.wegene.com/en/report2/detail/2318,rs553450800;rs10423928,,,genotype_lookup,
wg-2316,dietary_preference,Pears Preference,preference_level,Moderate,,,,2316,https://www.wegene.com/en/report2/detail/2316,rs4953148;rs2504701,,,genotype_lookup,
wg-2312,dietary_preference,Pizza Preference,preference_level,High,,,,2312,https://www.wegene.com/en/report2/detail/2312,rs281377;rs13250449;rs3791203,FUT2,rs281377=CC;rs13250449=AG;rs3791203=CC,genotype_lookup,
wg-2314,dietary_preference,Plums Preference,preference_level,Moderate,,,,2314,https://www.wegene.com/en/report2/detail/2314,rs2504714;rs2316901;rs35260863,TRIM66,rs2504714=AG;rs2316901=AG;rs35260863=TT,genotype_lookup,
wg-2368,dietary_preference,Pollock Preference,preference_level,Low,,,,2368,https://www.wegene.com/en/report2/detail/2368,rs3105049,,,genotype_lookup,
wg-2328,dietary_preference,Pork Preference,preference_level,High,,,,2328,https://www.wegene.com/en/report2/detail/2328,rs42935;rs80833;rs6425817;rs4908972;rs62250717,APOE;CHD2,rs42935=TT;rs80833=AA,genotype_lookup,
wg-2372,dietary_preference,Porridge Preference,preference_level,Moderate,,,,2372,https://www.wegene.com/en/report2/detail/2372,rs55872;rs10789340;rs1593062;rs9569324,,,genotype_lookup,
wg-2313,dietary_preference,Prawns Preference,preference_level,Low,,,,2313,https://www.wegene.com/en/report2/detail/2313,rs42935;rs83813;rs62148582;rs715280;rs2526389,APOE;FGF21;CCDC171;KIRREL3,rs42935=TT;rs83813=AA,genotype_lookup,
wg-2399,dietary_preference,Raw Carrots Preference,preference_level,Low,,,,2399,https://www.wegene.com/en/report2/detail/2399,rs22411;rs99726;rs2952186;rs2380937;rs12005972,,rs22411=AA;rs99726=GG,genotype_lookup,
wg-2402,dietary_preference,Red Wine Preference,preference_level,High,,,,2402,https://www.wegene.com/en/report2/detail/2402,rs102469;rs62244888;rs3887138;rs1229984,TAS2R38;ADH1B,rs102469=TT,genotype_lookup,
wg-2325,dietary_preference,Roast Chicken Preference,preference_level,High,,,,2325,https://www.wegene.com/en/report2/detail/2325,rs429358;rs186775337;rs8083301,APOE,rs429358=TT;rs186775337=CT;rs8083301=AA,genotype_lookup,
wg-2371,dietary_preference,Salad Dressing Preference,preference_level,Moderate,,,,2371,https://www.wegene.com/en/report2/detail/2371,rs7741058;rs142175605,,,genotype_lookup,
wg-2411,dietary_preference,Salami Preference,preference_level,Low,,,,2411,https://www.wegene.com/en/report2/detail/2411,rs11642;rs13262;rs62244;rs186775337;rs8083301;rs429358,,rs11642=CC;rs13262=AG;rs62244=CC,genotype_lookup,
wg-2360,dietary_preference,Salmon Preference,preference_level,Low,,,,2360,https://www.wegene.com/en/report2/detail/2360,rs11859;rs3106840;rs62148585;rs967168,CDH13,rs11859=AA;rs3106840=AG;rs62148585=GG,genotype_lookup,
wg-2332,dietary_preference,Salt Preference,preference_level,High,,,,2332,https://www.wegene.com/en/report2/detail/2332,rs17268;rs13388416;rs7591518;rs7638932,TAS2R3;TEX41;TAS2R38,rs17268=AA,genotype_lookup,
wg-2412,dietary_preference,Salty Pretzels Preference,preference_level,High,,,,2412,https://www.wegene.com/en/report2/detail/2412,rs54376;rs13262595;rs589085;rs2638281,,rs54376=TT,genotype_lookup,
wg-2370,dietary_preference,Sardines Preference,preference_level,Low,,,,2370,https://www.wegene.com/en/report2/detail/2370,rs11859;rs2110529;rs55985303;rs6789291,CDH13;LIMK2,rs11859=AA,genotype_lookup,
wg-2353,dietary_preference,Sausages Preference,preference_level,Moderate,,,,2353,https://www.wegene.com/en/report2/detail/2353,rs429358;rs72839449,APOE,rs429358=TT;rs72839449=AA,genotype_lookup,
wg-2391,dietary_preference,Savory Biscuits Preference,preference_level,High,,,,2391,https://www.wegene.com/en/report2/detail/2391,rs56131196,,,genotype_lookup,
wg-2278,dietary_preference,Sedentary Preference​​,level,Low,,,,2278,https://www.wegene.com/en/report2/detail/2278,rs18582;rs34858;rs4596363;rs4518438;rs8450,MEF2C;CRTC2,rs18582=GG;rs34858=GG,genotype_lookup,
wg-2326,dietary_preference,Smoked Fish Preference,preference_level,Low,,,,2326,https://www.wegene.com/en/report2/detail/2326,rs83813;rs55985303;rs12653396;rs62033405,FGF21,rs83813=AA;rs55985303=AG;rs12653396=AT,genotype_lookup,
wg-2341,dietary_preference,Spinach Preference,preference_level,Moderate,,,,2341,https://www.wegene.com/en/report2/detail/2341,rs26434;rs12156350;rs112725644,PAM;AC,rs26434=CC,genotype_lookup,
wg-2289,dietary_preference,Sun-Seeking Preference,preference_level,Moderate,,,,2289,https://www.wegene.com/en/report2/detail/2289,rs2570497;rs133937;rs76112426,,rs2570497=TT;rs133937=CC,genotype_lookup,
wg-2363,dietary_preference,Tea with Sugar Preference,preference_level,Low,,,,2363,https://www.wegene.com/en/report2/detail/2363,rs99726;rs145623467;rs617999;rs10772380,,rs99726=GG,genotype_lookup,
wg-2367,dietary_preference,Tea without Sugar Preference,preference_level,Moderate,,,,2367,https://www.wegene.com/en/report2/detail/2367,rs12653396,,,genotype_lookup,
wg-2410,dietary_preference,Tinned Tuna Preference,preference_level,Low,,,,2410,https://www.wegene.com/en/report2/detail/2410,rs838133;rs56094641,FGF21,rs838133=AA;rs56094641=AA,genotype_lookup,
wg-2331,dietary_preference,Tomatoes Preference,preference_level,Low,,,,2331,https://www.wegene.com/en/report2/detail/2331,rs4240637;rs11370368,MSRA;II,,genotype_lookup,
wg-2334,dietary_preference,Turnip Preference,preference_level,High,,,,2334,https://www.wegene.com/en/report2/detail/2334,rs374952396;rs5743618;rs3013340,TLR1,rs374952396=TT;rs5743618=CC,genotype_lookup,
wg-2352,dietary_preference,Vinegar Preference,preference_level,Low,,,,2352,https://www.wegene.com/en/report2/detail/2352,rs11642;rs7627615;rs35225200;rs3131062,HTR3E;OR10A3;FTO;FTOCC,,genotype_lookup,
wg-2335,dietary_preference,Wasabi Preference,preference_level,Low,,,,2335,https://www.wegene.com/en/report2/detail/2335,rs71359;rs83813;rs11233;rs1004787;rs726857;rs111242991,TAS2R3;FGF21;TAS2R38,rs71359=CC;rs83813=AA;rs11233=CC,genotype_lookup,
wg-2365,dietary_preference,Whisky Preference,preference_level,High,,,,2365,https://www.wegene.com/en/report2/detail/2365,rs2726478;rs713598;rs10974347,TAS2R38;TAS2R3,,genotype_lookup,
wg-2378,dietary_preference,White Bread Preference,preference_level,Low,,,,2378,https://www.wegene.com/en/report2/detail/2378,rs12137388,,,genotype_lookup,
wg-2400,dietary_preference,White Wine Preference,preference_level,Moderate,,,,2400,https://www.wegene.com/en/report2/detail/2400,rs11940694;rs1229984,MIR1273H;ADH1B;MIR1273,,genotype_lookup,
wg-2408,dietary_preference,Whole Grain Cereals Preference,preference_level,Low,,,,2408,https://www.wegene.com/en/report2/detail/2408,rs9490002,,,genotype_lookup,
wg-2250,exposure_risk,Benzene,risk_level,slightly low,,,,2250,https://www.wegene.com/en/report2/detail/2250,rs144848,BRCA2;AC,rs144848=AC,genotype_lookup,
wg-2249,exposure_risk,Cats,risk_level,slightly low,,,,2249,https://www.wegene.com/en/report2/detail/2249,rs7216389,GSDMB,rs7216389=TT,genotype_lookup,
wg-2267,exposure_risk,Chlorinated Solvents,risk_level,slightly high,,,,2267,https://www.wegene.com/en/report2/detail/2267,rs12917;rs1805794,MGMT;NBN,rs12917=CT,genotype_lookup,
wg-2262,exposure_risk,Cleaning Agents,risk_level,slightly low,,,,2262,https://www.wegene.com/en/report2/detail/2262,rs26670;rs79499;rs931127;rs1958980;rs11847351,SIPA1;PRKD1;PCNXL3,rs26670=AG;rs79499=CC,genotype_lookup,
wg-2258,exposure_risk,Cow's Milk,risk_level,slightly low,,,,2258,https://www.wegene.com/en/report2/detail/2258,rs1800896;rs2069772;rs12123821;rs17616434,,,genotype_lookup,
wg-2271,exposure_risk,Dietary Sodium,risk_level,slightly low,,,,2271,https://www.wegene.com/en/report2/detail/2271,rs8022678,,,genotype_lookup,
wg-2248,exposure_risk,Dogs,risk_level,slightly low,,,,2248,https://www.wegene.com/en/report2/detail/2248,rs2305480,GSDMB,rs2305480=GG,genotype_lookup,
wg-2256,exposure_risk,Dust Mites,risk_level,moderate,,,,2256,https://www.wegene.com/en/report2/detail/2256,rs2395185,,,genotype_lookup,
wg-2261,exposure_risk,Endotoxins,risk_level,slightly high,,,,2261,https://www.wegene.com/en/report2/detail/2261,rs2915863;rs2569191;rs2569190;rs10808798,CD14,rs2915863=TT;rs2569191=TT;rs2569190=TT,genotype_lookup,
wg-2266,exposure_risk,Gases and Fumes,risk_level,slightly high,,,,2266,https://www.wegene.com/en/report2/detail/2266,rs516732;rs159497,,rs516732=CT,genotype_lookup,
wg-2260,exposure_risk,Hen's Eggs,risk_level,slightly low,,,,2260,https://www.wegene.com/en/report2/detail/2260,rs1243064;rs11949166;rs12123821,,rs1243064=AT,genotype_lookup,
wg-2270,exposure_risk,Metal Dust,risk_level,slightly low,,,,2270,https://www.wegene.com/en/report2/detail/2270,rs7588395,,,genotype_lookup,
wg-2268,exposure_risk,Mineral Dust,risk_level,slightly low,,,,2268,https://www.wegene.com/en/report2/detail/2268,rs13278529,,,genotype_lookup,
wg-2252,exposure_risk,Natural Rubber Latex,risk_level,slightly low,,,,2252,https://www.wegene.com/en/report2/detail/2252,rs1800925,TH2LCRR,rs1800925=CC,genotype_lookup,
wg-2264,exposure_risk,Night Shift,risk_level,moderate,,,,2264,https://www.wegene.com/en/report2/detail/2264,rs10830963,MTNR1B,rs10830963=CG,genotype_lookup,
wg-2254,exposure_risk,Noises,risk_level,slightly low,,,,2254,https://www.wegene.com/en/report2/detail/2254,rs9321402,EYA4,rs9321402=AG,genotype_lookup,
wg-2272,exposure_risk,Non-aromatic Solvents,risk_level,slightly low,,,,2272,https://www.wegene.com/en/report2/detail/2272,rs7758025,ARHGAP18;ARHGAP,,genotype_lookup,
wg-2255,exposure_risk,Nuts,risk_level,slightly low,,,,2255,https://www.wegene.com/en/report2/detail/2255,rs324015,STAT6,rs324015=TT,genotype_lookup,
wg-2269,exposure_risk,Occupational Stress,risk_level,moderate,,,,2269,https://www.wegene.com/en/report2/detail/2269,rs2304672;rs1805193;rs1801131;rs1801133,PER2;SELE;MTHFR;AC,,genotype_lookup,
wg-2257,exposure_risk,Peaches,risk_level,moderate,,,,2257,https://www.wegene.com/en/report2/detail/2257,rs28359884,,,genotype_lookup,
wg-2259,exposure_risk,Peanuts,risk_level,slightly low,,,,2259,https://www.wegene.com/en/report2/detail/2259,rs12123;rs9275596;rs7192;rs9273440,DRA,rs12123=CC;rs9275596=CT,genotype_lookup,
wg-2253,exposure_risk,Pesticides,risk_level,slightly low,,,,2253,https://www.wegene.com/en/report2/detail/2253,rs4244285;rs3129882,CYP2C19,rs4244285=GG,genotype_lookup,
wg-2263,exposure_risk,Processed Meat,risk_level,slightly low,,,,2263,https://www.wegene.com/en/report2/detail/2263,rs4143094,GATA3,rs4143094=GG,genotype_lookup,
wg-2251,exposure_risk,Shrimps,risk_level,slightly low,,,,2251,https://www.wegene.com/en/report2/detail/2251,rs20541;rs1800925;rs74995702;rs9275596,IL13;TH2LCRR,rs20541=AG,genotype_lookup,
wg-2265,exposure_risk,Wheat Products,risk_level,moderate,,,,2265,https://www.wegene.com/en/report2/detail/2265,rs59325236;rs9271588,,,genotype_lookup,
