trait_id	original_category	product_module	medical_module	trait_name_original	trait_name_safer	rsid_count	rsids	genes_cleaned	structured_or_pdf_candidate_status	evidence_needed	clinvar_review_needed	gwas_review_needed	pharmgkb_review_needed	cpic_review_needed	gnomad_frequency_needed	hgnc_gene_validation_needed	medical_claim_risk	regulatory_sensitivity	possible_report_type	customer_facing_allowed_now_yes_no	why_not_customer_facing_yet	required_validation_before_reporting	required_disclaimer	notes
wg-173	genetic_disease	Disease Risk (Sensitive)	carrier_or_monogenic	Alpha-1 Antitrypsin Deficiency	Alpha-1 Antitrypsin Deficiency	2	rs17580;rs2892947	SERPINA1	structured_catalog_unvalidated	dbSNP/Ensembl validation; HGNC gene validation; ClinVar review; gnomAD population frequency; ACMG/AMP variant classification; genetic counseling review	yes	yes	no	no	yes	yes	high	high	clinician_review_required	no	all rsIDs are externally unvalidated; carrier status requires genetic counseling and clinical oversight	dbSNP validation; ClinVar pathogenicity classification; gnomAD frequency; ACMG/AMP guidelines; genetic counseling protocol	All genetic markers are externally unvalidated. No clinical, diagnostic, or treatment claims can be made. This is a candidate catalog for research review, not a clinical product. Carrier status testing requires genetic counseling, ACMG/AMP variant classification, and clinical oversight.	
wg-2162	genetic_disease	Disease Risk (Sensitive)	carrier_or_monogenic	Bloom Syndrome (BLM)	Bloom Syndrome (BLM) (Genetic Association, Not Diagnostic)	3	rs1356090839;rs367543012;rs367543024	BLM	structured_catalog_unvalidated	dbSNP/Ensembl validation; HGNC gene validation; ClinVar review; gnomAD population frequency; ACMG/AMP variant classification; genetic counseling review	yes	yes	no	no	yes	yes	high	high	clinician_review_required	no	all rsIDs are externally unvalidated; carrier status requires genetic counseling and clinical oversight	dbSNP validation; ClinVar pathogenicity classification; gnomAD frequency; ACMG/AMP guidelines; genetic counseling protocol	All genetic markers are externally unvalidated. No clinical, diagnostic, or treatment claims can be made. This is a candidate catalog for research review, not a clinical product. Carrier status testing requires genetic counseling, ACMG/AMP variant classification, and clinical oversight.	
wg-2053	genetic_disease	Disease Risk (Sensitive)	carrier_or_monogenic	Cystic Fibrosis (CF)	Cystic Fibrosis (CF)	4	rs39750;rs113993958;rs121908754;rs121908760	BRAF;CFTR;CTRC;KRAS;MAP2K1;MAP2K2;PRSS1;SPINK1	structured_catalog_unvalidated	dbSNP/Ensembl validation; HGNC gene validation; ClinVar review; gnomAD population frequency; ACMG/AMP variant classification; genetic counseling review	yes	yes	no	no	yes	yes	high	high	clinician_review_required	no	all rsIDs are externally unvalidated; carrier status requires genetic counseling and clinical oversight	dbSNP validation; ClinVar pathogenicity classification; gnomAD frequency; ACMG/AMP guidelines; genetic counseling protocol	All genetic markers are externally unvalidated. No clinical, diagnostic, or treatment claims can be made. This is a candidate catalog for research review, not a clinical product. Carrier status testing requires genetic counseling, ACMG/AMP variant classification, and clinical oversight.	
wg-1755	genetic_disease	Disease Risk (Sensitive)	carrier_or_monogenic	Duchenne Muscular Dystrophy (DMD)	Duchenne Muscular Dystrophy (DMD)	2	rs10489;rs86322	BBS1;BBS10;BBS12;BBS2;BBS9;CACNA1C;CAV3;CNGB3;COL3A1;CRX;CTC1;CYP1A1;DKC1;DMD;EPHX1;ESR2;GJB2;GJB3;GPHN;GSTP1;HCN4;KCNH2;KCNJ2;KCNQ1;LOXHD;MYBPC;MYBPC3;MYL3;MYO15A;RD3;RTEL1;SCN5A;SDHB;SDHD;SLC26A4;SMAD3;TERT;TGFB2;TGFBR1;TGFBR2;TINF2;TNNI3;TRIM32;VHL;WFS1	structured_catalog_unvalidated	dbSNP/Ensembl validation; HGNC gene validation; ClinVar review; gnomAD population frequency; ACMG/AMP variant classification; genetic counseling review	yes	yes	no	no	yes	yes	high	high	clinician_review_required	no	all rsIDs are externally unvalidated; carrier status requires genetic counseling and clinical oversight	dbSNP validation; ClinVar pathogenicity classification; gnomAD frequency; ACMG/AMP guidelines; genetic counseling protocol	All genetic markers are externally unvalidated. No clinical, diagnostic, or treatment claims can be made. This is a candidate catalog for research review, not a clinical product. Carrier status testing requires genetic counseling, ACMG/AMP variant classification, and clinical oversight.	
wg-2180	genetic_disease	Disease Risk (Sensitive)	carrier_or_monogenic	Ehlers-Danlos Syndrome (EDS)	Ehlers-Danlos Syndrome (EDS) (Genetic Association, Not Diagnostic)	0			no_rsids	dbSNP/Ensembl validation; HGNC gene validation; ClinVar review; gnomAD population frequency; ACMG/AMP variant classification; genetic counseling review	yes	no	no	no	no	no	high	high	clinician_review_required	no	all rsIDs are externally unvalidated; carrier status requires genetic counseling and clinical oversight; no genetic markers identified	dbSNP validation; ClinVar pathogenicity classification; gnomAD frequency; ACMG/AMP guidelines; genetic counseling protocol	All genetic markers are externally unvalidated. No clinical, diagnostic, or treatment claims can be made. This is a candidate catalog for research review, not a clinical product. Carrier status testing requires genetic counseling, ACMG/AMP variant classification, and clinical oversight.	No rsIDs linked to this trait.
wg-2183	genetic_disease	Disease Risk (Sensitive)	carrier_or_monogenic	Fanconi Anemia (FA)	Fanconi Anemia (FA)	0			no_rsids	dbSNP/Ensembl validation; HGNC gene validation; ClinVar review; gnomAD population frequency; ACMG/AMP variant classification; genetic counseling review	yes	no	no	no	no	no	high	high	clinician_review_required	no	all rsIDs are externally unvalidated; carrier status requires genetic counseling and clinical oversight; no genetic markers identified	dbSNP validation; ClinVar pathogenicity classification; gnomAD frequency; ACMG/AMP guidelines; genetic counseling protocol	All genetic markers are externally unvalidated. No clinical, diagnostic, or treatment claims can be made. This is a candidate catalog for research review, not a clinical product. Carrier status testing requires genetic counseling, ACMG/AMP variant classification, and clinical oversight.	No rsIDs linked to this trait.
wg-1977	genetic_disease	Disease Risk (Sensitive)	carrier_or_monogenic	Galactosemia (GALAC)	Galactosemia (GALAC)	4	rs78620;rs111033658;rs111033661;rs111033667	ATM;BRAF;DSP;GALT;PKP2	structured_catalog_unvalidated	dbSNP/Ensembl validation; HGNC gene validation; ClinVar review; gnomAD population frequency; ACMG/AMP variant classification; genetic counseling review	yes	yes	no	no	yes	yes	high	high	clinician_review_required	no	all rsIDs are externally unvalidated; carrier status requires genetic counseling and clinical oversight	dbSNP validation; ClinVar pathogenicity classification; gnomAD frequency; ACMG/AMP guidelines; genetic counseling protocol	All genetic markers are externally unvalidated. No clinical, diagnostic, or treatment claims can be made. This is a candidate catalog for research review, not a clinical product. Carrier status testing requires genetic counseling, ACMG/AMP variant classification, and clinical oversight.	
wg-2085	genetic_disease	Disease Risk (Sensitive)	carrier_or_monogenic	Glycogen Storage Disease (GSD)	Glycogen Storage Disease (GSD) (Genetic Association, Not Diagnostic)	5	rs37079;rs39812;rs104894563;rs113994127;rs113994129	AGL;ANO5;ARSB;BCKDH;BCKDHA;BCKDHB;BTD;CDAN1;DBT;DMD;DYSF;G6PC;G6PC1;GAA;GALNS;GBA;GBA1;GBE1;GLB1;GNPTA;GNPTAB;GNPTG;IDS;IDUA;MCOLN;MCOLN1;MSH6;MYO7A;PCDH15;PYGM;SEC23B;SGSH;USH1C;USH1G;USH2A	structured_catalog_unvalidated	dbSNP/Ensembl validation; HGNC gene validation; ClinVar review; gnomAD population frequency; ACMG/AMP variant classification; genetic counseling review	yes	yes	no	no	yes	yes	high	high	clinician_review_required	no	all rsIDs are externally unvalidated; carrier status requires genetic counseling and clinical oversight	dbSNP validation; ClinVar pathogenicity classification; gnomAD frequency; ACMG/AMP guidelines; genetic counseling protocol	All genetic markers are externally unvalidated. No clinical, diagnostic, or treatment claims can be made. This is a candidate catalog for research review, not a clinical product. Carrier status testing requires genetic counseling, ACMG/AMP variant classification, and clinical oversight.	
wg-2005	genetic_disease	Disease Risk (Sensitive)	carrier_or_monogenic	Homocystinuria (HCU)	Homocystinuria (HCU)	5	rs77791;rs77822;rs121964962;rs121964973;rs1347651454	CBS	structured_catalog_unvalidated	dbSNP/Ensembl validation; HGNC gene validation; ClinVar review; gnomAD population frequency; ACMG/AMP variant classification; genetic counseling review	yes	yes	no	no	yes	yes	high	high	clinician_review_required	no	all rsIDs are externally unvalidated; carrier status requires genetic counseling and clinical oversight	dbSNP validation; ClinVar pathogenicity classification; gnomAD frequency; ACMG/AMP guidelines; genetic counseling protocol	All genetic markers are externally unvalidated. No clinical, diagnostic, or treatment claims can be made. This is a candidate catalog for research review, not a clinical product. Carrier status testing requires genetic counseling, ACMG/AMP variant classification, and clinical oversight.	
wg-2001	genetic_disease	Disease Risk (Sensitive)	carrier_or_monogenic	Maple Syrup Urine Disease (MSUD)	Maple Syrup Urine Disease (MSUD) (Genetic Association, Not Diagnostic)	5	rs39812;rs796051938;rs121964999;rs137852871;rs137852874	AGL;ANO5;ARSB;BCKDH;BCKDHA;BCKDHB;BTD;CDAN1;DBT;DMD;DYSF;G6PC;G6PC1;GAA;GALNS;GBA;GBA1;GBE1;GLB1;GNPTA;GNPTAB;GNPTG;IDS;IDUA;MCOLN;MCOLN1;MSH6;MYO7A;PCDH15;PYGM;SEC23B;SGSH;USH1C;USH1G;USH2A	structured_catalog_unvalidated	dbSNP/Ensembl validation; HGNC gene validation; ClinVar review; gnomAD population frequency; ACMG/AMP variant classification; genetic counseling review	yes	yes	no	no	yes	yes	high	high	clinician_review_required	no	all rsIDs are externally unvalidated; carrier status requires genetic counseling and clinical oversight	dbSNP validation; ClinVar pathogenicity classification; gnomAD frequency; ACMG/AMP guidelines; genetic counseling protocol	All genetic markers are externally unvalidated. No clinical, diagnostic, or treatment claims can be made. This is a candidate catalog for research review, not a clinical product. Carrier status testing requires genetic counseling, ACMG/AMP variant classification, and clinical oversight.	
wg-1734	genetic_disease	Disease Risk (Sensitive)	carrier_or_monogenic	Marfan Syndrome	Marfan Syndrome (Genetic Association, Not Diagnostic)	0			no_rsids	dbSNP/Ensembl validation; HGNC gene validation; ClinVar review; gnomAD population frequency; ACMG/AMP variant classification; genetic counseling review	yes	no	no	no	no	no	high	high	clinician_review_required	no	all rsIDs are externally unvalidated; carrier status requires genetic counseling and clinical oversight; no genetic markers identified	dbSNP validation; ClinVar pathogenicity classification; gnomAD frequency; ACMG/AMP guidelines; genetic counseling protocol	All genetic markers are externally unvalidated. No clinical, diagnostic, or treatment claims can be made. This is a candidate catalog for research review, not a clinical product. Carrier status testing requires genetic counseling, ACMG/AMP variant classification, and clinical oversight.	No rsIDs linked to this trait.
wg-2035	genetic_disease	Disease Risk (Sensitive)	carrier_or_monogenic	Methylmalonic Acidemia with Homocystinuria	Methylmalonic Acidemia with Homocystinuria	3	rs1305170860;rs370596113;rs398124295	MMACH;MMACHC	structured_catalog_unvalidated	dbSNP/Ensembl validation; HGNC gene validation; ClinVar review; gnomAD population frequency; ACMG/AMP variant classification; genetic counseling review	yes	yes	no	no	yes	yes	high	high	clinician_review_required	no	all rsIDs are externally unvalidated; carrier status requires genetic counseling and clinical oversight	dbSNP validation; ClinVar pathogenicity classification; gnomAD frequency; ACMG/AMP guidelines; genetic counseling protocol	All genetic markers are externally unvalidated. No clinical, diagnostic, or treatment claims can be made. This is a candidate catalog for research review, not a clinical product. Carrier status testing requires genetic counseling, ACMG/AMP variant classification, and clinical oversight.	
wg-2033	genetic_disease	Disease Risk (Sensitive)	carrier_or_monogenic	Methylmalonic Aciduria and Homocystinuria	Methylmalonic Aciduria and Homocystinuria	1	rs749272546	LMBRD1	structured_catalog_unvalidated	dbSNP/Ensembl validation; HGNC gene validation; ClinVar review; gnomAD population frequency; ACMG/AMP variant classification; genetic counseling review	yes	yes	no	no	yes	yes	high	high	clinician_review_required	no	all rsIDs are externally unvalidated; carrier status requires genetic counseling and clinical oversight	dbSNP validation; ClinVar pathogenicity classification; gnomAD frequency; ACMG/AMP guidelines; genetic counseling protocol	All genetic markers are externally unvalidated. No clinical, diagnostic, or treatment claims can be made. This is a candidate catalog for research review, not a clinical product. Carrier status testing requires genetic counseling, ACMG/AMP variant classification, and clinical oversight.	
wg-1980	genetic_disease	Disease Risk (Sensitive)	carrier_or_monogenic	Phenylketonuria (PKU)	Phenylketonuria (PKU)	5	rs62508;rs199475566;rs199475565;rs140175796;rs180819807	PAH	structured_catalog_unvalidated	dbSNP/Ensembl validation; HGNC gene validation; ClinVar review; gnomAD population frequency; ACMG/AMP variant classification; genetic counseling review	yes	yes	no	no	yes	yes	high	high	clinician_review_required	no	all rsIDs are externally unvalidated; carrier status requires genetic counseling and clinical oversight	dbSNP validation; ClinVar pathogenicity classification; gnomAD frequency; ACMG/AMP guidelines; genetic counseling protocol	All genetic markers are externally unvalidated. No clinical, diagnostic, or treatment claims can be made. This is a candidate catalog for research review, not a clinical product. Carrier status testing requires genetic counseling, ACMG/AMP variant classification, and clinical oversight.	
wg-2233	genetic_disease	Disease Risk (Sensitive)	carrier_or_monogenic	Tay-Sachs Disease (TSD)	Tay-Sachs Disease (TSD) (Genetic Association, Not Diagnostic)	3	rs121907952;rs121907957;rs121907958	HEXA	structured_catalog_unvalidated	dbSNP/Ensembl validation; HGNC gene validation; ClinVar review; gnomAD population frequency; ACMG/AMP variant classification; genetic counseling review	yes	yes	no	no	yes	yes	high	high	clinician_review_required	no	all rsIDs are externally unvalidated; carrier status requires genetic counseling and clinical oversight	dbSNP validation; ClinVar pathogenicity classification; gnomAD frequency; ACMG/AMP guidelines; genetic counseling protocol	All genetic markers are externally unvalidated. No clinical, diagnostic, or treatment claims can be made. This is a candidate catalog for research review, not a clinical product. Carrier status testing requires genetic counseling, ACMG/AMP variant classification, and clinical oversight.	
wg-2239	genetic_disease	Disease Risk (Sensitive)	carrier_or_monogenic	Wilson Disease	Wilson Disease (Genetic Association, Not Diagnostic)	6	rs13785;rs75323;rs15552;rs1038582488;rs1057516227;rs1057516228	ATP7B;F8;F9;FBN1;G6PD;HCN4;SCN5A	structured_catalog_unvalidated	dbSNP/Ensembl validation; HGNC gene validation; ClinVar review; gnomAD population frequency; ACMG/AMP variant classification; genetic counseling review	yes	yes	no	no	yes	yes	high	high	clinician_review_required	no	all rsIDs are externally unvalidated; carrier status requires genetic counseling and clinical oversight	dbSNP validation; ClinVar pathogenicity classification; gnomAD frequency; ACMG/AMP guidelines; genetic counseling protocol	All genetic markers are externally unvalidated. No clinical, diagnostic, or treatment claims can be made. This is a candidate catalog for research review, not a clinical product. Carrier status testing requires genetic counseling, ACMG/AMP variant classification, and clinical oversight.	
wg-2154	genetic_disease	Disease Risk (Sensitive)	complex_disease_risk	3-Methylglutaconic Aciduria (MGA)	3-Methylglutaconic Aciduria (MGA)	5	rs38790;rs39751;rs104894942;rs144078282;rs185461628	ACTA2;APC;BTD;CEP290;CLPB;COL3A1;IQCB1;LOX;MYH11;MYLK;PRKG1;SDCCAG8;SERAC1;SLC26A;SLC26A4;SMAD3;TAFAZZIN;TGFB2;TGFBR1;WDR19	structured_catalog_unvalidated	dbSNP/Ensembl validation; HGNC gene validation; ClinVar review; GWAS Catalog review; gnomAD population frequency; literature review	yes	yes	no	no	yes	yes	high	high	clinician_review_required	no	all rsIDs are externally unvalidated; disease risk claims require clinical evidence and regulatory approval	dbSNP validation; ClinVar review; GWAS replication; gnomAD frequency; clinical evidence review; regulatory approval	All genetic markers are externally unvalidated. No clinical, diagnostic, or treatment claims can be made. This is a candidate catalog for research review, not a clinical product. Disease risk reporting requires clinical validation, regulatory approval, and professional oversight.	
wg-2068	genetic_disease	Disease Risk (Sensitive)	complex_disease_risk	Achromatopsia	Achromatopsia	5	rs76135;rs79704;rs104893613;rs104893614;rs121918539	APOB;ATF6;BRAF;CC2D2A;CEP290;CNGA3;CNGB3;COASY;GNPTA;GNPTAB;GNPTG;KRAS;MAP2K1;MAP2K2;MCOLN;MCOLN1;MKS1;OCA2;PDE6C;PLA2G6;RPGRIP;SLC45A2;TMEM2;TMEM216;TMEM67;TYR;TYRP1;UBE3A;WDR45	structured_catalog_unvalidated	dbSNP/Ensembl validation; HGNC gene validation; ClinVar review; GWAS Catalog review; gnomAD population frequency; literature review	yes	yes	no	no	yes	yes	high	high	clinician_review_required	no	all rsIDs are externally unvalidated; disease risk claims require clinical evidence and regulatory approval	dbSNP validation; ClinVar review; GWAS replication; gnomAD frequency; clinical evidence review; regulatory approval	All genetic markers are externally unvalidated. No clinical, diagnostic, or treatment claims can be made. This is a candidate catalog for research review, not a clinical product. Disease risk reporting requires clinical validation, regulatory approval, and professional oversight.	
wg-2141	genetic_disease	Disease Risk (Sensitive)	complex_disease_risk	Acrocallosal Syndrome (ACLS)	Acrocallosal Syndrome (ACLS) (Genetic Association, Not Diagnostic)	1	rs794727316	KIF7	structured_catalog_unvalidated	dbSNP/Ensembl validation; HGNC gene validation; ClinVar review; GWAS Catalog review; gnomAD population frequency; literature review	yes	yes	no	no	yes	yes	high	high	clinician_review_required	no	all rsIDs are externally unvalidated; disease risk claims require clinical evidence and regulatory approval	dbSNP validation; ClinVar review; GWAS replication; gnomAD frequency; clinical evidence review; regulatory approval	All genetic markers are externally unvalidated. No clinical, diagnostic, or treatment claims can be made. This is a candidate catalog for research review, not a clinical product. Disease risk reporting requires clinical validation, regulatory approval, and professional oversight.	
wg-2144	genetic_disease	Disease Risk (Sensitive)	complex_disease_risk	Acromicric Dysplasia	Acromicric Dysplasia	4	rs58777;rs1064797059;rs1131692052;rs1555398394	CLP1;EXOSC3;FBN1;FBXL4;IL7R;MPV17;PGM3;PIK3R1;POLG;RARS2;SEPSEC;SLC25A;STAT1;SUCLG1;TK2;TSEN54;TYMP;VRK1	structured_catalog_unvalidated	dbSNP/Ensembl validation; HGNC gene validation; ClinVar review; GWAS Catalog review; gnomAD population frequency; literature review	yes	yes	no	no	yes	yes	high	high	clinician_review_required	no	all rsIDs are externally unvalidated; disease risk claims require clinical evidence and regulatory approval	dbSNP validation; ClinVar review; GWAS replication; gnomAD frequency; clinical evidence review; regulatory approval	All genetic markers are externally unvalidated. No clinical, diagnostic, or treatment claims can be made. This is a candidate catalog for research review, not a clinical product. Disease risk reporting requires clinical validation, regulatory approval, and professional oversight.	
wg-1987	genetic_disease	Disease Risk (Sensitive)	complex_disease_risk	Acth-independent Macronodular Adrenal Hyperplasia (AIMAH)	Acth-independent Macronodular Adrenal Hyperplasia (AIMAH)	1	rs369721476	ARMC5	structured_catalog_unvalidated	dbSNP/Ensembl validation; HGNC gene validation; ClinVar review; GWAS Catalog review; gnomAD population frequency; literature review	yes	yes	no	no	yes	yes	high	high	clinician_review_required	no	all rsIDs are externally unvalidated; disease risk claims require clinical evidence and regulatory approval	dbSNP validation; ClinVar review; GWAS replication; gnomAD frequency; clinical evidence review; regulatory approval	All genetic markers are externally unvalidated. No clinical, diagnostic, or treatment claims can be made. This is a candidate catalog for research review, not a clinical product. Disease risk reporting requires clinical validation, regulatory approval, and professional oversight.	
wg-2093	genetic_disease	Disease Risk (Sensitive)	complex_disease_risk	Agammaglobulinemia	Agammaglobulinemia	4	rs19392;rs104894770;rs128620183;rs128620184	ABCC8;BTK;GCK;HNF1A;HNF4A;INS;KCNJ11;NAC5;PDX1;ST6GAL	structured_catalog_unvalidated	dbSNP/Ensembl validation; HGNC gene validation; ClinVar review; GWAS Catalog review; gnomAD population frequency; literature review	yes	yes	no	no	yes	yes	high	high	clinician_review_required	no	all rsIDs are externally unvalidated; disease risk claims require clinical evidence and regulatory approval	dbSNP validation; ClinVar review; GWAS replication; gnomAD frequency; clinical evidence review; regulatory approval	All genetic markers are externally unvalidated. No clinical, diagnostic, or treatment claims can be made. This is a candidate catalog for research review, not a clinical product. Disease risk reporting requires clinical validation, regulatory approval, and professional oversight.	
wg-42	health_risk	Disease Risk (Sensitive)	complex_disease_risk	Age-related Macular Degeneration (AMD)	Age-related Macular Degeneration (AMD)	10	rs3793917;rs3750846;rs3750848;rs10490924;rs10922109;rs1064039;rs11200638;rs2511989;rs1136287;rs5888	ARMS2;CFH;CST3;HTRA1;SERPINF1	structured_catalog_unvalidated	dbSNP/Ensembl validation; HGNC gene validation; ClinVar review; GWAS Catalog review; gnomAD population frequency; literature review	yes	yes	no	no	yes	yes	high	high	clinician_review_required	no	all rsIDs are externally unvalidated; disease risk claims require clinical evidence and regulatory approval	dbSNP validation; ClinVar review; GWAS replication; gnomAD frequency; clinical evidence review; regulatory approval	All genetic markers are externally unvalidated. No clinical, diagnostic, or treatment claims can be made. This is a candidate catalog for research review, not a clinical product. Disease risk reporting requires clinical validation, regulatory approval, and professional oversight.	
wg-172	genetic_disease	Disease Risk (Sensitive)	complex_disease_risk	Agenesis of The Corpus Callosum with Peripheral Neuropathy (ACCPN)	Agenesis of The Corpus Callosum with Peripheral Neuropathy (ACCPN)	1	rs121908428	SLC12A6	structured_catalog_unvalidated	dbSNP/Ensembl validation; HGNC gene validation; ClinVar review; GWAS Catalog review; gnomAD population frequency; literature review	yes	yes	no	no	yes	yes	high	high	clinician_review_required	no	all rsIDs are externally unvalidated; disease risk claims require clinical evidence and regulatory approval	dbSNP validation; ClinVar review; GWAS replication; gnomAD frequency; clinical evidence review; regulatory approval	All genetic markers are externally unvalidated. No clinical, diagnostic, or treatment claims can be made. This is a candidate catalog for research review, not a clinical product. Disease risk reporting requires clinical validation, regulatory approval, and professional oversight.	
wg-2155	genetic_disease	Disease Risk (Sensitive)	complex_disease_risk	Aicardi-Goutieres Syndrome (AGS)	Aicardi-Goutieres Syndrome (AGS) (Genetic Association, Not Diagnostic)	4	rs78218;rs376048533;rs587777446;rs76642637	IFIH1;RNASEH2B;TREX1	structured_catalog_unvalidated	dbSNP/Ensembl validation; HGNC gene validation; ClinVar review; GWAS Catalog review; gnomAD population frequency; literature review	yes	yes	no	no	yes	yes	high	high	clinician_review_required	no	all rsIDs are externally unvalidated; disease risk claims require clinical evidence and regulatory approval	dbSNP validation; ClinVar review; GWAS replication; gnomAD frequency; clinical evidence review; regulatory approval	All genetic markers are externally unvalidated. No clinical, diagnostic, or treatment claims can be made. This is a candidate catalog for research review, not a clinical product. Disease risk reporting requires clinical validation, regulatory approval, and professional oversight.	
wg-2138	genetic_disease	Disease Risk (Sensitive)	complex_disease_risk	Akinesia Deformation Sequence (ADS)	Akinesia Deformation Sequence (ADS)	2	rs121909257;rs794727884	DOK7;RAPSN	structured_catalog_unvalidated	dbSNP/Ensembl validation; HGNC gene validation; ClinVar review; GWAS Catalog review; gnomAD population frequency; literature review	yes	yes	no	no	yes	yes	high	high	clinician_review_required	no	all rsIDs are externally unvalidated; disease risk claims require clinical evidence and regulatory approval	dbSNP validation; ClinVar review; GWAS replication; gnomAD frequency; clinical evidence review; regulatory approval	All genetic markers are externally unvalidated. No clinical, diagnostic, or treatment claims can be made. This is a candidate catalog for research review, not a clinical product. Disease risk reporting requires clinical validation, regulatory approval, and professional oversight.	
wg-2014	genetic_disease	Disease Risk (Sensitive)	complex_disease_risk	Alkaptonuria	Alkaptonuria	3	rs120074173;rs120074174;rs28942100	HGD	structured_catalog_unvalidated	dbSNP/Ensembl validation; HGNC gene validation; ClinVar review; GWAS Catalog review; gnomAD population frequency; literature review	yes	yes	no	no	yes	yes	high	high	clinician_review_required	no	all rsIDs are externally unvalidated; disease risk claims require clinical evidence and regulatory approval	dbSNP validation; ClinVar review; GWAS replication; gnomAD frequency; clinical evidence review; regulatory approval	All genetic markers are externally unvalidated. No clinical, diagnostic, or treatment claims can be made. This is a candidate catalog for research review, not a clinical product. Disease risk reporting requires clinical validation, regulatory approval, and professional oversight.	
wg-1521	health_risk	Disease Risk (Sensitive)	complex_disease_risk	Allergic Diseases	Allergic Diseases (Genetic Association, Not Diagnostic)	9	rs1444789;rs5743618;rs10865050;rs28895016;rs10414065;rs10910095;rs301806;rs760805;rs76167968	FLG;GSDMB;IL13;IL2RA;STAT6;TLR1	structured_catalog_unvalidated	dbSNP/Ensembl validation; HGNC gene validation; ClinVar review; GWAS Catalog review; gnomAD population frequency; literature review	yes	yes	no	no	yes	yes	high	high	clinician_review_required	no	all rsIDs are externally unvalidated; disease risk claims require clinical evidence and regulatory approval	dbSNP validation; ClinVar review; GWAS replication; gnomAD frequency; clinical evidence review; regulatory approval	All genetic markers are externally unvalidated. No clinical, diagnostic, or treatment claims can be made. This is a candidate catalog for research review, not a clinical product. Disease risk reporting requires clinical validation, regulatory approval, and professional oversight.	
wg-57	health_risk	Disease Risk (Sensitive)	complex_disease_risk	Allergic Rhinitis	Allergic Rhinitis	6	rs2155219;rs7775228;rs11256017;rs34004019;rs148505069;rs1059513	CLEC16A;DCAF1;IL13;JAZF1;LPP;PUS10;RERE;STAT6;ZNF365	structured_catalog_unvalidated	dbSNP/Ensembl validation; HGNC gene validation; ClinVar review; GWAS Catalog review; gnomAD population frequency; literature review	yes	yes	no	no	yes	yes	high	high	clinician_review_required	no	all rsIDs are externally unvalidated; disease risk claims require clinical evidence and regulatory approval	dbSNP validation; ClinVar review; GWAS replication; gnomAD frequency; clinical evidence review; regulatory approval	All genetic markers are externally unvalidated. No clinical, diagnostic, or treatment claims can be made. This is a candidate catalog for research review, not a clinical product. Disease risk reporting requires clinical validation, regulatory approval, and professional oversight.	
wg-99	health_risk	Disease Risk (Sensitive)	complex_disease_risk	Alopecia Areata	Alopecia Areata	6	rs9275572;rs574087;rs3118470;rs2009345;rs9275524;rs1024161	ACOXL;CLEC16A;CTLA4;IL13;IL2RA;PTPN22;SLAMF6;STAT4;TLR3	structured_catalog_unvalidated	dbSNP/Ensembl validation; HGNC gene validation; ClinVar review; GWAS Catalog review; gnomAD population frequency; literature review	yes	yes	no	no	yes	yes	high	high	clinician_review_required	no	all rsIDs are externally unvalidated; disease risk claims require clinical evidence and regulatory approval	dbSNP validation; ClinVar review; GWAS replication; gnomAD frequency; clinical evidence review; regulatory approval	All genetic markers are externally unvalidated. No clinical, diagnostic, or treatment claims can be made. This is a candidate catalog for research review, not a clinical product. Disease risk reporting requires clinical validation, regulatory approval, and professional oversight.	
wg-1570	genetic_disease	Disease Risk (Sensitive)	complex_disease_risk	Alport Syndrome	Alport Syndrome (Genetic Association, Not Diagnostic)	5	rs10488;rs12191;rs79472;rs200672668;rs190598500	BAG3;BMPR1A;COL1A1;COL1A2;COL4A3;COL4A5;DES;FLNC;KDM6A;KMT2D;MVK;P3H1;RYR1;SMAD4;TNNI3	structured_catalog_unvalidated	dbSNP/Ensembl validation; HGNC gene validation; ClinVar review; GWAS Catalog review; gnomAD population frequency; literature review	yes	yes	no	no	yes	yes	high	high	clinician_review_required	no	all rsIDs are externally unvalidated; disease risk claims require clinical evidence and regulatory approval	dbSNP validation; ClinVar review; GWAS replication; gnomAD frequency; clinical evidence review; regulatory approval	All genetic markers are externally unvalidated. No clinical, diagnostic, or treatment claims can be made. This is a candidate catalog for research review, not a clinical product. Disease risk reporting requires clinical validation, regulatory approval, and professional oversight.	
wg-2156	genetic_disease	Disease Risk (Sensitive)	complex_disease_risk	Alstrom Syndrome (AS)	Alstrom Syndrome (AS) (Genetic Association, Not Diagnostic)	3	rs398122992;rs398122994;rs398122995	ALMS1	structured_catalog_unvalidated	dbSNP/Ensembl validation; HGNC gene validation; ClinVar review; GWAS Catalog review; gnomAD population frequency; literature review	yes	yes	no	no	yes	yes	high	high	clinician_review_required	no	all rsIDs are externally unvalidated; disease risk claims require clinical evidence and regulatory approval	dbSNP validation; ClinVar review; GWAS replication; gnomAD frequency; clinical evidence review; regulatory approval	All genetic markers are externally unvalidated. No clinical, diagnostic, or treatment claims can be made. This is a candidate catalog for research review, not a clinical product. Disease risk reporting requires clinical validation, regulatory approval, and professional oversight.	
wg-1579	genetic_disease	Disease Risk (Sensitive)	complex_disease_risk	Aminoglycoside-Induced Deafness	Aminoglycoside-Induced Deafness	3	rs267606619;rs28358569;rs267606617	RNR1	structured_catalog_unvalidated	dbSNP/Ensembl validation; HGNC gene validation; ClinVar review; GWAS Catalog review; gnomAD population frequency; literature review	yes	yes	no	no	yes	yes	high	high	clinician_review_required	no	all rsIDs are externally unvalidated; disease risk claims require clinical evidence and regulatory approval	dbSNP validation; ClinVar review; GWAS replication; gnomAD frequency; clinical evidence review; regulatory approval	All genetic markers are externally unvalidated. No clinical, diagnostic, or treatment claims can be made. This is a candidate catalog for research review, not a clinical product. Disease risk reporting requires clinical validation, regulatory approval, and professional oversight.	
wg-60	health_risk	Disease Risk (Sensitive)	complex_disease_risk	Amyotrophic Lateral Sclerosis (ALS)	Amyotrophic Lateral Sclerosis (ALS)	8	rs10260404;rs2814707;rs2453555;rs10239794;rs4075094;rs12608932;rs6539137;rs11701	ANG;DPP6;TXNRD1;UNC13A	structured_catalog_unvalidated	dbSNP/Ensembl validation; HGNC gene validation; ClinVar review; GWAS Catalog review; gnomAD population frequency; literature review	yes	yes	no	no	yes	yes	high	high	clinician_review_required	no	all rsIDs are externally unvalidated; disease risk claims require clinical evidence and regulatory approval	dbSNP validation; ClinVar review; GWAS replication; gnomAD frequency; clinical evidence review; regulatory approval	All genetic markers are externally unvalidated. No clinical, diagnostic, or treatment claims can be made. This is a candidate catalog for research review, not a clinical product. Disease risk reporting requires clinical validation, regulatory approval, and professional oversight.	
wg-1975	genetic_disease	Disease Risk (Sensitive)	complex_disease_risk	Angelman Syndrome (AS)	Angelman Syndrome (AS) (Genetic Association, Not Diagnostic)	4	rs587780570;rs79704;rs587780577;rs587781204	APOB;ATF6;BRAF;CC2D2A;CEP290;CNGA3;CNGB3;COASY;GNPTA;GNPTAB;GNPTG;KRAS;MAP2K1;MAP2K2;MCOLN;MCOLN1;MKS1;OCA2;PDE6C;PLA2G6;RPGRIP;SLC45A2;TMEM2;TMEM216;TMEM67;TYR;TYRP1;UBE3A;WDR45	structured_catalog_unvalidated	dbSNP/Ensembl validation; HGNC gene validation; ClinVar review; GWAS Catalog review; gnomAD population frequency; literature review	yes	yes	no	no	yes	yes	high	high	clinician_review_required	no	all rsIDs are externally unvalidated; disease risk claims require clinical evidence and regulatory approval	dbSNP validation; ClinVar review; GWAS replication; gnomAD frequency; clinical evidence review; regulatory approval	All genetic markers are externally unvalidated. No clinical, diagnostic, or treatment claims can be made. This is a candidate catalog for research review, not a clinical product. Disease risk reporting requires clinical validation, regulatory approval, and professional oversight.	
wg-2094	genetic_disease	Disease Risk (Sensitive)	complex_disease_risk	Aniridia	Aniridia	3	rs121907900;rs121907906;rs121907916	PAX6;WT1	structured_catalog_unvalidated	dbSNP/Ensembl validation; HGNC gene validation; ClinVar review; GWAS Catalog review; gnomAD population frequency; literature review	yes	yes	no	no	yes	yes	high	high	clinician_review_required	no	all rsIDs are externally unvalidated; disease risk claims require clinical evidence and regulatory approval	dbSNP validation; ClinVar review; GWAS replication; gnomAD frequency; clinical evidence review; regulatory approval	All genetic markers are externally unvalidated. No clinical, diagnostic, or treatment claims can be made. This is a candidate catalog for research review, not a clinical product. Disease risk reporting requires clinical validation, regulatory approval, and professional oversight.	
wg-1699	health_risk	Disease Risk (Sensitive)	complex_disease_risk	Anorexia Nervosa	Anorexia Nervosa	5	rs13100344;rs2287348;rs2008387;rs10747478;rs9821797	ERLEC1;MGMT;NCKIPSD	structured_catalog_unvalidated	dbSNP/Ensembl validation; HGNC gene validation; ClinVar review; GWAS Catalog review; gnomAD population frequency; literature review	yes	yes	no	no	yes	yes	high	high	clinician_review_required	no	all rsIDs are externally unvalidated; disease risk claims require clinical evidence and regulatory approval	dbSNP validation; ClinVar review; GWAS replication; gnomAD frequency; clinical evidence review; regulatory approval	All genetic markers are externally unvalidated. No clinical, diagnostic, or treatment claims can be made. This is a candidate catalog for research review, not a clinical product. Disease risk reporting requires clinical validation, regulatory approval, and professional oversight.	
wg-1716	psychological_traits	Traits & Personality	complex_disease_risk	Anti-Social Anxiety Disorder Ability	Anti-Social Anxiety Disorder Ability (Genetic Association, Not Diagnostic)	4	rs10994;rs10144552;rs12579350;rs1799971	ANK3;ANO2;CNTNAP2;GTF2I;OPRM1	structured_catalog_unvalidated	dbSNP/Ensembl validation; HGNC gene validation; ClinVar review; GWAS Catalog review; gnomAD population frequency; literature review	yes	yes	no	no	yes	yes	high	high	clinician_review_required	no	all rsIDs are externally unvalidated; disease risk claims require clinical evidence and regulatory approval	dbSNP validation; ClinVar review; GWAS replication; gnomAD frequency; clinical evidence review; regulatory approval	All genetic markers are externally unvalidated. No clinical, diagnostic, or treatment claims can be made. This is a candidate catalog for research review, not a clinical product. Disease risk reporting requires clinical validation, regulatory approval, and professional oversight.	 QC downgraded from Tier A to Tier C.
wg-1739	genetic_disease	Disease Risk (Sensitive)	complex_disease_risk	Arrhythmogenic Right Ventricular Cardiomyopathy	Arrhythmogenic Right Ventricular Cardiomyopathy	3	rs12143;rs78620;rs86902	ATM;BRAF;CASQ2;DSP;GALT;GJA5;KCNQ1;PEX1;PEX6;PKP2;RYR2;TRDN	structured_catalog_unvalidated	dbSNP/Ensembl validation; HGNC gene validation; ClinVar review; GWAS Catalog review; gnomAD population frequency; literature review	yes	yes	no	no	yes	yes	high	high	clinician_review_required	no	all rsIDs are externally unvalidated; disease risk claims require clinical evidence and regulatory approval	dbSNP validation; ClinVar review; GWAS replication; gnomAD frequency; clinical evidence review; regulatory approval	All genetic markers are externally unvalidated. No clinical, diagnostic, or treatment claims can be made. This is a candidate catalog for research review, not a clinical product. Disease risk reporting requires clinical validation, regulatory approval, and professional oversight.	
wg-2274	health_risk	Disease Risk (Sensitive)	complex_disease_risk	Arterial Stiffness	Arterial Stiffness	3	rs939834;rs1006923;rs10840457	TEX41	structured_catalog_unvalidated	dbSNP/Ensembl validation; HGNC gene validation; ClinVar review; GWAS Catalog review; gnomAD population frequency; literature review	yes	yes	no	no	yes	yes	high	high	clinician_review_required	no	all rsIDs are externally unvalidated; disease risk claims require clinical evidence and regulatory approval	dbSNP validation; ClinVar review; GWAS replication; gnomAD frequency; clinical evidence review; regulatory approval	All genetic markers are externally unvalidated. No clinical, diagnostic, or treatment claims can be made. This is a candidate catalog for research review, not a clinical product. Disease risk reporting requires clinical validation, regulatory approval, and professional oversight.	
wg-2100	genetic_disease	Disease Risk (Sensitive)	complex_disease_risk	Arthrogryposis Multiplex Congenita (AMC)	Arthrogryposis Multiplex Congenita (AMC)	3	rs104894311;rs104894312;rs121913623	ECEL1;MYH3;TNNI2	structured_catalog_unvalidated	dbSNP/Ensembl validation; HGNC gene validation; ClinVar review; GWAS Catalog review; gnomAD population frequency; literature review	yes	yes	no	no	yes	yes	high	high	clinician_review_required	no	all rsIDs are externally unvalidated; disease risk claims require clinical evidence and regulatory approval	dbSNP validation; ClinVar review; GWAS replication; gnomAD frequency; clinical evidence review; regulatory approval	All genetic markers are externally unvalidated. No clinical, diagnostic, or treatment claims can be made. This is a candidate catalog for research review, not a clinical product. Disease risk reporting requires clinical validation, regulatory approval, and professional oversight.	
wg-2087	genetic_disease	Disease Risk (Sensitive)	complex_disease_risk	Aspartylglucosaminuria (AGU)	Aspartylglucosaminuria (AGU)	3	rs121964908;rs121964909;rs386833420	AGA	structured_catalog_unvalidated	dbSNP/Ensembl validation; HGNC gene validation; ClinVar review; GWAS Catalog review; gnomAD population frequency; literature review	yes	yes	no	no	yes	yes	high	high	clinician_review_required	no	all rsIDs are externally unvalidated; disease risk claims require clinical evidence and regulatory approval	dbSNP validation; ClinVar review; GWAS replication; gnomAD frequency; clinical evidence review; regulatory approval	All genetic markers are externally unvalidated. No clinical, diagnostic, or treatment claims can be made. This is a candidate catalog for research review, not a clinical product. Disease risk reporting requires clinical validation, regulatory approval, and professional oversight.	
wg-53	health_risk	Disease Risk (Sensitive)	complex_disease_risk	Asthma	Asthma	7	rs12479210;rs5067;rs3804100;rs1695;rs13153971;rs4794067;rs7216389	CASC15;CDKN2C;EPHX1;ESR2;GSDMB;GSTP1;ICAM1;INPP4A;KCNAB1;NOS3;NPPA;OCA2;SLC6A7;TLR2	structured_catalog_unvalidated	dbSNP/Ensembl validation; HGNC gene validation; ClinVar review; GWAS Catalog review; gnomAD population frequency; literature review	yes	yes	no	no	yes	yes	high	high	clinician_review_required	no	all rsIDs are externally unvalidated; disease risk claims require clinical evidence and regulatory approval	dbSNP validation; ClinVar review; GWAS replication; gnomAD frequency; clinical evidence review; regulatory approval	All genetic markers are externally unvalidated. No clinical, diagnostic, or treatment claims can be made. This is a candidate catalog for research review, not a clinical product. Disease risk reporting requires clinical validation, regulatory approval, and professional oversight.	
wg-1768	health_risk	Disease Risk (Sensitive)	complex_disease_risk	Astigmatism	Astigmatism	5	rs7677751;rs12032649;rs72629670;rs12913832;rs10946507	ATP11A;CASC15;DCT;FLT1;HERC2;IRF4;KIAA09;PDGFRA;PRSS56;RGR;SLC45A2;TFAP2B;TYR	structured_catalog_unvalidated	dbSNP/Ensembl validation; HGNC gene validation; ClinVar review; GWAS Catalog review; gnomAD population frequency; literature review	yes	yes	no	no	yes	yes	high	high	clinician_review_required	no	all rsIDs are externally unvalidated; disease risk claims require clinical evidence and regulatory approval	dbSNP validation; ClinVar review; GWAS replication; gnomAD frequency; clinical evidence review; regulatory approval	All genetic markers are externally unvalidated. No clinical, diagnostic, or treatment claims can be made. This is a candidate catalog for research review, not a clinical product. Disease risk reporting requires clinical validation, regulatory approval, and professional oversight.	
wg-2010	genetic_disease	Disease Risk (Sensitive)	complex_disease_risk	Ataxia-Telangiectasia (AT)	Ataxia-Telangiectasia (AT)	7	rs12143;rs78620;rs77492;rs77503;rs1057520640;rs1060501687;rs1060501700	ATM;BRAF;CASQ2;DSP;GALT;GJA5;KCNQ1;PEX1;PEX6;PKP2;RYR2;TRDN	structured_catalog_unvalidated	dbSNP/Ensembl validation; HGNC gene validation; ClinVar review; GWAS Catalog review; gnomAD population frequency; literature review	yes	yes	no	no	yes	yes	high	high	clinician_review_required	no	all rsIDs are externally unvalidated; disease risk claims require clinical evidence and regulatory approval	dbSNP validation; ClinVar review; GWAS replication; gnomAD frequency; clinical evidence review; regulatory approval	All genetic markers are externally unvalidated. No clinical, diagnostic, or treatment claims can be made. This is a candidate catalog for research review, not a clinical product. Disease risk reporting requires clinical validation, regulatory approval, and professional oversight.	
wg-39	health_risk	Disease Risk (Sensitive)	complex_disease_risk	Atrial Fibrillation	Atrial Fibrillation	8	rs16997168;rs3853445;rs6666258;rs72700118;rs13376333;rs10033464;rs2200733;rs3903239	ABCG2;ALOX5AP;CAV1;HAND2;PDE4D;PRKCH;PRRX1;RPL3L;WNT8A	structured_catalog_unvalidated	dbSNP/Ensembl validation; HGNC gene validation; ClinVar review; GWAS Catalog review; gnomAD population frequency; literature review	yes	yes	no	no	yes	yes	high	high	clinician_review_required	no	all rsIDs are externally unvalidated; disease risk claims require clinical evidence and regulatory approval	dbSNP validation; ClinVar review; GWAS replication; gnomAD frequency; clinical evidence review; regulatory approval	All genetic markers are externally unvalidated. No clinical, diagnostic, or treatment claims can be made. This is a candidate catalog for research review, not a clinical product. Disease risk reporting requires clinical validation, regulatory approval, and professional oversight.	
wg-2089	genetic_disease	Disease Risk (Sensitive)	complex_disease_risk	Auditory Neuropathy (AN)	Auditory Neuropathy (AN)	2	rs80356586;rs80356602	OTOF	structured_catalog_unvalidated	dbSNP/Ensembl validation; HGNC gene validation; ClinVar review; GWAS Catalog review; gnomAD population frequency; literature review	yes	yes	no	no	yes	yes	high	high	clinician_review_required	no	all rsIDs are externally unvalidated; disease risk claims require clinical evidence and regulatory approval	dbSNP validation; ClinVar review; GWAS replication; gnomAD frequency; clinical evidence review; regulatory approval	All genetic markers are externally unvalidated. No clinical, diagnostic, or treatment claims can be made. This is a candidate catalog for research review, not a clinical product. Disease risk reporting requires clinical validation, regulatory approval, and professional oversight.	
wg-1587	health_risk	Disease Risk (Sensitive)	complex_disease_risk	Autism	Autism	8	rs16976358;rs1858830;rs3740304;rs3784730;rs9532931;rs1353545;rs2828478;rs10258862	ATP2B2;DOCK4;FHIT;FOXP1;POU6F2	structured_catalog_unvalidated	dbSNP/Ensembl validation; HGNC gene validation; ClinVar review; GWAS Catalog review; gnomAD population frequency; literature review	yes	yes	no	no	yes	yes	high	high	clinician_review_required	no	all rsIDs are externally unvalidated; disease risk claims require clinical evidence and regulatory approval	dbSNP validation; ClinVar review; GWAS replication; gnomAD frequency; clinical evidence review; regulatory approval	All genetic markers are externally unvalidated. No clinical, diagnostic, or treatment claims can be made. This is a candidate catalog for research review, not a clinical product. Disease risk reporting requires clinical validation, regulatory approval, and professional oversight.	
wg-34	genetic_characteristics	Other/Unclassified	complex_disease_risk	Autosomal Dominant Compelling Helio-Ophthalmic Outburst (ACHOO) Syndrome	Autosomal Dominant Compelling Helio-Ophthalmic Outburst (ACHOO) Syndrome (Genetic Association, Not Diagnostic)	1	rs10427255		structured_catalog_unvalidated	dbSNP/Ensembl validation; HGNC gene validation; ClinVar review; GWAS Catalog review; gnomAD population frequency; literature review	yes	yes	no	no	yes	yes	high	high	clinician_review_required	no	all rsIDs are externally unvalidated; disease risk claims require clinical evidence and regulatory approval	dbSNP validation; ClinVar review; GWAS replication; gnomAD frequency; clinical evidence review; regulatory approval	All genetic markers are externally unvalidated. No clinical, diagnostic, or treatment claims can be made. This is a candidate catalog for research review, not a clinical product. Disease risk reporting requires clinical validation, regulatory approval, and professional oversight.	 QC downgraded from Tier A to Tier C.
wg-1577	genetic_disease	Disease Risk (Sensitive)	complex_disease_risk	Autosomal Dominant Non-Syndromic Deafness	Autosomal Dominant Non-Syndromic Deafness	4	rs10489;rs74315;rs146670741;rs397517196	CACNA1C;CAV3;COL3A1;CYP1A1;DMD;EPHX1;ESR2;GJB2;GJB3;GSTP1;HCN4;KCNH2;KCNJ2;KCNQ1;LOXHD;MYBPC;MYBPC3;MYL3;MYO15A;SCN5A;SDHB;SDHD;SLC26A4;SMAD3;TGFB2;TGFBR1;TGFBR2;TNNI3;VHL;WFS1	structured_catalog_unvalidated	dbSNP/Ensembl validation; HGNC gene validation; ClinVar review; GWAS Catalog review; gnomAD population frequency; literature review	yes	yes	no	no	yes	yes	high	high	clinician_review_required	no	all rsIDs are externally unvalidated; disease risk claims require clinical evidence and regulatory approval	dbSNP validation; ClinVar review; GWAS replication; gnomAD frequency; clinical evidence review; regulatory approval	All genetic markers are externally unvalidated. No clinical, diagnostic, or treatment claims can be made. This is a candidate catalog for research review, not a clinical product. Disease risk reporting requires clinical validation, regulatory approval, and professional oversight.	
wg-1578	genetic_disease	Disease Risk (Sensitive)	complex_disease_risk	Autosomal Recessive Non-Syndromic Deafness	Autosomal Recessive Non-Syndromic Deafness	4	rs10489;rs72750;rs763721044;rs606231410	ARSB;CACNA1C;CAV3;COL3A1;CYP1A1;DMD;EPHX1;ESR2;GALNS;GJB2;GJB3;GLB1;GSTP1;HCN4;IDS;IDUA;KCNH2;KCNJ2;KCNQ1;LOXHD;MYBPC;MYBPC3;MYL3;MYO15A;SCN5A;SDHB;SDHD;SGSH;SLC26A4;SMAD3;TGFB2;TGFBR1;TGFBR2;TNNI3;VHL;WFS1	structured_catalog_unvalidated	dbSNP/Ensembl validation; HGNC gene validation; ClinVar review; GWAS Catalog review; gnomAD population frequency; literature review	yes	yes	no	no	yes	yes	high	high	clinician_review_required	no	all rsIDs are externally unvalidated; disease risk claims require clinical evidence and regulatory approval	dbSNP validation; ClinVar review; GWAS replication; gnomAD frequency; clinical evidence review; regulatory approval	All genetic markers are externally unvalidated. No clinical, diagnostic, or treatment claims can be made. This is a candidate catalog for research review, not a clinical product. Disease risk reporting requires clinical validation, regulatory approval, and professional oversight.	
wg-2157	genetic_disease	Disease Risk (Sensitive)	complex_disease_risk	Axenfeld-Rieger Syndrome (ARS)	Axenfeld-Rieger Syndrome (ARS) (Genetic Association, Not Diagnostic)	1	rs886039568	FOXC1	structured_catalog_unvalidated	dbSNP/Ensembl validation; HGNC gene validation; ClinVar review; GWAS Catalog review; gnomAD population frequency; literature review	yes	yes	no	no	yes	yes	high	high	clinician_review_required	no	all rsIDs are externally unvalidated; disease risk claims require clinical evidence and regulatory approval	dbSNP validation; ClinVar review; GWAS replication; gnomAD frequency; clinical evidence review; regulatory approval	All genetic markers are externally unvalidated. No clinical, diagnostic, or treatment claims can be made. This is a candidate catalog for research review, not a clinical product. Disease risk reporting requires clinical validation, regulatory approval, and professional oversight.	
wg-2158	genetic_disease	Disease Risk (Sensitive)	complex_disease_risk	Baraitser-Winter Syndrome (BRWS)	Baraitser-Winter Syndrome (BRWS) (Genetic Association, Not Diagnostic)	3	rs281875334;rs587779770;rs587780275	ACTB;ACTG1	structured_catalog_unvalidated	dbSNP/Ensembl validation; HGNC gene validation; ClinVar review; GWAS Catalog review; gnomAD population frequency; literature review	yes	yes	no	no	yes	yes	high	high	clinician_review_required	no	all rsIDs are externally unvalidated; disease risk claims require clinical evidence and regulatory approval	dbSNP validation; ClinVar review; GWAS replication; gnomAD frequency; clinical evidence review; regulatory approval	All genetic markers are externally unvalidated. No clinical, diagnostic, or treatment claims can be made. This is a candidate catalog for research review, not a clinical product. Disease risk reporting requires clinical validation, regulatory approval, and professional oversight.	
wg-2159	genetic_disease	Disease Risk (Sensitive)	complex_disease_risk	Bardet-Biedl Syndrome (BBS)	Bardet-Biedl Syndrome (BBS) (Genetic Association, Not Diagnostic)	5	rs86322;rs727503818;rs111033571;rs113994190;rs119466002	BBS1;BBS10;BBS12;BBS2;BBS9;CNGB3;CRX;CTC1;DKC1;DMD;GPHN;RD3;RTEL1;TERT;TINF2;TRIM32	structured_catalog_unvalidated	dbSNP/Ensembl validation; HGNC gene validation; ClinVar review; GWAS Catalog review; gnomAD population frequency; literature review	yes	yes	no	no	yes	yes	high	high	clinician_review_required	no	all rsIDs are externally unvalidated; disease risk claims require clinical evidence and regulatory approval	dbSNP validation; ClinVar review; GWAS replication; gnomAD frequency; clinical evidence review; regulatory approval	All genetic markers are externally unvalidated. No clinical, diagnostic, or treatment claims can be made. This is a candidate catalog for research review, not a clinical product. Disease risk reporting requires clinical validation, regulatory approval, and professional oversight.	
wg-2160	genetic_disease	Disease Risk (Sensitive)	complex_disease_risk	Bartter Syndrome	Bartter Syndrome (Genetic Association, Not Diagnostic)	1	rs140012781	SLC12A3	structured_catalog_unvalidated	dbSNP/Ensembl validation; HGNC gene validation; ClinVar review; GWAS Catalog review; gnomAD population frequency; literature review	yes	yes	no	no	yes	yes	high	high	clinician_review_required	no	all rsIDs are externally unvalidated; disease risk claims require clinical evidence and regulatory approval	dbSNP validation; ClinVar review; GWAS replication; gnomAD frequency; clinical evidence review; regulatory approval	All genetic markers are externally unvalidated. No clinical, diagnostic, or treatment claims can be made. This is a candidate catalog for research review, not a clinical product. Disease risk reporting requires clinical validation, regulatory approval, and professional oversight.	
wg-2161	genetic_disease	Disease Risk (Sensitive)	complex_disease_risk	Becker Muscular Dystrophy (BMD)	Becker Muscular Dystrophy (BMD)	5	rs39812;rs863225015;rs104894797;rs1064325;rs128625229	AGL;ANO5;ARSB;BCKDH;BCKDHA;BCKDHB;BTD;CDAN1;DBT;DMD;DYSF;G6PC;G6PC1;GAA;GALNS;GBA;GBA1;GBE1;GLB1;GNPTA;GNPTAB;GNPTG;IDS;IDUA;MCOLN;MCOLN1;MSH6;MYO7A;PCDH15;PYGM;SEC23B;SGSH;USH1C;USH1G;USH2A	structured_catalog_unvalidated	dbSNP/Ensembl validation; HGNC gene validation; ClinVar review; GWAS Catalog review; gnomAD population frequency; literature review	yes	yes	no	no	yes	yes	high	high	clinician_review_required	no	all rsIDs are externally unvalidated; disease risk claims require clinical evidence and regulatory approval	dbSNP validation; ClinVar review; GWAS replication; gnomAD frequency; clinical evidence review; regulatory approval	All genetic markers are externally unvalidated. No clinical, diagnostic, or treatment claims can be made. This is a candidate catalog for research review, not a clinical product. Disease risk reporting requires clinical validation, regulatory approval, and professional oversight.	
wg-2250	exposure_risk	Disease Risk (Sensitive)	complex_disease_risk	Benzene	Benzene	1	rs144848	BRCA2	structured_catalog_unvalidated	dbSNP/Ensembl validation; HGNC gene validation; ClinVar review; GWAS Catalog review; gnomAD population frequency; literature review	yes	yes	no	no	yes	yes	high	high	clinician_review_required	no	all rsIDs are externally unvalidated; disease risk claims require clinical evidence and regulatory approval	dbSNP validation; ClinVar review; GWAS replication; gnomAD frequency; clinical evidence review; regulatory approval	All genetic markers are externally unvalidated. No clinical, diagnostic, or treatment claims can be made. This is a candidate catalog for research review, not a clinical product. Disease risk reporting requires clinical validation, regulatory approval, and professional oversight.	
wg-1956	health_risk	Disease Risk (Sensitive)	complex_disease_risk	Bladder Cancer	Bladder Cancer (Genetic Association, Not Diagnostic)	8	rs1495741;rs798766;rs9642880;rs2294008;rs10936599;rs10775480;rs1014971;rs8102137	AGER;CASC11;FCGR2A;IL17A;MPO;MYNN;PLCE1;PSCA;SERPINE1;SLC14A1;TACC3	structured_catalog_unvalidated	dbSNP/Ensembl validation; HGNC gene validation; ClinVar review; GWAS Catalog review; gnomAD population frequency; literature review	yes	yes	no	no	yes	yes	high	high	clinician_review_required	no	all rsIDs are externally unvalidated; disease risk claims require clinical evidence and regulatory approval	dbSNP validation; ClinVar review; GWAS replication; gnomAD frequency; clinical evidence review; regulatory approval	All genetic markers are externally unvalidated. No clinical, diagnostic, or treatment claims can be made. This is a candidate catalog for research review, not a clinical product. Disease risk reporting requires clinical validation, regulatory approval, and professional oversight.	
wg-2163	genetic_disease	Disease Risk (Sensitive)	complex_disease_risk	Bohring-Opitz Syndrome (BOS)	Bohring-Opitz Syndrome (BOS) (Genetic Association, Not Diagnostic)	2	rs373145711;rs397515401	ASXL1	structured_catalog_unvalidated	dbSNP/Ensembl validation; HGNC gene validation; ClinVar review; GWAS Catalog review; gnomAD population frequency; literature review	yes	yes	no	no	yes	yes	high	high	clinician_review_required	no	all rsIDs are externally unvalidated; disease risk claims require clinical evidence and regulatory approval	dbSNP validation; ClinVar review; GWAS replication; gnomAD frequency; clinical evidence review; regulatory approval	All genetic markers are externally unvalidated. No clinical, diagnostic, or treatment claims can be made. This is a candidate catalog for research review, not a clinical product. Disease risk reporting requires clinical validation, regulatory approval, and professional oversight.	
wg-2164	genetic_disease	Disease Risk (Sensitive)	complex_disease_risk	Borjeson-Forssman-Lehmann Syndrome (BFLS)	Borjeson-Forssman-Lehmann Syndrome (BFLS) (Genetic Association, Not Diagnostic)	3	rs132630297;rs132630298;rs132630299	PHF6	structured_catalog_unvalidated	dbSNP/Ensembl validation; HGNC gene validation; ClinVar review; GWAS Catalog review; gnomAD population frequency; literature review	yes	yes	no	no	yes	yes	high	high	clinician_review_required	no	all rsIDs are externally unvalidated; disease risk claims require clinical evidence and regulatory approval	dbSNP validation; ClinVar review; GWAS replication; gnomAD frequency; clinical evidence review; regulatory approval	All genetic markers are externally unvalidated. No clinical, diagnostic, or treatment claims can be made. This is a candidate catalog for research review, not a clinical product. Disease risk reporting requires clinical validation, regulatory approval, and professional oversight.	
wg-1993	genetic_disease	Disease Risk (Sensitive)	complex_disease_risk	Brachydactyly	Brachydactyly	4	rs28936;rs1014959895;rs1251713297;rs28928891	ABCA3;ACVRL1;APP;GDF5;HOXD1;HOXD13;PSEN1;PSEN2	structured_catalog_unvalidated	dbSNP/Ensembl validation; HGNC gene validation; ClinVar review; GWAS Catalog review; gnomAD population frequency; literature review	yes	yes	no	no	yes	yes	high	high	clinician_review_required	no	all rsIDs are externally unvalidated; disease risk claims require clinical evidence and regulatory approval	dbSNP validation; ClinVar review; GWAS replication; gnomAD frequency; clinical evidence review; regulatory approval	All genetic markers are externally unvalidated. No clinical, diagnostic, or treatment claims can be made. This is a candidate catalog for research review, not a clinical product. Disease risk reporting requires clinical validation, regulatory approval, and professional oversight.	
wg-54	health_risk	Disease Risk (Sensitive)	complex_disease_risk	Brain Aneurysm	Brain Aneurysm	7	rs11661542;rs700651;rs1429412;rs11153071;rs62516550;rs9298506;rs1333040	BOLL	structured_catalog_unvalidated	dbSNP/Ensembl validation; HGNC gene validation; ClinVar review; GWAS Catalog review; gnomAD population frequency; literature review	yes	yes	no	no	yes	yes	high	high	clinician_review_required	no	all rsIDs are externally unvalidated; disease risk claims require clinical evidence and regulatory approval	dbSNP validation; ClinVar review; GWAS replication; gnomAD frequency; clinical evidence review; regulatory approval	All genetic markers are externally unvalidated. No clinical, diagnostic, or treatment claims can be made. This is a candidate catalog for research review, not a clinical product. Disease risk reporting requires clinical validation, regulatory approval, and professional oversight.	
wg-2071	genetic_disease	Disease Risk (Sensitive)	complex_disease_risk	Branchiooculofacial Syndrome (BOFS)	Branchiooculofacial Syndrome (BOFS) (Genetic Association, Not Diagnostic)	2	rs793888540;rs793888541	TFAP2A	structured_catalog_unvalidated	dbSNP/Ensembl validation; HGNC gene validation; ClinVar review; GWAS Catalog review; gnomAD population frequency; literature review	yes	yes	no	no	yes	yes	high	high	clinician_review_required	no	all rsIDs are externally unvalidated; disease risk claims require clinical evidence and regulatory approval	dbSNP validation; ClinVar review; GWAS replication; gnomAD frequency; clinical evidence review; regulatory approval	All genetic markers are externally unvalidated. No clinical, diagnostic, or treatment claims can be made. This is a candidate catalog for research review, not a clinical product. Disease risk reporting requires clinical validation, regulatory approval, and professional oversight.	
wg-1582	genetic_disease	Disease Risk (Sensitive)	complex_disease_risk	Branchiootorenal Spectrum Disorder	Branchiootorenal Spectrum Disorder (Genetic Association, Not Diagnostic)	3	rs397517;rs201509408;rs727504494	EYA1	structured_catalog_unvalidated	dbSNP/Ensembl validation; HGNC gene validation; ClinVar review; GWAS Catalog review; gnomAD population frequency; literature review	yes	yes	no	no	yes	yes	high	high	clinician_review_required	no	all rsIDs are externally unvalidated; disease risk claims require clinical evidence and regulatory approval	dbSNP validation; ClinVar review; GWAS replication; gnomAD frequency; clinical evidence review; regulatory approval	All genetic markers are externally unvalidated. No clinical, diagnostic, or treatment claims can be made. This is a candidate catalog for research review, not a clinical product. Disease risk reporting requires clinical validation, regulatory approval, and professional oversight.	
wg-2165	genetic_disease	Disease Risk (Sensitive)	complex_disease_risk	Bruck Syndrome (BS)	Bruck Syndrome (BS) (Genetic Association, Not Diagnostic)	3	rs387906960;rs794727669;rs869320752	COL1A2;FKBP10	structured_catalog_unvalidated	dbSNP/Ensembl validation; HGNC gene validation; ClinVar review; GWAS Catalog review; gnomAD population frequency; literature review	yes	yes	no	no	yes	yes	high	high	clinician_review_required	no	all rsIDs are externally unvalidated; disease risk claims require clinical evidence and regulatory approval	dbSNP validation; ClinVar review; GWAS replication; gnomAD frequency; clinical evidence review; regulatory approval	All genetic markers are externally unvalidated. No clinical, diagnostic, or treatment claims can be made. This is a candidate catalog for research review, not a clinical product. Disease risk reporting requires clinical validation, regulatory approval, and professional oversight.	
wg-1726	genetic_disease	Disease Risk (Sensitive)	complex_disease_risk	Brugada Syndrome	Brugada Syndrome (Genetic Association, Not Diagnostic)	2	rs12720;rs19947	CACNA1C;CAV3;KCNH2;KCNJ2;KCNQ1;SCN1B;SCN5A	structured_catalog_unvalidated	dbSNP/Ensembl validation; HGNC gene validation; ClinVar review; GWAS Catalog review; gnomAD population frequency; literature review	yes	yes	no	no	yes	yes	high	high	clinician_review_required	no	all rsIDs are externally unvalidated; disease risk claims require clinical evidence and regulatory approval	dbSNP validation; ClinVar review; GWAS replication; gnomAD frequency; clinical evidence review; regulatory approval	All genetic markers are externally unvalidated. No clinical, diagnostic, or treatment claims can be made. This is a candidate catalog for research review, not a clinical product. Disease risk reporting requires clinical validation, regulatory approval, and professional oversight.	
wg-1963	infection_risk	Disease Risk (Sensitive)	complex_disease_risk	Candida Infection	Candida Infection	1	rs4845320	LCE4A	structured_catalog_unvalidated	dbSNP/Ensembl validation; HGNC gene validation; ClinVar review; GWAS Catalog review; gnomAD population frequency; literature review	yes	yes	no	no	yes	yes	high	high	clinician_review_required	no	all rsIDs are externally unvalidated; disease risk claims require clinical evidence and regulatory approval	dbSNP validation; ClinVar review; GWAS replication; gnomAD frequency; clinical evidence review; regulatory approval	All genetic markers are externally unvalidated. No clinical, diagnostic, or treatment claims can be made. This is a candidate catalog for research review, not a clinical product. Disease risk reporting requires clinical validation, regulatory approval, and professional oversight.	
wg-2117	genetic_disease	Disease Risk (Sensitive)	complex_disease_risk	Cardiofaciocutaneous Syndrome (CFC)	Cardiofaciocutaneous Syndrome (CFC) (Genetic Association, Not Diagnostic)	5	rs39750;rs79704;rs104894361;rs104894362;rs1057519732	APOB;ATF6;BRAF;CC2D2A;CEP290;CFTR;CNGA3;CNGB3;COASY;CTRC;GNPTA;GNPTAB;GNPTG;KRAS;MAP2K1;MAP2K2;MCOLN;MCOLN1;MKS1;OCA2;PDE6C;PLA2G6;PRSS1;RPGRIP;SLC45A2;SPINK1;TMEM2;TMEM216;TMEM67;TYR;TYRP1;UBE3A;WDR45	structured_catalog_unvalidated	dbSNP/Ensembl validation; HGNC gene validation; ClinVar review; GWAS Catalog review; gnomAD population frequency; literature review	yes	yes	no	no	yes	yes	high	high	clinician_review_required	no	all rsIDs are externally unvalidated; disease risk claims require clinical evidence and regulatory approval	dbSNP validation; ClinVar review; GWAS replication; gnomAD frequency; clinical evidence review; regulatory approval	All genetic markers are externally unvalidated. No clinical, diagnostic, or treatment claims can be made. This is a candidate catalog for research review, not a clinical product. Disease risk reporting requires clinical validation, regulatory approval, and professional oversight.	
wg-1769	health_risk	Disease Risk (Sensitive)	complex_disease_risk	Cataract	Cataract	8	rs7615568;rs7548209;rs8176318;rs1695;rs1136410;rs7366355;rs3176459;rs7543472	CASC15;CDKN2C;EPHX1;ESR2;GSTP1;INPP4A;KCNAB1;NPPA;OCA2;SLC6A7;TLR2	structured_catalog_unvalidated	dbSNP/Ensembl validation; HGNC gene validation; ClinVar review; GWAS Catalog review; gnomAD population frequency; literature review	yes	yes	no	no	yes	yes	high	high	clinician_review_required	no	all rsIDs are externally unvalidated; disease risk claims require clinical evidence and regulatory approval	dbSNP validation; ClinVar review; GWAS replication; gnomAD frequency; clinical evidence review; regulatory approval	All genetic markers are externally unvalidated. No clinical, diagnostic, or treatment claims can be made. This is a candidate catalog for research review, not a clinical product. Disease risk reporting requires clinical validation, regulatory approval, and professional oversight.	
wg-1731	genetic_disease	Disease Risk (Sensitive)	complex_disease_risk	Catecholaminergic Polymorphic Ventricular Tachycardia (CPVT)	Catecholaminergic Polymorphic Ventricular Tachycardia (CPVT)	3	rs12143;rs20121;rs88603	ATM;BRAF;CASQ2;DSP;GJA5;KCNQ1;PEX1;PEX6;PKP2;RYR2;TRDN	structured_catalog_unvalidated	dbSNP/Ensembl validation; HGNC gene validation; ClinVar review; GWAS Catalog review; gnomAD population frequency; literature review	yes	yes	no	no	yes	yes	high	high	clinician_review_required	no	all rsIDs are externally unvalidated; disease risk claims require clinical evidence and regulatory approval	dbSNP validation; ClinVar review; GWAS replication; gnomAD frequency; clinical evidence review; regulatory approval	All genetic markers are externally unvalidated. No clinical, diagnostic, or treatment claims can be made. This is a candidate catalog for research review, not a clinical product. Disease risk reporting requires clinical validation, regulatory approval, and professional oversight.	
wg-2249	exposure_risk	Disease Risk (Sensitive)	complex_disease_risk	Cats	Cats	1	rs7216389	GSDMB;GSTP1;INPP4A;NPPA;SLC6A7;TLR2	structured_catalog_unvalidated	dbSNP/Ensembl validation; HGNC gene validation; ClinVar review; GWAS Catalog review; gnomAD population frequency; literature review	yes	yes	no	no	yes	yes	high	high	clinician_review_required	no	all rsIDs are externally unvalidated; disease risk claims require clinical evidence and regulatory approval	dbSNP validation; ClinVar review; GWAS replication; gnomAD frequency; clinical evidence review; regulatory approval	All genetic markers are externally unvalidated. No clinical, diagnostic, or treatment claims can be made. This is a candidate catalog for research review, not a clinical product. Disease risk reporting requires clinical validation, regulatory approval, and professional oversight.	
wg-1483	health_risk	Disease Risk (Sensitive)	complex_disease_risk	Celiac Disease	Celiac Disease (Genetic Association, Not Diagnostic)	9	rs11221332;rs802734;rs2187668;rs17035378;rs653178;rs9851967;rs2305767;rs917997;rs6441961	AHI1;APOL1;BACH2;IFIH1;LPP;MTHFS;MYO9B;PLA2R1;PUS10;RPL3L;SYNPR	structured_catalog_unvalidated	dbSNP/Ensembl validation; HGNC gene validation; ClinVar review; GWAS Catalog review; gnomAD population frequency; literature review	yes	yes	no	no	yes	yes	high	high	clinician_review_required	no	all rsIDs are externally unvalidated; disease risk claims require clinical evidence and regulatory approval	dbSNP validation; ClinVar review; GWAS replication; gnomAD frequency; clinical evidence review; regulatory approval	All genetic markers are externally unvalidated. No clinical, diagnostic, or treatment claims can be made. This is a candidate catalog for research review, not a clinical product. Disease risk reporting requires clinical validation, regulatory approval, and professional oversight.	
wg-2148	genetic_disease	Disease Risk (Sensitive)	complex_disease_risk	Centronuclear Myopathy (CNM)	Centronuclear Myopathy (CNM)	1	rs587783343	BIN1	structured_catalog_unvalidated	dbSNP/Ensembl validation; HGNC gene validation; ClinVar review; GWAS Catalog review; gnomAD population frequency; literature review	yes	yes	no	no	yes	yes	high	high	clinician_review_required	no	all rsIDs are externally unvalidated; disease risk claims require clinical evidence and regulatory approval	dbSNP validation; ClinVar review; GWAS replication; gnomAD frequency; clinical evidence review; regulatory approval	All genetic markers are externally unvalidated. No clinical, diagnostic, or treatment claims can be made. This is a candidate catalog for research review, not a clinical product. Disease risk reporting requires clinical validation, regulatory approval, and professional oversight.	
wg-2166	genetic_disease	Disease Risk (Sensitive)	complex_disease_risk	Charcot-Marie-Tooth Disease (CMT)	Charcot-Marie-Tooth Disease (CMT) (Genetic Association, Not Diagnostic)	0			no_rsids	dbSNP/Ensembl validation; HGNC gene validation; ClinVar review; GWAS Catalog review; gnomAD population frequency; literature review	yes	no	no	no	no	no	high	high	clinician_review_required	no	all rsIDs are externally unvalidated; disease risk claims require clinical evidence and regulatory approval; no genetic markers identified	dbSNP validation; ClinVar review; GWAS replication; gnomAD frequency; clinical evidence review; regulatory approval	All genetic markers are externally unvalidated. No clinical, diagnostic, or treatment claims can be made. This is a candidate catalog for research review, not a clinical product. Disease risk reporting requires clinical validation, regulatory approval, and professional oversight.	No rsIDs linked to this trait.
wg-2098	genetic_disease	Disease Risk (Sensitive)	complex_disease_risk	Chediak-Higashi Syndrome (CHS)	Chediak-Higashi Syndrome (CHS) (Genetic Association, Not Diagnostic)	3	rs28942077;rs80338642;rs80338643	LYST	structured_catalog_unvalidated	dbSNP/Ensembl validation; HGNC gene validation; ClinVar review; GWAS Catalog review; gnomAD population frequency; literature review	yes	yes	no	no	yes	yes	high	high	clinician_review_required	no	all rsIDs are externally unvalidated; disease risk claims require clinical evidence and regulatory approval	dbSNP validation; ClinVar review; GWAS replication; gnomAD frequency; clinical evidence review; regulatory approval	All genetic markers are externally unvalidated. No clinical, diagnostic, or treatment claims can be made. This is a candidate catalog for research review, not a clinical product. Disease risk reporting requires clinical validation, regulatory approval, and professional oversight.	
wg-2267	exposure_risk	Disease Risk (Sensitive)	complex_disease_risk	Chlorinated Solvents	Chlorinated Solvents	2	rs12917;rs1805794	MGMT;NBN	structured_catalog_unvalidated	dbSNP/Ensembl validation; HGNC gene validation; ClinVar review; GWAS Catalog review; gnomAD population frequency; literature review	yes	yes	no	no	yes	yes	high	high	clinician_review_required	no	all rsIDs are externally unvalidated; disease risk claims require clinical evidence and regulatory approval	dbSNP validation; ClinVar review; GWAS replication; gnomAD frequency; clinical evidence review; regulatory approval	All genetic markers are externally unvalidated. No clinical, diagnostic, or treatment claims can be made. This is a candidate catalog for research review, not a clinical product. Disease risk reporting requires clinical validation, regulatory approval, and professional oversight.	
wg-1989	genetic_disease	Disease Risk (Sensitive)	complex_disease_risk	Cholestasis	Cholestasis	3	rs121909098;rs72549402;rs758069019	ABCB11;ABCB4;ATP8B1	structured_catalog_unvalidated	dbSNP/Ensembl validation; HGNC gene validation; ClinVar review; GWAS Catalog review; gnomAD population frequency; literature review	yes	yes	no	no	yes	yes	high	high	clinician_review_required	no	all rsIDs are externally unvalidated; disease risk claims require clinical evidence and regulatory approval	dbSNP validation; ClinVar review; GWAS replication; gnomAD frequency; clinical evidence review; regulatory approval	All genetic markers are externally unvalidated. No clinical, diagnostic, or treatment claims can be made. This is a candidate catalog for research review, not a clinical product. Disease risk reporting requires clinical validation, regulatory approval, and professional oversight.	
wg-2149	genetic_disease	Disease Risk (Sensitive)	complex_disease_risk	Choroidal Dystrophy, Central Areolar (CACD)	Choroidal Dystrophy, Central Areolar (CACD)	1	rs121918567	PRPH2	structured_catalog_unvalidated	dbSNP/Ensembl validation; HGNC gene validation; ClinVar review; GWAS Catalog review; gnomAD population frequency; literature review	yes	yes	no	no	yes	yes	high	high	clinician_review_required	no	all rsIDs are externally unvalidated; disease risk claims require clinical evidence and regulatory approval	dbSNP validation; ClinVar review; GWAS replication; gnomAD frequency; clinical evidence review; regulatory approval	All genetic markers are externally unvalidated. No clinical, diagnostic, or treatment claims can be made. This is a candidate catalog for research review, not a clinical product. Disease risk reporting requires clinical validation, regulatory approval, and professional oversight.	
wg-2095	genetic_disease	Disease Risk (Sensitive)	complex_disease_risk	Choroideremia	Choroideremia	1	rs132630266	CHM	structured_catalog_unvalidated	dbSNP/Ensembl validation; HGNC gene validation; ClinVar review; GWAS Catalog review; gnomAD population frequency; literature review	yes	yes	no	no	yes	yes	high	high	clinician_review_required	no	all rsIDs are externally unvalidated; disease risk claims require clinical evidence and regulatory approval	dbSNP validation; ClinVar review; GWAS replication; gnomAD frequency; clinical evidence review; regulatory approval	All genetic markers are externally unvalidated. No clinical, diagnostic, or treatment claims can be made. This is a candidate catalog for research review, not a clinical product. Disease risk reporting requires clinical validation, regulatory approval, and professional oversight.	
wg-102	health_risk	Disease Risk (Sensitive)	complex_disease_risk	Chronic Lymphocytic Leukemia (CLL)	Chronic Lymphocytic Leukemia (CLL)	8	rs4406737;rs13397985;rs4368253;rs735665;rs7944004;rs7176508;rs872071;rs4987855	BCL2;IRF4;PRKD2;SP140	structured_catalog_unvalidated	dbSNP/Ensembl validation; HGNC gene validation; ClinVar review; GWAS Catalog review; gnomAD population frequency; literature review	yes	yes	no	no	yes	yes	high	high	clinician_review_required	no	all rsIDs are externally unvalidated; disease risk claims require clinical evidence and regulatory approval	dbSNP validation; ClinVar review; GWAS replication; gnomAD frequency; clinical evidence review; regulatory approval	All genetic markers are externally unvalidated. No clinical, diagnostic, or treatment claims can be made. This is a candidate catalog for research review, not a clinical product. Disease risk reporting requires clinical validation, regulatory approval, and professional oversight.	
wg-72	health_risk	Disease Risk (Sensitive)	complex_disease_risk	Chronic Obstructive Pulmonary Disease (COPD)	Chronic Obstructive Pulmonary Disease (COPD) (Genetic Association, Not Diagnostic)	7	rs7671261;rs17576;rs3918396;rs7671167;rs3736309;rs8034191;rs503464	ADAM33;AQP5;EGFR;GPC5;HNF1A;MMP9;MPO;TGFB1	structured_catalog_unvalidated	dbSNP/Ensembl validation; HGNC gene validation; ClinVar review; GWAS Catalog review; gnomAD population frequency; literature review	yes	yes	no	no	yes	yes	high	high	clinician_review_required	no	all rsIDs are externally unvalidated; disease risk claims require clinical evidence and regulatory approval	dbSNP validation; ClinVar review; GWAS replication; gnomAD frequency; clinical evidence review; regulatory approval	All genetic markers are externally unvalidated. No clinical, diagnostic, or treatment claims can be made. This is a candidate catalog for research review, not a clinical product. Disease risk reporting requires clinical validation, regulatory approval, and professional oversight.	
wg-2275	health_risk	Disease Risk (Sensitive)	complex_disease_risk	Cirrhosis	Cirrhosis	6	rs671;rs58542926;rs739846;rs1799992;rs738409;rs28929474	ADH1B;ADH1C;AGTR1;ALDH2;APC;APOE;C2;CYP1A1;EFCAB11;EPHX1;GSTP1;HMBS;KIF1B;MICA;MIF;MTHFR;PNPLA3;PPARGC1A;SERPINA1;STAT4;TM6SF2	structured_catalog_unvalidated	dbSNP/Ensembl validation; HGNC gene validation; ClinVar review; GWAS Catalog review; gnomAD population frequency; literature review	yes	yes	no	no	yes	yes	high	high	clinician_review_required	no	all rsIDs are externally unvalidated; disease risk claims require clinical evidence and regulatory approval	dbSNP validation; ClinVar review; GWAS replication; gnomAD frequency; clinical evidence review; regulatory approval	All genetic markers are externally unvalidated. No clinical, diagnostic, or treatment claims can be made. This is a candidate catalog for research review, not a clinical product. Disease risk reporting requires clinical validation, regulatory approval, and professional oversight.	
wg-2012	genetic_disease	Disease Risk (Sensitive)	complex_disease_risk	Citrullinemia	Citrullinemia	4	rs19283;rs121908638;rs121908647;rs148918985	ASS1;SLC25A13	structured_catalog_unvalidated	dbSNP/Ensembl validation; HGNC gene validation; ClinVar review; GWAS Catalog review; gnomAD population frequency; literature review	yes	yes	no	no	yes	yes	high	high	clinician_review_required	no	all rsIDs are externally unvalidated; disease risk claims require clinical evidence and regulatory approval	dbSNP validation; ClinVar review; GWAS replication; gnomAD frequency; clinical evidence review; regulatory approval	All genetic markers are externally unvalidated. No clinical, diagnostic, or treatment claims can be made. This is a candidate catalog for research review, not a clinical product. Disease risk reporting requires clinical validation, regulatory approval, and professional oversight.	
wg-2262	exposure_risk	Disease Risk (Sensitive)	complex_disease_risk	Cleaning Agents	Cleaning Agents	5	rs26670;rs79499;rs931127;rs1958980;rs11847351	PCNXL3;PRKD1;SIPA1	structured_catalog_unvalidated	dbSNP/Ensembl validation; HGNC gene validation; ClinVar review; GWAS Catalog review; gnomAD population frequency; literature review	yes	yes	no	no	yes	yes	high	high	clinician_review_required	no	all rsIDs are externally unvalidated; disease risk claims require clinical evidence and regulatory approval	dbSNP validation; ClinVar review; GWAS replication; gnomAD frequency; clinical evidence review; regulatory approval	All genetic markers are externally unvalidated. No clinical, diagnostic, or treatment claims can be made. This is a candidate catalog for research review, not a clinical product. Disease risk reporting requires clinical validation, regulatory approval, and professional oversight.	
wg-130	health_risk	Disease Risk (Sensitive)	complex_disease_risk	Cleft Lip and Cleft Palate	Cleft Lip and Cleft Palate	7	rs1243573;rs987525;rs7017252;rs12543318;rs861020;rs227731;rs287980	IRF6;NTN1;TMEM19	structured_catalog_unvalidated	dbSNP/Ensembl validation; HGNC gene validation; ClinVar review; GWAS Catalog review; gnomAD population frequency; literature review	yes	yes	no	no	yes	yes	high	high	clinician_review_required	no	all rsIDs are externally unvalidated; disease risk claims require clinical evidence and regulatory approval	dbSNP validation; ClinVar review; GWAS replication; gnomAD frequency; clinical evidence review; regulatory approval	All genetic markers are externally unvalidated. No clinical, diagnostic, or treatment claims can be made. This is a candidate catalog for research review, not a clinical product. Disease risk reporting requires clinical validation, regulatory approval, and professional oversight.	
wg-2167	genetic_disease	Disease Risk (Sensitive)	complex_disease_risk	Cockayne Syndrome (CS)	Cockayne Syndrome (CS) (Genetic Association, Not Diagnostic)	3	rs202080674;rs786205166;rs786205167	ERCC6;ERCC8	structured_catalog_unvalidated	dbSNP/Ensembl validation; HGNC gene validation; ClinVar review; GWAS Catalog review; gnomAD population frequency; literature review	yes	yes	no	no	yes	yes	high	high	clinician_review_required	no	all rsIDs are externally unvalidated; disease risk claims require clinical evidence and regulatory approval	dbSNP validation; ClinVar review; GWAS replication; gnomAD frequency; clinical evidence review; regulatory approval	All genetic markers are externally unvalidated. No clinical, diagnostic, or treatment claims can be made. This is a candidate catalog for research review, not a clinical product. Disease risk reporting requires clinical validation, regulatory approval, and professional oversight.	
wg-2168	genetic_disease	Disease Risk (Sensitive)	complex_disease_risk	Coffin-Lowry Syndrome (CLS)	Coffin-Lowry Syndrome (CLS) (Genetic Association, Not Diagnostic)	2	rs122454130;rs398124177	RPS6KA3	structured_catalog_unvalidated	dbSNP/Ensembl validation; HGNC gene validation; ClinVar review; GWAS Catalog review; gnomAD population frequency; literature review	yes	yes	no	no	yes	yes	high	high	clinician_review_required	no	all rsIDs are externally unvalidated; disease risk claims require clinical evidence and regulatory approval	dbSNP validation; ClinVar review; GWAS replication; gnomAD frequency; clinical evidence review; regulatory approval	All genetic markers are externally unvalidated. No clinical, diagnostic, or treatment claims can be made. This is a candidate catalog for research review, not a clinical product. Disease risk reporting requires clinical validation, regulatory approval, and professional oversight.	
wg-2169	genetic_disease	Disease Risk (Sensitive)	complex_disease_risk	Cohen Syndrome (COH)	Cohen Syndrome (COH) (Genetic Association, Not Diagnostic)	3	rs180177327;rs140353201;rs140936527	VPS13B	structured_catalog_unvalidated	dbSNP/Ensembl validation; HGNC gene validation; ClinVar review; GWAS Catalog review; gnomAD population frequency; literature review	yes	yes	no	no	yes	yes	high	high	clinician_review_required	no	all rsIDs are externally unvalidated; disease risk claims require clinical evidence and regulatory approval	dbSNP validation; ClinVar review; GWAS replication; gnomAD frequency; clinical evidence review; regulatory approval	All genetic markers are externally unvalidated. No clinical, diagnostic, or treatment claims can be made. This is a candidate catalog for research review, not a clinical product. Disease risk reporting requires clinical validation, regulatory approval, and professional oversight.	
wg-44	health_risk	Disease Risk (Sensitive)	complex_disease_risk	Colorectal Cancer	Colorectal Cancer (Genetic Association, Not Diagnostic)	7	rs12953717;rs4779584;rs1049174;rs266729;rs4939827;rs10411210;rs4464148	ADIPOQ;APC;CHFR;RHPN2;SMAD7	structured_catalog_unvalidated	dbSNP/Ensembl validation; HGNC gene validation; ClinVar review; GWAS Catalog review; gnomAD population frequency; literature review	yes	yes	no	no	yes	yes	high	high	clinician_review_required	no	all rsIDs are externally unvalidated; disease risk claims require clinical evidence and regulatory approval	dbSNP validation; ClinVar review; GWAS replication; gnomAD frequency; clinical evidence review; regulatory approval	All genetic markers are externally unvalidated. No clinical, diagnostic, or treatment claims can be made. This is a candidate catalog for research review, not a clinical product. Disease risk reporting requires clinical validation, regulatory approval, and professional oversight.	
wg-2083	genetic_disease	Disease Risk (Sensitive)	complex_disease_risk	Cone-Rod Dystrophy (CRD)	Cone-Rod Dystrophy (CRD)	3	rs137853041;rs397517974;rs61751407	ABCA4;PROM1;USH2A	structured_catalog_unvalidated	dbSNP/Ensembl validation; HGNC gene validation; ClinVar review; GWAS Catalog review; gnomAD population frequency; literature review	yes	yes	no	no	yes	yes	high	high	clinician_review_required	no	all rsIDs are externally unvalidated; disease risk claims require clinical evidence and regulatory approval	dbSNP validation; ClinVar review; GWAS replication; gnomAD frequency; clinical evidence review; regulatory approval	All genetic markers are externally unvalidated. No clinical, diagnostic, or treatment claims can be made. This is a candidate catalog for research review, not a clinical product. Disease risk reporting requires clinical validation, regulatory approval, and professional oversight.	
wg-2170	genetic_disease	Disease Risk (Sensitive)	complex_disease_risk	Cornelia de Lange Syndrome (CdLS)	Cornelia de Lange Syndrome (CdLS) (Genetic Association, Not Diagnostic)	0			no_rsids	dbSNP/Ensembl validation; HGNC gene validation; ClinVar review; GWAS Catalog review; gnomAD population frequency; literature review	yes	no	no	no	no	no	high	high	clinician_review_required	no	all rsIDs are externally unvalidated; disease risk claims require clinical evidence and regulatory approval; no genetic markers identified	dbSNP validation; ClinVar review; GWAS replication; gnomAD frequency; clinical evidence review; regulatory approval	All genetic markers are externally unvalidated. No clinical, diagnostic, or treatment claims can be made. This is a candidate catalog for research review, not a clinical product. Disease risk reporting requires clinical validation, regulatory approval, and professional oversight.	No rsIDs linked to this trait.
wg-87	health_risk	Disease Risk (Sensitive)	complex_disease_risk	Coronary Heart Disease (CHD)	Coronary Heart Disease (CHD) (Genetic Association, Not Diagnostic)	10	rs4708876;rs6903956;rs852787;rs9349379;rs12469758;rs3782886;rs229856;rs7439293;rs662;rs10757278	ADTRP;APOL1;BRAP;CDKN2BAS;DAB1;DAB2IP;ERG;LPA;LPL;LRP1;MTHFS;PALLD;PCSK9;PLA2R1;PLCE1;PON1;PRDM16;RPL3L;SCML4;SNX19;THSD7A;TRPM8	structured_catalog_unvalidated	dbSNP/Ensembl validation; HGNC gene validation; ClinVar review; GWAS Catalog review; gnomAD population frequency; literature review	yes	yes	no	no	yes	yes	high	high	clinician_review_required	no	all rsIDs are externally unvalidated; disease risk claims require clinical evidence and regulatory approval	dbSNP validation; ClinVar review; GWAS replication; gnomAD frequency; clinical evidence review; regulatory approval	All genetic markers are externally unvalidated. No clinical, diagnostic, or treatment claims can be made. This is a candidate catalog for research review, not a clinical product. Disease risk reporting requires clinical validation, regulatory approval, and professional oversight.	
wg-2171	genetic_disease	Disease Risk (Sensitive)	complex_disease_risk	Costello Syndrome	Costello Syndrome (Genetic Association, Not Diagnostic)	3	rs104894227;rs727503093;rs730880460	HRAS	structured_catalog_unvalidated	dbSNP/Ensembl validation; HGNC gene validation; ClinVar review; GWAS Catalog review; gnomAD population frequency; literature review	yes	yes	no	no	yes	yes	high	high	clinician_review_required	no	all rsIDs are externally unvalidated; disease risk claims require clinical evidence and regulatory approval	dbSNP validation; ClinVar review; GWAS replication; gnomAD frequency; clinical evidence review; regulatory approval	All genetic markers are externally unvalidated. No clinical, diagnostic, or treatment claims can be made. This is a candidate catalog for research review, not a clinical product. Disease risk reporting requires clinical validation, regulatory approval, and professional oversight.	
wg-2258	exposure_risk	Disease Risk (Sensitive)	complex_disease_risk	Cow's Milk	Cow's Milk	4	rs1800896;rs2069772;rs12123821;rs17616434	CYP1B1;FGFR4;FYCO1;IL1B;MMP9;MTHFR;NLRP3;PCAT19;SELE;TIMM23B	structured_catalog_unvalidated	dbSNP/Ensembl validation; HGNC gene validation; ClinVar review; GWAS Catalog review; gnomAD population frequency; literature review	yes	yes	no	no	yes	yes	high	high	clinician_review_required	no	all rsIDs are externally unvalidated; disease risk claims require clinical evidence and regulatory approval	dbSNP validation; ClinVar review; GWAS replication; gnomAD frequency; clinical evidence review; regulatory approval	All genetic markers are externally unvalidated. No clinical, diagnostic, or treatment claims can be made. This is a candidate catalog for research review, not a clinical product. Disease risk reporting requires clinical validation, regulatory approval, and professional oversight.	
wg-2049	genetic_disease	Disease Risk (Sensitive)	complex_disease_risk	Cranioectodermal Dysplasia (CED)	Cranioectodermal Dysplasia (CED)	1	rs786205567	IFT122	structured_catalog_unvalidated	dbSNP/Ensembl validation; HGNC gene validation; ClinVar review; GWAS Catalog review; gnomAD population frequency; literature review	yes	yes	no	no	yes	yes	high	high	clinician_review_required	no	all rsIDs are externally unvalidated; disease risk claims require clinical evidence and regulatory approval	dbSNP validation; ClinVar review; GWAS replication; gnomAD frequency; clinical evidence review; regulatory approval	All genetic markers are externally unvalidated. No clinical, diagnostic, or treatment claims can be made. This is a candidate catalog for research review, not a clinical product. Disease risk reporting requires clinical validation, regulatory approval, and professional oversight.	
wg-2048	genetic_disease	Disease Risk (Sensitive)	complex_disease_risk	Craniofrontonasal Syndrome (CFNS)	Craniofrontonasal Syndrome (CFNS) (Genetic Association, Not Diagnostic)	3	rs104894801;rs104894804;rs28936070	EFNB1	structured_catalog_unvalidated	dbSNP/Ensembl validation; HGNC gene validation; ClinVar review; GWAS Catalog review; gnomAD population frequency; literature review	yes	yes	no	no	yes	yes	high	high	clinician_review_required	no	all rsIDs are externally unvalidated; disease risk claims require clinical evidence and regulatory approval	dbSNP validation; ClinVar review; GWAS replication; gnomAD frequency; clinical evidence review; regulatory approval	All genetic markers are externally unvalidated. No clinical, diagnostic, or treatment claims can be made. This is a candidate catalog for research review, not a clinical product. Disease risk reporting requires clinical validation, regulatory approval, and professional oversight.	
wg-2172	genetic_disease	Disease Risk (Sensitive)	complex_disease_risk	Crigler-Najjar Syndrome (CNS)	Crigler-Najjar Syndrome (CNS) (Genetic Association, Not Diagnostic)	2	rs72551348;rs797046091	UGT1A;UGT1A1	structured_catalog_unvalidated	dbSNP/Ensembl validation; HGNC gene validation; ClinVar review; GWAS Catalog review; gnomAD population frequency; literature review	yes	yes	no	no	yes	yes	high	high	clinician_review_required	no	all rsIDs are externally unvalidated; disease risk claims require clinical evidence and regulatory approval	dbSNP validation; ClinVar review; GWAS replication; gnomAD frequency; clinical evidence review; regulatory approval	All genetic markers are externally unvalidated. No clinical, diagnostic, or treatment claims can be made. This is a candidate catalog for research review, not a clinical product. Disease risk reporting requires clinical validation, regulatory approval, and professional oversight.	
wg-2173	genetic_disease	Disease Risk (Sensitive)	complex_disease_risk	Crouzon Syndrome	Crouzon Syndrome (Genetic Association, Not Diagnostic)	3	rs121918488;rs121918494;rs121918501	FGFR2	structured_catalog_unvalidated	dbSNP/Ensembl validation; HGNC gene validation; ClinVar review; GWAS Catalog review; gnomAD population frequency; literature review	yes	yes	no	no	yes	yes	high	high	clinician_review_required	no	all rsIDs are externally unvalidated; disease risk claims require clinical evidence and regulatory approval	dbSNP validation; ClinVar review; GWAS replication; gnomAD frequency; clinical evidence review; regulatory approval	All genetic markers are externally unvalidated. No clinical, diagnostic, or treatment claims can be made. This is a candidate catalog for research review, not a clinical product. Disease risk reporting requires clinical validation, regulatory approval, and professional oversight.	
wg-1970	infection_risk	Disease Risk (Sensitive)	complex_disease_risk	Cryptococcus Infection	Cryptococcus Infection	1	rs5743604	TLR1	structured_catalog_unvalidated	dbSNP/Ensembl validation; HGNC gene validation; ClinVar review; GWAS Catalog review; gnomAD population frequency; literature review	yes	yes	no	no	yes	yes	high	high	clinician_review_required	no	all rsIDs are externally unvalidated; disease risk claims require clinical evidence and regulatory approval	dbSNP validation; ClinVar review; GWAS replication; gnomAD frequency; clinical evidence review; regulatory approval	All genetic markers are externally unvalidated. No clinical, diagnostic, or treatment claims can be made. This is a candidate catalog for research review, not a clinical product. Disease risk reporting requires clinical validation, regulatory approval, and professional oversight.	
wg-2063	genetic_disease	Disease Risk (Sensitive)	complex_disease_risk	Cutis Laxa (CL)	Cutis Laxa (CL)	4	rs15134;rs119489101;rs121918377;rs1382026467	ALDH18A1;ATP7A;EFEMP2;LTBP4;PYCR1	structured_catalog_unvalidated	dbSNP/Ensembl validation; HGNC gene validation; ClinVar review; GWAS Catalog review; gnomAD population frequency; literature review	yes	yes	no	no	yes	yes	high	high	clinician_review_required	no	all rsIDs are externally unvalidated; disease risk claims require clinical evidence and regulatory approval	dbSNP validation; ClinVar review; GWAS replication; gnomAD frequency; clinical evidence review; regulatory approval	All genetic markers are externally unvalidated. No clinical, diagnostic, or treatment claims can be made. This is a candidate catalog for research review, not a clinical product. Disease risk reporting requires clinical validation, regulatory approval, and professional oversight.	
wg-2174	genetic_disease	Disease Risk (Sensitive)	complex_disease_risk	D-2-hydroxyglutaric Aciduria (D2HGA)	D-2-hydroxyglutaric Aciduria (D2HGA)	2	rs797045507;rs797045506	D2HGDH	structured_catalog_unvalidated	dbSNP/Ensembl validation; HGNC gene validation; ClinVar review; GWAS Catalog review; gnomAD population frequency; literature review	yes	yes	no	no	yes	yes	high	high	clinician_review_required	no	all rsIDs are externally unvalidated; disease risk claims require clinical evidence and regulatory approval	dbSNP validation; ClinVar review; GWAS replication; gnomAD frequency; clinical evidence review; regulatory approval	All genetic markers are externally unvalidated. No clinical, diagnostic, or treatment claims can be made. This is a candidate catalog for research review, not a clinical product. Disease risk reporting requires clinical validation, regulatory approval, and professional oversight.	
wg-2175	genetic_disease	Disease Risk (Sensitive)	complex_disease_risk	De Sanctis-Cacchione Syndrome (DSC)	De Sanctis-Cacchione Syndrome (DSC) (Genetic Association, Not Diagnostic)	3	rs121917904;rs373227647;rs751838040	ERCC6	structured_catalog_unvalidated	dbSNP/Ensembl validation; HGNC gene validation; ClinVar review; GWAS Catalog review; gnomAD population frequency; literature review	yes	yes	no	no	yes	yes	high	high	clinician_review_required	no	all rsIDs are externally unvalidated; disease risk claims require clinical evidence and regulatory approval	dbSNP validation; ClinVar review; GWAS replication; gnomAD frequency; clinical evidence review; regulatory approval	All genetic markers are externally unvalidated. No clinical, diagnostic, or treatment claims can be made. This is a candidate catalog for research review, not a clinical product. Disease risk reporting requires clinical validation, regulatory approval, and professional oversight.	
wg-1762	genetic_disease	Disease Risk (Sensitive)	complex_disease_risk	Dementia with Lewy Body (DLB)	Dementia with Lewy Body (DLB)	2	rs789731;rs803567	GBA	structured_catalog_unvalidated	dbSNP/Ensembl validation; HGNC gene validation; ClinVar review; GWAS Catalog review; gnomAD population frequency; literature review	yes	yes	no	no	yes	yes	high	high	clinician_review_required	no	all rsIDs are externally unvalidated; disease risk claims require clinical evidence and regulatory approval	dbSNP validation; ClinVar review; GWAS replication; gnomAD frequency; clinical evidence review; regulatory approval	All genetic markers are externally unvalidated. No clinical, diagnostic, or treatment claims can be made. This is a candidate catalog for research review, not a clinical product. Disease risk reporting requires clinical validation, regulatory approval, and professional oversight.	
wg-2176	genetic_disease	Disease Risk (Sensitive)	complex_disease_risk	Dent Disease	Dent Disease (Genetic Association, Not Diagnostic)	3	rs151340620;rs151340621;rs151340630	CLCN5	structured_catalog_unvalidated	dbSNP/Ensembl validation; HGNC gene validation; ClinVar review; GWAS Catalog review; gnomAD population frequency; literature review	yes	yes	no	no	yes	yes	high	high	clinician_review_required	no	all rsIDs are externally unvalidated; disease risk claims require clinical evidence and regulatory approval	dbSNP validation; ClinVar review; GWAS replication; gnomAD frequency; clinical evidence review; regulatory approval	All genetic markers are externally unvalidated. No clinical, diagnostic, or treatment claims can be made. This is a candidate catalog for research review, not a clinical product. Disease risk reporting requires clinical validation, regulatory approval, and professional oversight.	
wg-1552	health_risk	Disease Risk (Sensitive)	complex_disease_risk	Dental Caries	Dental Caries	6	rs2046315;rs28822480;rs10486722;rs11672900;rs10048146;rs1079204	AAMP;PBX3	structured_catalog_unvalidated	dbSNP/Ensembl validation; HGNC gene validation; ClinVar review; GWAS Catalog review; gnomAD population frequency; literature review	yes	yes	no	no	yes	yes	high	high	clinician_review_required	no	all rsIDs are externally unvalidated; disease risk claims require clinical evidence and regulatory approval	dbSNP validation; ClinVar review; GWAS replication; gnomAD frequency; clinical evidence review; regulatory approval	All genetic markers are externally unvalidated. No clinical, diagnostic, or treatment claims can be made. This is a candidate catalog for research review, not a clinical product. Disease risk reporting requires clinical validation, regulatory approval, and professional oversight.	
wg-1550	health_risk	Disease Risk (Sensitive)	complex_disease_risk	Dental Retardation	Dental Retardation	7	rs997154;rs5936487;rs1956529;rs10740993;rs2281845;rs12424086;rs4491709	CACNB2;EDA;MSRB3;RAD51B	structured_catalog_unvalidated	dbSNP/Ensembl validation; HGNC gene validation; ClinVar review; GWAS Catalog review; gnomAD population frequency; literature review	yes	yes	no	no	yes	yes	high	high	clinician_review_required	no	all rsIDs are externally unvalidated; disease risk claims require clinical evidence and regulatory approval	dbSNP validation; ClinVar review; GWAS replication; gnomAD frequency; clinical evidence review; regulatory approval	All genetic markers are externally unvalidated. No clinical, diagnostic, or treatment claims can be made. This is a candidate catalog for research review, not a clinical product. Disease risk reporting requires clinical validation, regulatory approval, and professional oversight.	
wg-242	health_risk	Disease Risk (Sensitive)	complex_disease_risk	Depression	Depression	6	rs2267015;rs2156921;rs2267012;rs3761418;rs2267013;rs1360780	BCR;CYB561A3;FKBP5;RHEB;SORCS3	structured_catalog_unvalidated	dbSNP/Ensembl validation; HGNC gene validation; ClinVar review; GWAS Catalog review; gnomAD population frequency; literature review	yes	yes	no	no	yes	yes	high	high	clinician_review_required	no	all rsIDs are externally unvalidated; disease risk claims require clinical evidence and regulatory approval	dbSNP validation; ClinVar review; GWAS replication; gnomAD frequency; clinical evidence review; regulatory approval	All genetic markers are externally unvalidated. No clinical, diagnostic, or treatment claims can be made. This is a candidate catalog for research review, not a clinical product. Disease risk reporting requires clinical validation, regulatory approval, and professional oversight.	
wg-2177	genetic_disease	Disease Risk (Sensitive)	complex_disease_risk	Desbuquois Dysplasia	Desbuquois Dysplasia	3	rs267606701;rs538543007;rs587776897	CANT1	structured_catalog_unvalidated	dbSNP/Ensembl validation; HGNC gene validation; ClinVar review; GWAS Catalog review; gnomAD population frequency; literature review	yes	yes	no	no	yes	yes	high	high	clinician_review_required	no	all rsIDs are externally unvalidated; disease risk claims require clinical evidence and regulatory approval	dbSNP validation; ClinVar review; GWAS replication; gnomAD frequency; clinical evidence review; regulatory approval	All genetic markers are externally unvalidated. No clinical, diagnostic, or treatment claims can be made. This is a candidate catalog for research review, not a clinical product. Disease risk reporting requires clinical validation, regulatory approval, and professional oversight.	
wg-131	health_risk	Disease Risk (Sensitive)	complex_disease_risk	Developmental Dyslexia	Developmental Dyslexia	6	rs3765502;rs2274305;rs2255526;rs1079727;rs41012;rs761100	AUTS2;DCDC2;DRD2;KIAA0319	structured_catalog_unvalidated	dbSNP/Ensembl validation; HGNC gene validation; ClinVar review; GWAS Catalog review; gnomAD population frequency; literature review	yes	yes	no	no	yes	yes	high	high	clinician_review_required	no	all rsIDs are externally unvalidated; disease risk claims require clinical evidence and regulatory approval	dbSNP validation; ClinVar review; GWAS replication; gnomAD frequency; clinical evidence review; regulatory approval	All genetic markers are externally unvalidated. No clinical, diagnostic, or treatment claims can be made. This is a candidate catalog for research review, not a clinical product. Disease risk reporting requires clinical validation, regulatory approval, and professional oversight.	
wg-2000	genetic_disease	Disease Risk (Sensitive)	complex_disease_risk	Developmental and Epileptic Encephalopathy (DEE)	Developmental and Epileptic Encephalopathy (DEE)	5	rs11819;rs79605;rs1057516095;rs1057516098;rs1060502176	AHI1;CACNA1A;CC2D2A;CDKL5;CHD2;CLN3;CLN5;CLN8;INPP5E;KCNQ2;KIAA05;MFSD8;PCCA;PCCB;PCDH19;PPT1;RPGRIP1L;SCN2A;TMEM67;UQCRFS1	structured_catalog_unvalidated	dbSNP/Ensembl validation; HGNC gene validation; ClinVar review; GWAS Catalog review; gnomAD population frequency; literature review	yes	yes	no	no	yes	yes	high	high	clinician_review_required	no	all rsIDs are externally unvalidated; disease risk claims require clinical evidence and regulatory approval	dbSNP validation; ClinVar review; GWAS replication; gnomAD frequency; clinical evidence review; regulatory approval	All genetic markers are externally unvalidated. No clinical, diagnostic, or treatment claims can be made. This is a candidate catalog for research review, not a clinical product. Disease risk reporting requires clinical validation, regulatory approval, and professional oversight.	
wg-2178	genetic_disease	Disease Risk (Sensitive)	complex_disease_risk	Diamond-Blackfan Anemia (DBA)	Diamond-Blackfan Anemia (DBA)	4	rs61762;rs116840808;rs116840809;rs1555524354	RPS19;RPS26	structured_catalog_unvalidated	dbSNP/Ensembl validation; HGNC gene validation; ClinVar review; GWAS Catalog review; gnomAD population frequency; literature review	yes	yes	no	no	yes	yes	high	high	clinician_review_required	no	all rsIDs are externally unvalidated; disease risk claims require clinical evidence and regulatory approval	dbSNP validation; ClinVar review; GWAS replication; gnomAD frequency; clinical evidence review; regulatory approval	All genetic markers are externally unvalidated. No clinical, diagnostic, or treatment claims can be made. This is a candidate catalog for research review, not a clinical product. Disease risk reporting requires clinical validation, regulatory approval, and professional oversight.	
wg-2016	genetic_disease	Disease Risk (Sensitive)	complex_disease_risk	Diastrophic Dysplasia	Diastrophic Dysplasia	2	rs104893916;rs786200881	SLC26A2	structured_catalog_unvalidated	dbSNP/Ensembl validation; HGNC gene validation; ClinVar review; GWAS Catalog review; gnomAD population frequency; literature review	yes	yes	no	no	yes	yes	high	high	clinician_review_required	no	all rsIDs are externally unvalidated; disease risk claims require clinical evidence and regulatory approval	dbSNP validation; ClinVar review; GWAS replication; gnomAD frequency; clinical evidence review; regulatory approval	All genetic markers are externally unvalidated. No clinical, diagnostic, or treatment claims can be made. This is a candidate catalog for research review, not a clinical product. Disease risk reporting requires clinical validation, regulatory approval, and professional oversight.	
wg-2271	exposure_risk	Disease Risk (Sensitive)	complex_disease_risk	Dietary Sodium	Dietary Sodium	1	rs8022678		structured_catalog_unvalidated	dbSNP/Ensembl validation; HGNC gene validation; ClinVar review; GWAS Catalog review; gnomAD population frequency; literature review	yes	yes	no	no	yes	yes	high	high	clinician_review_required	no	all rsIDs are externally unvalidated; disease risk claims require clinical evidence and regulatory approval	dbSNP validation; ClinVar review; GWAS replication; gnomAD frequency; clinical evidence review; regulatory approval	All genetic markers are externally unvalidated. No clinical, diagnostic, or treatment claims can be made. This is a candidate catalog for research review, not a clinical product. Disease risk reporting requires clinical validation, regulatory approval, and professional oversight.	
wg-1733	genetic_disease	Disease Risk (Sensitive)	complex_disease_risk	Dilated Cardiomyopathy	Dilated Cardiomyopathy	0			no_rsids	dbSNP/Ensembl validation; HGNC gene validation; ClinVar review; GWAS Catalog review; gnomAD population frequency; literature review	yes	no	no	no	no	no	high	high	clinician_review_required	no	all rsIDs are externally unvalidated; disease risk claims require clinical evidence and regulatory approval; no genetic markers identified	dbSNP validation; ClinVar review; GWAS replication; gnomAD frequency; clinical evidence review; regulatory approval	All genetic markers are externally unvalidated. No clinical, diagnostic, or treatment claims can be made. This is a candidate catalog for research review, not a clinical product. Disease risk reporting requires clinical validation, regulatory approval, and professional oversight.	No rsIDs linked to this trait.
wg-2137	genetic_disease	Disease Risk (Sensitive)	complex_disease_risk	Distal Myopathy with Anterior Tibial Onset (DMAT)	Distal Myopathy with Anterior Tibial Onset (DMAT)	1	rs398123773	DYSF	structured_catalog_unvalidated	dbSNP/Ensembl validation; HGNC gene validation; ClinVar review; GWAS Catalog review; gnomAD population frequency; literature review	yes	yes	no	no	yes	yes	high	high	clinician_review_required	no	all rsIDs are externally unvalidated; disease risk claims require clinical evidence and regulatory approval	dbSNP validation; ClinVar review; GWAS replication; gnomAD frequency; clinical evidence review; regulatory approval	All genetic markers are externally unvalidated. No clinical, diagnostic, or treatment claims can be made. This is a candidate catalog for research review, not a clinical product. Disease risk reporting requires clinical validation, regulatory approval, and professional oversight.	
wg-2248	exposure_risk	Disease Risk (Sensitive)	complex_disease_risk	Dogs	Dogs	1	rs2305480	GSDMB	structured_catalog_unvalidated	dbSNP/Ensembl validation; HGNC gene validation; ClinVar review; GWAS Catalog review; gnomAD population frequency; literature review	yes	yes	no	no	yes	yes	high	high	clinician_review_required	no	all rsIDs are externally unvalidated; disease risk claims require clinical evidence and regulatory approval	dbSNP validation; ClinVar review; GWAS replication; gnomAD frequency; clinical evidence review; regulatory approval	All genetic markers are externally unvalidated. No clinical, diagnostic, or treatment claims can be made. This is a candidate catalog for research review, not a clinical product. Disease risk reporting requires clinical validation, regulatory approval, and professional oversight.	
wg-1940	lifestyle_guidance	Wellness & Fitness	complex_disease_risk	Drinking x Bladder Cancer	Drinking x Bladder Cancer (Genetic Association, Not Diagnostic)	2	rs671;rs755622	ADH1B;ADH1C;ALDH2;APC;APOE;CYP1A1;EPHX1;GSTP1;HMBS;MIF;MTHFR;PNPLA3;SERPINA1	structured_catalog_unvalidated	dbSNP/Ensembl validation; HGNC gene validation; ClinVar review; GWAS Catalog review; gnomAD population frequency; literature review	yes	yes	no	no	yes	yes	high	high	clinician_review_required	no	all rsIDs are externally unvalidated; disease risk claims require clinical evidence and regulatory approval	dbSNP validation; ClinVar review; GWAS replication; gnomAD frequency; clinical evidence review; regulatory approval	All genetic markers are externally unvalidated. No clinical, diagnostic, or treatment claims can be made. This is a candidate catalog for research review, not a clinical product. Disease risk reporting requires clinical validation, regulatory approval, and professional oversight.	 QC downgraded from Tier A to Tier C.
wg-1942	lifestyle_guidance	Wellness & Fitness	complex_disease_risk	Drinking x CHD	Drinking x CHD	3	rs36071027;rs854560;rs1800795	ADIPO;NOS3;NPC1;PON1	structured_catalog_unvalidated	dbSNP/Ensembl validation; HGNC gene validation; ClinVar review; GWAS Catalog review; gnomAD population frequency; literature review	yes	yes	no	no	yes	yes	high	high	clinician_review_required	no	all rsIDs are externally unvalidated; disease risk claims require clinical evidence and regulatory approval	dbSNP validation; ClinVar review; GWAS replication; gnomAD frequency; clinical evidence review; regulatory approval	All genetic markers are externally unvalidated. No clinical, diagnostic, or treatment claims can be made. This is a candidate catalog for research review, not a clinical product. Disease risk reporting requires clinical validation, regulatory approval, and professional oversight.	 QC downgraded from Tier A to Tier C.
wg-1941	lifestyle_guidance	Wellness & Fitness	complex_disease_risk	Drinking x Colorectal Cancer	Drinking x Colorectal Cancer (Genetic Association, Not Diagnostic)	5	rs12299;rs18007;rs671;rs1804197;rs1801133	ADA;ADAMTS1;ADH1B;ADH1C;ALDH2;APC;APOE;CHRNA;COMT;CYP1A1;CYP1B1;CYP4A1;CYP4A11;EPHX1;GNAS;GSTP1;HMBS;IL1B;MIF;MLH1;MMP9;MTHFR;MTRR;NAT2;NLRP3;PER2;PNPLA3;SELE;SERPINA1;SYK	structured_catalog_unvalidated	dbSNP/Ensembl validation; HGNC gene validation; ClinVar review; GWAS Catalog review; gnomAD population frequency; literature review	yes	yes	no	no	yes	yes	high	high	clinician_review_required	no	all rsIDs are externally unvalidated; disease risk claims require clinical evidence and regulatory approval	dbSNP validation; ClinVar review; GWAS replication; gnomAD frequency; clinical evidence review; regulatory approval	All genetic markers are externally unvalidated. No clinical, diagnostic, or treatment claims can be made. This is a candidate catalog for research review, not a clinical product. Disease risk reporting requires clinical validation, regulatory approval, and professional oversight.	 QC downgraded from Tier A to Tier C.
wg-1938	lifestyle_guidance	Wellness & Fitness	complex_disease_risk	Drinking x Esophagus Cancer	Drinking x Esophagus Cancer (Genetic Association, Not Diagnostic)	6	rs10420;rs10517;rs1229984;rs4646903;rs671;rs3805322	ADH1B;ADH1C;ALDH2;APC;APOE;CYP1A1;EPHX1;EXO1;GSTP1;HMBS;MIF;MIR1273;MIR1273H;MTHFR;PNPLA3;SERPINA1;SLC6A3;TAS2R38;TERT;WTAPP1	structured_catalog_unvalidated	dbSNP/Ensembl validation; HGNC gene validation; ClinVar review; GWAS Catalog review; gnomAD population frequency; literature review	yes	yes	no	no	yes	yes	high	high	clinician_review_required	no	all rsIDs are externally unvalidated; disease risk claims require clinical evidence and regulatory approval	dbSNP validation; ClinVar review; GWAS replication; gnomAD frequency; clinical evidence review; regulatory approval	All genetic markers are externally unvalidated. No clinical, diagnostic, or treatment claims can be made. This is a candidate catalog for research review, not a clinical product. Disease risk reporting requires clinical validation, regulatory approval, and professional oversight.	 QC downgraded from Tier A to Tier C.
wg-1943	lifestyle_guidance	Wellness & Fitness	complex_disease_risk	Drinking x Hypertension	Drinking x Hypertension	6	rs10826;rs4551304;rs99280;rs9286060;rs2409784;rs1799998	BLK;CYP11B;CYP11B2;FTO;FTOAA;GATA4;PINX1	structured_catalog_unvalidated	dbSNP/Ensembl validation; HGNC gene validation; ClinVar review; GWAS Catalog review; gnomAD population frequency; literature review	yes	yes	no	no	yes	yes	high	high	clinician_review_required	no	all rsIDs are externally unvalidated; disease risk claims require clinical evidence and regulatory approval	dbSNP validation; ClinVar review; GWAS replication; gnomAD frequency; clinical evidence review; regulatory approval	All genetic markers are externally unvalidated. No clinical, diagnostic, or treatment claims can be made. This is a candidate catalog for research review, not a clinical product. Disease risk reporting requires clinical validation, regulatory approval, and professional oversight.	 QC downgraded from Tier A to Tier C.
wg-1944	lifestyle_guidance	Wellness & Fitness	complex_disease_risk	Drinking x Lung Cancer	Drinking x Lung Cancer (Genetic Association, Not Diagnostic)	3	rs1801133;rs4680;rs2031920	ADA;ADAMTS1;ADH1B;ALDH2;APC;APOE;CHRNA;COMT;CYP4A1;CYP4A11;DARS2;DRD3;FAAH;GNAS;GPM6B;IL1B;MAML3;MMP9;MTHFR;MTRR;NLRP3;PER2;RABGAP1;RAPGEF6;RERE;SELE;SLC6A3;SYK	structured_catalog_unvalidated	dbSNP/Ensembl validation; HGNC gene validation; ClinVar review; GWAS Catalog review; gnomAD population frequency; literature review	yes	yes	no	no	yes	yes	high	high	clinician_review_required	no	all rsIDs are externally unvalidated; disease risk claims require clinical evidence and regulatory approval	dbSNP validation; ClinVar review; GWAS replication; gnomAD frequency; clinical evidence review; regulatory approval	All genetic markers are externally unvalidated. No clinical, diagnostic, or treatment claims can be made. This is a candidate catalog for research review, not a clinical product. Disease risk reporting requires clinical validation, regulatory approval, and professional oversight.	 QC downgraded from Tier A to Tier C.
wg-2179	genetic_disease	Disease Risk (Sensitive)	complex_disease_risk	Duane Syndrome (DS)	Duane Syndrome (DS) (Genetic Association, Not Diagnostic)	2	rs879255275;rs879255277	MAFB	structured_catalog_unvalidated	dbSNP/Ensembl validation; HGNC gene validation; ClinVar review; GWAS Catalog review; gnomAD population frequency; literature review	yes	yes	no	no	yes	yes	high	high	clinician_review_required	no	all rsIDs are externally unvalidated; disease risk claims require clinical evidence and regulatory approval	dbSNP validation; ClinVar review; GWAS replication; gnomAD frequency; clinical evidence review; regulatory approval	All genetic markers are externally unvalidated. No clinical, diagnostic, or treatment claims can be made. This is a candidate catalog for research review, not a clinical product. Disease risk reporting requires clinical validation, regulatory approval, and professional oversight.	
wg-2256	exposure_risk	Disease Risk (Sensitive)	complex_disease_risk	Dust Mites	Dust Mites	1	rs2395185	BSN;CCHCR1;FCGR2A;ICAM1;IL23R;NOS3;TLR2	structured_catalog_unvalidated	dbSNP/Ensembl validation; HGNC gene validation; ClinVar review; GWAS Catalog review; gnomAD population frequency; literature review	yes	yes	no	no	yes	yes	high	high	clinician_review_required	no	all rsIDs are externally unvalidated; disease risk claims require clinical evidence and regulatory approval	dbSNP validation; ClinVar review; GWAS replication; gnomAD frequency; clinical evidence review; regulatory approval	All genetic markers are externally unvalidated. No clinical, diagnostic, or treatment claims can be made. This is a candidate catalog for research review, not a clinical product. Disease risk reporting requires clinical validation, regulatory approval, and professional oversight.	
wg-2103	genetic_disease	Disease Risk (Sensitive)	complex_disease_risk	Dyskeratosis Congenita (DC)	Dyskeratosis Congenita (DC)	5	rs86322;rs199473679;rs121912288;rs121912289;rs121912293	BBS1;BBS10;BBS12;BBS2;BBS9;CNGB3;CRX;CTC1;DKC1;DMD;GPHN;RD3;RTEL1;TERT;TINF2;TRIM32	structured_catalog_unvalidated	dbSNP/Ensembl validation; HGNC gene validation; ClinVar review; GWAS Catalog review; gnomAD population frequency; literature review	yes	yes	no	no	yes	yes	high	high	clinician_review_required	no	all rsIDs are externally unvalidated; disease risk claims require clinical evidence and regulatory approval	dbSNP validation; ClinVar review; GWAS replication; gnomAD frequency; clinical evidence review; regulatory approval	All genetic markers are externally unvalidated. No clinical, diagnostic, or treatment claims can be made. This is a candidate catalog for research review, not a clinical product. Disease risk reporting requires clinical validation, regulatory approval, and professional oversight.	
wg-1588	genetic_disease	Disease Risk (Sensitive)	complex_disease_risk	Early-Onset Alzheimer's Disease	Early-Onset Alzheimer's Disease (Genetic Association, Not Diagnostic)	5	rs28936;rs63751;rs63749824;rs63749885;rs63750666	ABCA3;ACVRL1;APP;GDF5;HOXD1;HOXD13;PSEN1;PSEN2	structured_catalog_unvalidated	dbSNP/Ensembl validation; HGNC gene validation; ClinVar review; GWAS Catalog review; gnomAD population frequency; literature review	yes	yes	no	no	yes	yes	high	high	clinician_review_required	no	all rsIDs are externally unvalidated; disease risk claims require clinical evidence and regulatory approval	dbSNP validation; ClinVar review; GWAS replication; gnomAD frequency; clinical evidence review; regulatory approval	All genetic markers are externally unvalidated. No clinical, diagnostic, or treatment claims can be made. This is a candidate catalog for research review, not a clinical product. Disease risk reporting requires clinical validation, regulatory approval, and professional oversight.	
wg-2090	genetic_disease	Disease Risk (Sensitive)	complex_disease_risk	Elliptocytosis	Elliptocytosis	3	rs121918634;rs121918638;rs121918641	SPTA1;SPTB	structured_catalog_unvalidated	dbSNP/Ensembl validation; HGNC gene validation; ClinVar review; GWAS Catalog review; gnomAD population frequency; literature review	yes	yes	no	no	yes	yes	high	high	clinician_review_required	no	all rsIDs are externally unvalidated; disease risk claims require clinical evidence and regulatory approval	dbSNP validation; ClinVar review; GWAS replication; gnomAD frequency; clinical evidence review; regulatory approval	All genetic markers are externally unvalidated. No clinical, diagnostic, or treatment claims can be made. This is a candidate catalog for research review, not a clinical product. Disease risk reporting requires clinical validation, regulatory approval, and professional oversight.	
wg-2181	genetic_disease	Disease Risk (Sensitive)	complex_disease_risk	Ellis-van Creveld Syndrome (EVC)	Ellis-van Creveld Syndrome (EVC) (Genetic Association, Not Diagnostic)	3	rs750396637;rs751356206;rs794726665	EVC;EVC2	structured_catalog_unvalidated	dbSNP/Ensembl validation; HGNC gene validation; ClinVar review; GWAS Catalog review; gnomAD population frequency; literature review	yes	yes	no	no	yes	yes	high	high	clinician_review_required	no	all rsIDs are externally unvalidated; disease risk claims require clinical evidence and regulatory approval	dbSNP validation; ClinVar review; GWAS replication; gnomAD frequency; clinical evidence review; regulatory approval	All genetic markers are externally unvalidated. No clinical, diagnostic, or treatment claims can be made. This is a candidate catalog for research review, not a clinical product. Disease risk reporting requires clinical validation, regulatory approval, and professional oversight.	
wg-2261	exposure_risk	Disease Risk (Sensitive)	complex_disease_risk	Endotoxins	Endotoxins	4	rs2915863;rs2569191;rs2569190;rs10808798	CD14	structured_catalog_unvalidated	dbSNP/Ensembl validation; HGNC gene validation; ClinVar review; GWAS Catalog review; gnomAD population frequency; literature review	yes	yes	no	no	yes	yes	high	high	clinician_review_required	no	all rsIDs are externally unvalidated; disease risk claims require clinical evidence and regulatory approval	dbSNP validation; ClinVar review; GWAS replication; gnomAD frequency; clinical evidence review; regulatory approval	All genetic markers are externally unvalidated. No clinical, diagnostic, or treatment claims can be made. This is a candidate catalog for research review, not a clinical product. Disease risk reporting requires clinical validation, regulatory approval, and professional oversight.	
wg-1962	infection_risk	Disease Risk (Sensitive)	complex_disease_risk	Entamoeba Infection	Entamoeba Infection	1	rs58994923	CREM	structured_catalog_unvalidated	dbSNP/Ensembl validation; HGNC gene validation; ClinVar review; GWAS Catalog review; gnomAD population frequency; literature review	yes	yes	no	no	yes	yes	high	high	clinician_review_required	no	all rsIDs are externally unvalidated; disease risk claims require clinical evidence and regulatory approval	dbSNP validation; ClinVar review; GWAS replication; gnomAD frequency; clinical evidence review; regulatory approval	All genetic markers are externally unvalidated. No clinical, diagnostic, or treatment claims can be made. This is a candidate catalog for research review, not a clinical product. Disease risk reporting requires clinical validation, regulatory approval, and professional oversight.	
wg-1988	genetic_disease	Disease Risk (Sensitive)	complex_disease_risk	Epidermolysis Bullosa (EB)	Epidermolysis Bullosa (EB)	4	rs88605;rs1057516241;rs1057516486;rs121912839	COL7A1;KRT5;LAMB3;LAMC2	structured_catalog_unvalidated	dbSNP/Ensembl validation; HGNC gene validation; ClinVar review; GWAS Catalog review; gnomAD population frequency; literature review	yes	yes	no	no	yes	yes	high	high	clinician_review_required	no	all rsIDs are externally unvalidated; disease risk claims require clinical evidence and regulatory approval	dbSNP validation; ClinVar review; GWAS replication; gnomAD frequency; clinical evidence review; regulatory approval	All genetic markers are externally unvalidated. No clinical, diagnostic, or treatment claims can be made. This is a candidate catalog for research review, not a clinical product. Disease risk reporting requires clinical validation, regulatory approval, and professional oversight.	
wg-48	health_risk	Disease Risk (Sensitive)	complex_disease_risk	Esophageal Cancer	Esophageal Cancer (Genetic Association, Not Diagnostic)	5	rs2074356;rs130079;rs1041981;rs1050631;rs2274223	AGER;CCHCR1;CYP26B1;HECTD4;IL17A;LTA;MPO;PLCE1;PSCA;SERPINE1;SLC39A6;TCN2;TNXB	structured_catalog_unvalidated	dbSNP/Ensembl validation; HGNC gene validation; ClinVar review; GWAS Catalog review; gnomAD population frequency; literature review	yes	yes	no	no	yes	yes	high	high	clinician_review_required	no	all rsIDs are externally unvalidated; disease risk claims require clinical evidence and regulatory approval	dbSNP validation; ClinVar review; GWAS replication; gnomAD frequency; clinical evidence review; regulatory approval	All genetic markers are externally unvalidated. No clinical, diagnostic, or treatment claims can be made. This is a candidate catalog for research review, not a clinical product. Disease risk reporting requires clinical validation, regulatory approval, and professional oversight.	
wg-132	health_risk	Disease Risk (Sensitive)	complex_disease_risk	Essential Tremor	Essential Tremor	0			no_rsids	dbSNP/Ensembl validation; HGNC gene validation; ClinVar review; GWAS Catalog review; gnomAD population frequency; literature review	yes	no	no	no	no	no	high	high	clinician_review_required	no	all rsIDs are externally unvalidated; disease risk claims require clinical evidence and regulatory approval; no genetic markers identified	dbSNP validation; ClinVar review; GWAS replication; gnomAD frequency; clinical evidence review; regulatory approval	All genetic markers are externally unvalidated. No clinical, diagnostic, or treatment claims can be made. This is a candidate catalog for research review, not a clinical product. Disease risk reporting requires clinical validation, regulatory approval, and professional oversight.	No rsIDs linked to this trait.
wg-2184	genetic_disease	Disease Risk (Sensitive)	complex_disease_risk	FG Syndrome	FG Syndrome (Genetic Association, Not Diagnostic)	2	rs387907360;rs398122844	CASK;MED12	structured_catalog_unvalidated	dbSNP/Ensembl validation; HGNC gene validation; ClinVar review; GWAS Catalog review; gnomAD population frequency; literature review	yes	yes	no	no	yes	yes	high	high	clinician_review_required	no	all rsIDs are externally unvalidated; disease risk claims require clinical evidence and regulatory approval	dbSNP validation; ClinVar review; GWAS replication; gnomAD frequency; clinical evidence review; regulatory approval	All genetic markers are externally unvalidated. No clinical, diagnostic, or treatment claims can be made. This is a candidate catalog for research review, not a clinical product. Disease risk reporting requires clinical validation, regulatory approval, and professional oversight.	
wg-2182	genetic_disease	Disease Risk (Sensitive)	complex_disease_risk	Fabry Disease	Fabry Disease (Genetic Association, Not Diagnostic)	4	rs86931;rs104894828;rs104894830;rs104894831	GLA	structured_catalog_unvalidated	dbSNP/Ensembl validation; HGNC gene validation; ClinVar review; GWAS Catalog review; gnomAD population frequency; literature review	yes	yes	no	no	yes	yes	high	high	clinician_review_required	no	all rsIDs are externally unvalidated; disease risk claims require clinical evidence and regulatory approval	dbSNP validation; ClinVar review; GWAS replication; gnomAD frequency; clinical evidence review; regulatory approval	All genetic markers are externally unvalidated. No clinical, diagnostic, or treatment claims can be made. This is a candidate catalog for research review, not a clinical product. Disease risk reporting requires clinical validation, regulatory approval, and professional oversight.	
wg-2028	genetic_disease	Disease Risk (Sensitive)	complex_disease_risk	Familial Amyotrophic Lateral Sclerosis (FALS)	Familial Amyotrophic Lateral Sclerosis (FALS)	4	rs38613;rs121912443;rs199947197;rs200793464	ALS2;LMNA;NEK1;SOD1;SPG11	structured_catalog_unvalidated	dbSNP/Ensembl validation; HGNC gene validation; ClinVar review; GWAS Catalog review; gnomAD population frequency; literature review	yes	yes	no	no	yes	yes	high	high	clinician_review_required	no	all rsIDs are externally unvalidated; disease risk claims require clinical evidence and regulatory approval	dbSNP validation; ClinVar review; GWAS replication; gnomAD frequency; clinical evidence review; regulatory approval	All genetic markers are externally unvalidated. No clinical, diagnostic, or treatment claims can be made. This is a candidate catalog for research review, not a clinical product. Disease risk reporting requires clinical validation, regulatory approval, and professional oversight.	
wg-1745	genetic_disease	Disease Risk (Sensitive)	complex_disease_risk	Familial Atrial Fibrillation	Familial Atrial Fibrillation	3	rs12007;rs12143;rs12190	ABCA3;ACVRL1;ATM;BRAF;CASQ2;DSP;FOXI1;GJA5;HCN4;KCNA5;KCNQ1;MYBPC;MYH7;PEX1;PEX6;PKP2;RYR2;SCN5A;SLC25A;SLC25A15;SLC26A;SLC26A4;TNNT2;TPM1;TRDN	structured_catalog_unvalidated	dbSNP/Ensembl validation; HGNC gene validation; ClinVar review; GWAS Catalog review; gnomAD population frequency; literature review	yes	yes	no	no	yes	yes	high	high	clinician_review_required	no	all rsIDs are externally unvalidated; disease risk claims require clinical evidence and regulatory approval	dbSNP validation; ClinVar review; GWAS replication; gnomAD frequency; clinical evidence review; regulatory approval	All genetic markers are externally unvalidated. No clinical, diagnostic, or treatment claims can be made. This is a candidate catalog for research review, not a clinical product. Disease risk reporting requires clinical validation, regulatory approval, and professional oversight.	
wg-2026	genetic_disease	Disease Risk (Sensitive)	complex_disease_risk	Familial Cold Autoinflammatory Syndrome (FCAS)	Familial Cold Autoinflammatory Syndrome (FCAS) (Genetic Association, Not Diagnostic)	3	rs121908146;rs121908149;rs121908150	NLRC4;NLRP3	structured_catalog_unvalidated	dbSNP/Ensembl validation; HGNC gene validation; ClinVar review; GWAS Catalog review; gnomAD population frequency; literature review	yes	yes	no	no	yes	yes	high	high	clinician_review_required	no	all rsIDs are externally unvalidated; disease risk claims require clinical evidence and regulatory approval	dbSNP validation; ClinVar review; GWAS replication; gnomAD frequency; clinical evidence review; regulatory approval	All genetic markers are externally unvalidated. No clinical, diagnostic, or treatment claims can be made. This is a candidate catalog for research review, not a clinical product. Disease risk reporting requires clinical validation, regulatory approval, and professional oversight.	
wg-2030	genetic_disease	Disease Risk (Sensitive)	complex_disease_risk	Familial Dysautonomia (FD)	Familial Dysautonomia (FD)	1	rs28939712	ELP1;IKBKAP	structured_catalog_unvalidated	dbSNP/Ensembl validation; HGNC gene validation; ClinVar review; GWAS Catalog review; gnomAD population frequency; literature review	yes	yes	no	no	yes	yes	high	high	clinician_review_required	no	all rsIDs are externally unvalidated; disease risk claims require clinical evidence and regulatory approval	dbSNP validation; ClinVar review; GWAS replication; gnomAD frequency; clinical evidence review; regulatory approval	All genetic markers are externally unvalidated. No clinical, diagnostic, or treatment claims can be made. This is a candidate catalog for research review, not a clinical product. Disease risk reporting requires clinical validation, regulatory approval, and professional oversight.	
wg-2029	genetic_disease	Disease Risk (Sensitive)	complex_disease_risk	Familial Exudative Vitreoretinopathy (FEVR)	Familial Exudative Vitreoretinopathy (FEVR)	1	rs80358284	FZD4	structured_catalog_unvalidated	dbSNP/Ensembl validation; HGNC gene validation; ClinVar review; GWAS Catalog review; gnomAD population frequency; literature review	yes	yes	no	no	yes	yes	high	high	clinician_review_required	no	all rsIDs are externally unvalidated; disease risk claims require clinical evidence and regulatory approval	dbSNP validation; ClinVar review; GWAS replication; gnomAD frequency; clinical evidence review; regulatory approval	All genetic markers are externally unvalidated. No clinical, diagnostic, or treatment claims can be made. This is a candidate catalog for research review, not a clinical product. Disease risk reporting requires clinical validation, regulatory approval, and professional oversight.	
wg-186	genetic_disease	Disease Risk (Sensitive)	complex_disease_risk	Familial Hypercholesterolemia Type B	Familial Hypercholesterolemia Type B	3	rs12713559;rs144467873;rs112029328	APOB	structured_catalog_unvalidated	dbSNP/Ensembl validation; HGNC gene validation; ClinVar review; GWAS Catalog review; gnomAD population frequency; literature review	yes	yes	no	no	yes	yes	high	high	clinician_review_required	no	all rsIDs are externally unvalidated; disease risk claims require clinical evidence and regulatory approval	dbSNP validation; ClinVar review; GWAS replication; gnomAD frequency; clinical evidence review; regulatory approval	All genetic markers are externally unvalidated. No clinical, diagnostic, or treatment claims can be made. This is a candidate catalog for research review, not a clinical product. Disease risk reporting requires clinical validation, regulatory approval, and professional oversight.	
wg-2024	genetic_disease	Disease Risk (Sensitive)	complex_disease_risk	Familial Partial Lipodystrophy (FPL)	Familial Partial Lipodystrophy (FPL)	2	rs121909246;rs72551362	PPARG	structured_catalog_unvalidated	dbSNP/Ensembl validation; HGNC gene validation; ClinVar review; GWAS Catalog review; gnomAD population frequency; literature review	yes	yes	no	no	yes	yes	high	high	clinician_review_required	no	all rsIDs are externally unvalidated; disease risk claims require clinical evidence and regulatory approval	dbSNP validation; ClinVar review; GWAS replication; gnomAD frequency; clinical evidence review; regulatory approval	All genetic markers are externally unvalidated. No clinical, diagnostic, or treatment claims can be made. This is a candidate catalog for research review, not a clinical product. Disease risk reporting requires clinical validation, regulatory approval, and professional oversight.	
wg-1732	genetic_disease	Disease Risk (Sensitive)	complex_disease_risk	Familial Thoracic Aortic Aneurysm	Familial Thoracic Aortic Aneurysm	2	rs11290;rs39751	ACTA2;APC;BTD;CLPB;LOX;MYH11;MYLK;PRKG1;SERAC1;SLC26A;SLC26A4;TAFAZZIN	structured_catalog_unvalidated	dbSNP/Ensembl validation; HGNC gene validation; ClinVar review; GWAS Catalog review; gnomAD population frequency; literature review	yes	yes	no	no	yes	yes	high	high	clinician_review_required	no	all rsIDs are externally unvalidated; disease risk claims require clinical evidence and regulatory approval	dbSNP validation; ClinVar review; GWAS replication; gnomAD frequency; clinical evidence review; regulatory approval	All genetic markers are externally unvalidated. No clinical, diagnostic, or treatment claims can be made. This is a candidate catalog for research review, not a clinical product. Disease risk reporting requires clinical validation, regulatory approval, and professional oversight.	
wg-2027	genetic_disease	Disease Risk (Sensitive)	complex_disease_risk	Familial erythrocytosis	Familial erythrocytosis	4	rs34690;rs33914668;rs33971440;rs34282684	HBB	structured_catalog_unvalidated	dbSNP/Ensembl validation; HGNC gene validation; ClinVar review; GWAS Catalog review; gnomAD population frequency; literature review	yes	yes	no	no	yes	yes	high	high	clinician_review_required	no	all rsIDs are externally unvalidated; disease risk claims require clinical evidence and regulatory approval	dbSNP validation; ClinVar review; GWAS replication; gnomAD frequency; clinical evidence review; regulatory approval	All genetic markers are externally unvalidated. No clinical, diagnostic, or treatment claims can be made. This is a candidate catalog for research review, not a clinical product. Disease risk reporting requires clinical validation, regulatory approval, and professional oversight.	
wg-17	genetic_characteristics	Other/Unclassified	complex_disease_risk	Fasting Plasma Glucose Levels	Fasting Plasma Glucose Levels	1	rs560887	G6PC2	structured_catalog_unvalidated	dbSNP/Ensembl validation; HGNC gene validation; ClinVar review; GWAS Catalog review; gnomAD population frequency; literature review	yes	yes	no	no	yes	yes	high	high	clinician_review_required	no	all rsIDs are externally unvalidated; disease risk claims require clinical evidence and regulatory approval	dbSNP validation; ClinVar review; GWAS replication; gnomAD frequency; clinical evidence review; regulatory approval	All genetic markers are externally unvalidated. No clinical, diagnostic, or treatment claims can be made. This is a candidate catalog for research review, not a clinical product. Disease risk reporting requires clinical validation, regulatory approval, and professional oversight.	 QC downgraded from Tier A to Tier C.
wg-2135	genetic_disease	Disease Risk (Sensitive)	complex_disease_risk	Fish-Eye Disease (FED)	Fish-Eye Disease (FED) (Genetic Association, Not Diagnostic)	1	rs121908053	LCAT	structured_catalog_unvalidated	dbSNP/Ensembl validation; HGNC gene validation; ClinVar review; GWAS Catalog review; gnomAD population frequency; literature review	yes	yes	no	no	yes	yes	high	high	clinician_review_required	no	all rsIDs are externally unvalidated; disease risk claims require clinical evidence and regulatory approval	dbSNP validation; ClinVar review; GWAS replication; gnomAD frequency; clinical evidence review; regulatory approval	All genetic markers are externally unvalidated. No clinical, diagnostic, or treatment claims can be made. This is a candidate catalog for research review, not a clinical product. Disease risk reporting requires clinical validation, regulatory approval, and professional oversight.	
wg-2185	genetic_disease	Disease Risk (Sensitive)	complex_disease_risk	Floating-Harbor Syndrome (FHS)	Floating-Harbor Syndrome (FHS) (Genetic Association, Not Diagnostic)	3	rs199469464;rs199469465;rs587784444	SRCAP	structured_catalog_unvalidated	dbSNP/Ensembl validation; HGNC gene validation; ClinVar review; GWAS Catalog review; gnomAD population frequency; literature review	yes	yes	no	no	yes	yes	high	high	clinician_review_required	no	all rsIDs are externally unvalidated; disease risk claims require clinical evidence and regulatory approval	dbSNP validation; ClinVar review; GWAS replication; gnomAD frequency; clinical evidence review; regulatory approval	All genetic markers are externally unvalidated. No clinical, diagnostic, or treatment claims can be made. This is a candidate catalog for research review, not a clinical product. Disease risk reporting requires clinical validation, regulatory approval, and professional oversight.	
wg-2043	genetic_disease	Disease Risk (Sensitive)	complex_disease_risk	Focal Segmental Glomerulosclerosis (FSGS)	Focal Segmental Glomerulosclerosis (FSGS)	3	rs121907909;rs267607183;rs387907037	INF2;WT1	structured_catalog_unvalidated	dbSNP/Ensembl validation; HGNC gene validation; ClinVar review; GWAS Catalog review; gnomAD population frequency; literature review	yes	yes	no	no	yes	yes	high	high	clinician_review_required	no	all rsIDs are externally unvalidated; disease risk claims require clinical evidence and regulatory approval	dbSNP validation; ClinVar review; GWAS replication; gnomAD frequency; clinical evidence review; regulatory approval	All genetic markers are externally unvalidated. No clinical, diagnostic, or treatment claims can be made. This is a candidate catalog for research review, not a clinical product. Disease risk reporting requires clinical validation, regulatory approval, and professional oversight.	
wg-73	health_risk	Disease Risk (Sensitive)	complex_disease_risk	Follicular Lymphoma	Follicular Lymphoma	6	rs6457327;rs13254990;rs6444305;rs12195582;rs4938573;rs10484561	LPP;PVT1	structured_catalog_unvalidated	dbSNP/Ensembl validation; HGNC gene validation; ClinVar review; GWAS Catalog review; gnomAD population frequency; literature review	yes	yes	no	no	yes	yes	high	high	clinician_review_required	no	all rsIDs are externally unvalidated; disease risk claims require clinical evidence and regulatory approval	dbSNP validation; ClinVar review; GWAS replication; gnomAD frequency; clinical evidence review; regulatory approval	All genetic markers are externally unvalidated. No clinical, diagnostic, or treatment claims can be made. This is a candidate catalog for research review, not a clinical product. Disease risk reporting requires clinical validation, regulatory approval, and professional oversight.	
wg-2301	genetic_tendency	Other/Unclassified	complex_disease_risk	Frailty Tendency	Frailty Tendency	6	rs13107;rs99532;rs10828;rs1363103;rs3959554;rs6751993	AIF1;BCL11A;FTO;PJA1;PPARD;PVRL2;SLC39A;SLC39A8	structured_catalog_unvalidated	dbSNP/Ensembl validation; HGNC gene validation; ClinVar review; GWAS Catalog review; gnomAD population frequency; literature review	yes	yes	no	no	yes	yes	high	high	clinician_review_required	no	all rsIDs are externally unvalidated; disease risk claims require clinical evidence and regulatory approval	dbSNP validation; ClinVar review; GWAS replication; gnomAD frequency; clinical evidence review; regulatory approval	All genetic markers are externally unvalidated. No clinical, diagnostic, or treatment claims can be made. This is a candidate catalog for research review, not a clinical product. Disease risk reporting requires clinical validation, regulatory approval, and professional oversight.	 QC downgraded from Tier A to Tier C.
wg-1998	genetic_disease	Disease Risk (Sensitive)	complex_disease_risk	Frontometaphyseal Dysplasia (FMD)	Frontometaphyseal Dysplasia (FMD)	3	rs137853312;rs797045044;rs863223630	FLNA	structured_catalog_unvalidated	dbSNP/Ensembl validation; HGNC gene validation; ClinVar review; GWAS Catalog review; gnomAD population frequency; literature review	yes	yes	no	no	yes	yes	high	high	clinician_review_required	no	all rsIDs are externally unvalidated; disease risk claims require clinical evidence and regulatory approval	dbSNP validation; ClinVar review; GWAS replication; gnomAD frequency; clinical evidence review; regulatory approval	All genetic markers are externally unvalidated. No clinical, diagnostic, or treatment claims can be made. This is a candidate catalog for research review, not a clinical product. Disease risk reporting requires clinical validation, regulatory approval, and professional oversight.	
wg-2121	genetic_disease	Disease Risk (Sensitive)	complex_disease_risk	Fucosidosis	Fucosidosis	1	rs794727774	FUCA1	structured_catalog_unvalidated	dbSNP/Ensembl validation; HGNC gene validation; ClinVar review; GWAS Catalog review; gnomAD population frequency; literature review	yes	yes	no	no	yes	yes	high	high	clinician_review_required	no	all rsIDs are externally unvalidated; disease risk claims require clinical evidence and regulatory approval	dbSNP validation; ClinVar review; GWAS replication; gnomAD frequency; clinical evidence review; regulatory approval	All genetic markers are externally unvalidated. No clinical, diagnostic, or treatment claims can be made. This is a candidate catalog for research review, not a clinical product. Disease risk reporting requires clinical validation, regulatory approval, and professional oversight.	
wg-2122	genetic_disease	Disease Risk (Sensitive)	complex_disease_risk	Fundus Albipunctatus (FA)	Fundus Albipunctatus (FA)	2	rs62638191;rs774122562	CD63;RDH5	structured_catalog_unvalidated	dbSNP/Ensembl validation; HGNC gene validation; ClinVar review; GWAS Catalog review; gnomAD population frequency; literature review	yes	yes	no	no	yes	yes	high	high	clinician_review_required	no	all rsIDs are externally unvalidated; disease risk claims require clinical evidence and regulatory approval	dbSNP validation; ClinVar review; GWAS replication; gnomAD frequency; clinical evidence review; regulatory approval	All genetic markers are externally unvalidated. No clinical, diagnostic, or treatment claims can be made. This is a candidate catalog for research review, not a clinical product. Disease risk reporting requires clinical validation, regulatory approval, and professional oversight.	
wg-1976	genetic_disease	Disease Risk (Sensitive)	complex_disease_risk	Galactosialidosis (GSL)	Galactosialidosis (GSL)	2	rs137854547;rs786200859	CTSA	structured_catalog_unvalidated	dbSNP/Ensembl validation; HGNC gene validation; ClinVar review; GWAS Catalog review; gnomAD population frequency; literature review	yes	yes	no	no	yes	yes	high	high	clinician_review_required	no	all rsIDs are externally unvalidated; disease risk claims require clinical evidence and regulatory approval	dbSNP validation; ClinVar review; GWAS replication; gnomAD frequency; clinical evidence review; regulatory approval	All genetic markers are externally unvalidated. No clinical, diagnostic, or treatment claims can be made. This is a candidate catalog for research review, not a clinical product. Disease risk reporting requires clinical validation, regulatory approval, and professional oversight.	
wg-2266	exposure_risk	Disease Risk (Sensitive)	complex_disease_risk	Gases and Fumes	Gases and Fumes	2	rs516732;rs159497		structured_catalog_unvalidated	dbSNP/Ensembl validation; HGNC gene validation; ClinVar review; GWAS Catalog review; gnomAD population frequency; literature review	yes	yes	no	no	yes	yes	high	high	clinician_review_required	no	all rsIDs are externally unvalidated; disease risk claims require clinical evidence and regulatory approval	dbSNP validation; ClinVar review; GWAS replication; gnomAD frequency; clinical evidence review; regulatory approval	All genetic markers are externally unvalidated. No clinical, diagnostic, or treatment claims can be made. This is a candidate catalog for research review, not a clinical product. Disease risk reporting requires clinical validation, regulatory approval, and professional oversight.	
wg-1957	health_risk	Disease Risk (Sensitive)	complex_disease_risk	Gastroesophageal reflux disease	Gastroesophageal reflux disease (Genetic Association, Not Diagnostic)	7	rs12357321;rs1716171;rs2734839;rs1479405;rs2106353;rs9940128;rs7600261	DPYD;DRD2;ERBB4;FOXP2;FTO	structured_catalog_unvalidated	dbSNP/Ensembl validation; HGNC gene validation; ClinVar review; GWAS Catalog review; gnomAD population frequency; literature review	yes	yes	no	no	yes	yes	high	high	clinician_review_required	no	all rsIDs are externally unvalidated; disease risk claims require clinical evidence and regulatory approval	dbSNP validation; ClinVar review; GWAS replication; gnomAD frequency; clinical evidence review; regulatory approval	All genetic markers are externally unvalidated. No clinical, diagnostic, or treatment claims can be made. This is a candidate catalog for research review, not a clinical product. Disease risk reporting requires clinical validation, regulatory approval, and professional oversight.	
wg-2186	genetic_disease	Disease Risk (Sensitive)	complex_disease_risk	Gaucher Disease (GD)	Gaucher Disease (GD) (Genetic Association, Not Diagnostic)	4	rs39812;rs104886460;rs121908309;rs1553333346	AGL;ANO5;ARSB;BCKDH;BCKDHA;BCKDHB;BTD;CDAN1;DBT;DMD;DYSF;G6PC;G6PC1;GAA;GALNS;GBA;GBA1;GBE1;GLB1;GNPTA;GNPTAB;GNPTG;IDS;IDUA;MCOLN;MCOLN1;MSH6;MYO7A;PCDH15;PYGM;SEC23B;SGSH;USH1C;USH1G;USH2A	structured_catalog_unvalidated	dbSNP/Ensembl validation; HGNC gene validation; ClinVar review; GWAS Catalog review; gnomAD population frequency; literature review	yes	yes	no	no	yes	yes	high	high	clinician_review_required	no	all rsIDs are externally unvalidated; disease risk claims require clinical evidence and regulatory approval	dbSNP validation; ClinVar review; GWAS replication; gnomAD frequency; clinical evidence review; regulatory approval	All genetic markers are externally unvalidated. No clinical, diagnostic, or treatment claims can be made. This is a candidate catalog for research review, not a clinical product. Disease risk reporting requires clinical validation, regulatory approval, and professional oversight.	
wg-2187	genetic_disease	Disease Risk (Sensitive)	complex_disease_risk	Geleophysic Dysplasia	Geleophysic Dysplasia	3	rs387906622;rs387906623;rs1131691804	FBN1	structured_catalog_unvalidated	dbSNP/Ensembl validation; HGNC gene validation; ClinVar review; GWAS Catalog review; gnomAD population frequency; literature review	yes	yes	no	no	yes	yes	high	high	clinician_review_required	no	all rsIDs are externally unvalidated; disease risk claims require clinical evidence and regulatory approval	dbSNP validation; ClinVar review; GWAS replication; gnomAD frequency; clinical evidence review; regulatory approval	All genetic markers are externally unvalidated. No clinical, diagnostic, or treatment claims can be made. This is a candidate catalog for research review, not a clinical product. Disease risk reporting requires clinical validation, regulatory approval, and professional oversight.	
wg-2044	genetic_disease	Disease Risk (Sensitive)	complex_disease_risk	Giant Axonal Neuropathy (GAN)	Giant Axonal Neuropathy (GAN)	1	rs747291494	GAN	structured_catalog_unvalidated	dbSNP/Ensembl validation; HGNC gene validation; ClinVar review; GWAS Catalog review; gnomAD population frequency; literature review	yes	yes	no	no	yes	yes	high	high	clinician_review_required	no	all rsIDs are externally unvalidated; disease risk claims require clinical evidence and regulatory approval	dbSNP validation; ClinVar review; GWAS replication; gnomAD frequency; clinical evidence review; regulatory approval	All genetic markers are externally unvalidated. No clinical, diagnostic, or treatment claims can be made. This is a candidate catalog for research review, not a clinical product. Disease risk reporting requires clinical validation, regulatory approval, and professional oversight.	
wg-1547	health_risk	Disease Risk (Sensitive)	complex_disease_risk	Gingivitis	Gingivitis	3	rs1800795;rs1800896;rs3918242	CYP1B1;FGFR4;FYCO1;IL1B;MMP9;MTHFR;NLRP3;PCAT19;PON1;SELE;TIMM23B	structured_catalog_unvalidated	dbSNP/Ensembl validation; HGNC gene validation; ClinVar review; GWAS Catalog review; gnomAD population frequency; literature review	yes	yes	no	no	yes	yes	high	high	clinician_review_required	no	all rsIDs are externally unvalidated; disease risk claims require clinical evidence and regulatory approval	dbSNP validation; ClinVar review; GWAS replication; gnomAD frequency; clinical evidence review; regulatory approval	All genetic markers are externally unvalidated. No clinical, diagnostic, or treatment claims can be made. This is a candidate catalog for research review, not a clinical product. Disease risk reporting requires clinical validation, regulatory approval, and professional oversight.	
wg-2096	genetic_disease	Disease Risk (Sensitive)	complex_disease_risk	Glutaric Acidemia (GA)	Glutaric Acidemia (GA)	4	rs387907;rs119458971;rs377656387;rs377686388	ETFA;ETFDH	structured_catalog_unvalidated	dbSNP/Ensembl validation; HGNC gene validation; ClinVar review; GWAS Catalog review; gnomAD population frequency; literature review	yes	yes	no	no	yes	yes	high	high	clinician_review_required	no	all rsIDs are externally unvalidated; disease risk claims require clinical evidence and regulatory approval	dbSNP validation; ClinVar review; GWAS replication; gnomAD frequency; clinical evidence review; regulatory approval	All genetic markers are externally unvalidated. No clinical, diagnostic, or treatment claims can be made. This is a candidate catalog for research review, not a clinical product. Disease risk reporting requires clinical validation, regulatory approval, and professional oversight.	
wg-1532	genetic_disease	Disease Risk (Sensitive)	complex_disease_risk	Glutaric Aciduria Type 1 (GA1)	Glutaric Aciduria Type 1 (GA1)	3	rs121434371;rs121434370;rs121434369	GCDH	structured_catalog_unvalidated	dbSNP/Ensembl validation; HGNC gene validation; ClinVar review; GWAS Catalog review; gnomAD population frequency; literature review	yes	yes	no	no	yes	yes	high	high	clinician_review_required	no	all rsIDs are externally unvalidated; disease risk claims require clinical evidence and regulatory approval	dbSNP validation; ClinVar review; GWAS replication; gnomAD frequency; clinical evidence review; regulatory approval	All genetic markers are externally unvalidated. No clinical, diagnostic, or treatment claims can be made. This is a candidate catalog for research review, not a clinical product. Disease risk reporting requires clinical validation, regulatory approval, and professional oversight.	
wg-2188	genetic_disease	Disease Risk (Sensitive)	complex_disease_risk	Griscelli Syndrome (GS)	Griscelli Syndrome (GS) (Genetic Association, Not Diagnostic)	1	rs786205551	MLPH	structured_catalog_unvalidated	dbSNP/Ensembl validation; HGNC gene validation; ClinVar review; GWAS Catalog review; gnomAD population frequency; literature review	yes	yes	no	no	yes	yes	high	high	clinician_review_required	no	all rsIDs are externally unvalidated; disease risk claims require clinical evidence and regulatory approval	dbSNP validation; ClinVar review; GWAS replication; gnomAD frequency; clinical evidence review; regulatory approval	All genetic markers are externally unvalidated. No clinical, diagnostic, or treatment claims can be made. This is a candidate catalog for research review, not a clinical product. Disease risk reporting requires clinical validation, regulatory approval, and professional oversight.	
wg-1971	infection_risk	Disease Risk (Sensitive)	complex_disease_risk	H. pylori Infection	H. pylori Infection	4	rs10004;rs368433;rs2294008;rs2671655	AGER;CASC11;FCGR2A;IL17A;MPO;MYNN;PLCE1;PSCA;SERPINE1;SLC14A1;TACC3	structured_catalog_unvalidated	dbSNP/Ensembl validation; HGNC gene validation; ClinVar review; GWAS Catalog review; gnomAD population frequency; literature review	yes	yes	no	no	yes	yes	high	high	clinician_review_required	no	all rsIDs are externally unvalidated; disease risk claims require clinical evidence and regulatory approval	dbSNP validation; ClinVar review; GWAS replication; gnomAD frequency; clinical evidence review; regulatory approval	All genetic markers are externally unvalidated. No clinical, diagnostic, or treatment claims can be made. This is a candidate catalog for research review, not a clinical product. Disease risk reporting requires clinical validation, regulatory approval, and professional oversight.	
wg-1966	infection_risk	Disease Risk (Sensitive)	complex_disease_risk	HIV Infection	HIV Infection	4	rs59682;rs333;rs35829419;rs11884476	BATF3;C1;CCR5;IL12B;NLRP3;PARD3B;PSORS1	structured_catalog_unvalidated	dbSNP/Ensembl validation; HGNC gene validation; ClinVar review; GWAS Catalog review; gnomAD population frequency; literature review	yes	yes	no	no	yes	yes	high	high	clinician_review_required	no	all rsIDs are externally unvalidated; disease risk claims require clinical evidence and regulatory approval	dbSNP validation; ClinVar review; GWAS replication; gnomAD frequency; clinical evidence review; regulatory approval	All genetic markers are externally unvalidated. No clinical, diagnostic, or treatment claims can be made. This is a candidate catalog for research review, not a clinical product. Disease risk reporting requires clinical validation, regulatory approval, and professional oversight.	
wg-1753	genetic_disease	Disease Risk (Sensitive)	complex_disease_risk	Haemophilia A	Haemophilia A	1	rs13785	ATP7B;F8;F9;FBN1;G6PD;HCN4;SCN5A	structured_catalog_unvalidated	dbSNP/Ensembl validation; HGNC gene validation; ClinVar review; GWAS Catalog review; gnomAD population frequency; literature review	yes	yes	no	no	yes	yes	high	high	clinician_review_required	no	all rsIDs are externally unvalidated; disease risk claims require clinical evidence and regulatory approval	dbSNP validation; ClinVar review; GWAS replication; gnomAD frequency; clinical evidence review; regulatory approval	All genetic markers are externally unvalidated. No clinical, diagnostic, or treatment claims can be made. This is a candidate catalog for research review, not a clinical product. Disease risk reporting requires clinical validation, regulatory approval, and professional oversight.	
wg-1754	genetic_disease	Disease Risk (Sensitive)	complex_disease_risk	Haemophilia B	Haemophilia B	1	rs13785	ATP7B;F8;F9;FBN1;G6PD;HCN4;SCN5A	structured_catalog_unvalidated	dbSNP/Ensembl validation; HGNC gene validation; ClinVar review; GWAS Catalog review; gnomAD population frequency; literature review	yes	yes	no	no	yes	yes	high	high	clinician_review_required	no	all rsIDs are externally unvalidated; disease risk claims require clinical evidence and regulatory approval	dbSNP validation; ClinVar review; GWAS replication; gnomAD frequency; clinical evidence review; regulatory approval	All genetic markers are externally unvalidated. No clinical, diagnostic, or treatment claims can be made. This is a candidate catalog for research review, not a clinical product. Disease risk reporting requires clinical validation, regulatory approval, and professional oversight.	
wg-1936	health_risk	Disease Risk (Sensitive)	complex_disease_risk	Haemorrhoids	Haemorrhoids	7	rs2218793;rs676996;rs17293632;rs6482359;rs4345978;rs2186797;rs35318931	ABO;ANO1;GDF7;SRPX	structured_catalog_unvalidated	dbSNP/Ensembl validation; HGNC gene validation; ClinVar review; GWAS Catalog review; gnomAD population frequency; literature review	yes	yes	no	no	yes	yes	high	high	clinician_review_required	no	all rsIDs are externally unvalidated; disease risk claims require clinical evidence and regulatory approval	dbSNP validation; ClinVar review; GWAS replication; gnomAD frequency; clinical evidence review; regulatory approval	All genetic markers are externally unvalidated. No clinical, diagnostic, or treatment claims can be made. This is a candidate catalog for research review, not a clinical product. Disease risk reporting requires clinical validation, regulatory approval, and professional oversight.	
wg-2119	genetic_disease	Disease Risk (Sensitive)	complex_disease_risk	Hemochromatosis	Hemochromatosis	2	rs387907377;rs786204108	SLC40A1;TFR2	structured_catalog_unvalidated	dbSNP/Ensembl validation; HGNC gene validation; ClinVar review; GWAS Catalog review; gnomAD population frequency; literature review	yes	yes	no	no	yes	yes	high	high	clinician_review_required	no	all rsIDs are externally unvalidated; disease risk claims require clinical evidence and regulatory approval	dbSNP validation; ClinVar review; GWAS replication; gnomAD frequency; clinical evidence review; regulatory approval	All genetic markers are externally unvalidated. No clinical, diagnostic, or treatment claims can be made. This is a candidate catalog for research review, not a clinical product. Disease risk reporting requires clinical validation, regulatory approval, and professional oversight.	
wg-2260	exposure_risk	Disease Risk (Sensitive)	complex_disease_risk	Hen's Eggs	Hen's Eggs	3	rs1243064;rs11949166;rs12123821		structured_catalog_unvalidated	dbSNP/Ensembl validation; HGNC gene validation; ClinVar review; GWAS Catalog review; gnomAD population frequency; literature review	yes	yes	no	no	yes	yes	high	high	clinician_review_required	no	all rsIDs are externally unvalidated; disease risk claims require clinical evidence and regulatory approval	dbSNP validation; ClinVar review; GWAS replication; gnomAD frequency; clinical evidence review; regulatory approval	All genetic markers are externally unvalidated. No clinical, diagnostic, or treatment claims can be made. This is a candidate catalog for research review, not a clinical product. Disease risk reporting requires clinical validation, regulatory approval, and professional oversight.	
wg-2189	genetic_disease	Disease Risk (Sensitive)	complex_disease_risk	Hennekam Lymphangiectasia-Lymphedema Syndrome (HKLLS)	Hennekam Lymphangiectasia-Lymphedema Syndrome (HKLLS) (Genetic Association, Not Diagnostic)	1	rs121908250	CCBE1	structured_catalog_unvalidated	dbSNP/Ensembl validation; HGNC gene validation; ClinVar review; GWAS Catalog review; gnomAD population frequency; literature review	yes	yes	no	no	yes	yes	high	high	clinician_review_required	no	all rsIDs are externally unvalidated; disease risk claims require clinical evidence and regulatory approval	dbSNP validation; ClinVar review; GWAS replication; gnomAD frequency; clinical evidence review; regulatory approval	All genetic markers are externally unvalidated. No clinical, diagnostic, or treatment claims can be made. This is a candidate catalog for research review, not a clinical product. Disease risk reporting requires clinical validation, regulatory approval, and professional oversight.	
wg-1959	infection_risk	Disease Risk (Sensitive)	complex_disease_risk	Hepatitis Virus Infection	Hepatitis Virus Infection	6	rs12614;rs12979;rs28567;rs74597329;rs1883832;rs3219487	CD40;CFB;IFNL4;MUTYH	structured_catalog_unvalidated	dbSNP/Ensembl validation; HGNC gene validation; ClinVar review; GWAS Catalog review; gnomAD population frequency; literature review	yes	yes	no	no	yes	yes	high	high	clinician_review_required	no	all rsIDs are externally unvalidated; disease risk claims require clinical evidence and regulatory approval	dbSNP validation; ClinVar review; GWAS replication; gnomAD frequency; clinical evidence review; regulatory approval	All genetic markers are externally unvalidated. No clinical, diagnostic, or treatment claims can be made. This is a candidate catalog for research review, not a clinical product. Disease risk reporting requires clinical validation, regulatory approval, and professional oversight.	
wg-2127	genetic_disease	Disease Risk (Sensitive)	complex_disease_risk	Hereditary Desmoid Disease (HDD)	Hereditary Desmoid Disease (HDD) (Genetic Association, Not Diagnostic)	4	rs39751;rs137854573;rs145945630;rs1554085355	ACTA2;APC;BTD;CLPB;LOX;MYH11;MYLK;PRKG1;SERAC1;SLC26A;SLC26A4;TAFAZZIN	structured_catalog_unvalidated	dbSNP/Ensembl validation; HGNC gene validation; ClinVar review; GWAS Catalog review; gnomAD population frequency; literature review	yes	yes	no	no	yes	yes	high	high	clinician_review_required	no	all rsIDs are externally unvalidated; disease risk claims require clinical evidence and regulatory approval	dbSNP validation; ClinVar review; GWAS replication; gnomAD frequency; clinical evidence review; regulatory approval	All genetic markers are externally unvalidated. No clinical, diagnostic, or treatment claims can be made. This is a candidate catalog for research review, not a clinical product. Disease risk reporting requires clinical validation, regulatory approval, and professional oversight.	
wg-2128	genetic_disease	Disease Risk (Sensitive)	complex_disease_risk	Hereditary Motor and Sensory Neuropathy (HMSN)	Hereditary Motor and Sensory Neuropathy (HMSN)	1	rs587780564	DYNC1H;DYNC1H1	structured_catalog_unvalidated	dbSNP/Ensembl validation; HGNC gene validation; ClinVar review; GWAS Catalog review; gnomAD population frequency; literature review	yes	yes	no	no	yes	yes	high	high	clinician_review_required	no	all rsIDs are externally unvalidated; disease risk claims require clinical evidence and regulatory approval	dbSNP validation; ClinVar review; GWAS replication; gnomAD frequency; clinical evidence review; regulatory approval	All genetic markers are externally unvalidated. No clinical, diagnostic, or treatment claims can be made. This is a candidate catalog for research review, not a clinical product. Disease risk reporting requires clinical validation, regulatory approval, and professional oversight.	
wg-2126	genetic_disease	Disease Risk (Sensitive)	complex_disease_risk	Hereditary Pancreatitis (HP)	Hereditary Pancreatitis (HP)	5	rs39750;rs78802;rs104893938;rs111033565;rs111033567	BRAF;CFTR;CTRC;KRAS;MAP2K1;MAP2K2;PRSS1;SPINK1	structured_catalog_unvalidated	dbSNP/Ensembl validation; HGNC gene validation; ClinVar review; GWAS Catalog review; gnomAD population frequency; literature review	yes	yes	no	no	yes	yes	high	high	clinician_review_required	no	all rsIDs are externally unvalidated; disease risk claims require clinical evidence and regulatory approval	dbSNP validation; ClinVar review; GWAS replication; gnomAD frequency; clinical evidence review; regulatory approval	All genetic markers are externally unvalidated. No clinical, diagnostic, or treatment claims can be made. This is a candidate catalog for research review, not a clinical product. Disease risk reporting requires clinical validation, regulatory approval, and professional oversight.	
wg-2125	genetic_disease	Disease Risk (Sensitive)	complex_disease_risk	Hereditary Sensory and Autonomic Neuropathy (HSAN)	Hereditary Sensory and Autonomic Neuropathy (HSAN)	1	rs797045071	SPTLC1	structured_catalog_unvalidated	dbSNP/Ensembl validation; HGNC gene validation; ClinVar review; GWAS Catalog review; gnomAD population frequency; literature review	yes	yes	no	no	yes	yes	high	high	clinician_review_required	no	all rsIDs are externally unvalidated; disease risk claims require clinical evidence and regulatory approval	dbSNP validation; ClinVar review; GWAS replication; gnomAD frequency; clinical evidence review; regulatory approval	All genetic markers are externally unvalidated. No clinical, diagnostic, or treatment claims can be made. This is a candidate catalog for research review, not a clinical product. Disease risk reporting requires clinical validation, regulatory approval, and professional oversight.	
wg-2190	genetic_disease	Disease Risk (Sensitive)	complex_disease_risk	Hermansky-Pudlak Syndrome (HPS)	Hermansky-Pudlak Syndrome (HPS) (Genetic Association, Not Diagnostic)	2	rs201227603;rs281865084	HPS1;HPS3	structured_catalog_unvalidated	dbSNP/Ensembl validation; HGNC gene validation; ClinVar review; GWAS Catalog review; gnomAD population frequency; literature review	yes	yes	no	no	yes	yes	high	high	clinician_review_required	no	all rsIDs are externally unvalidated; disease risk claims require clinical evidence and regulatory approval	dbSNP validation; ClinVar review; GWAS replication; gnomAD frequency; clinical evidence review; regulatory approval	All genetic markers are externally unvalidated. No clinical, diagnostic, or treatment claims can be made. This is a candidate catalog for research review, not a clinical product. Disease risk reporting requires clinical validation, regulatory approval, and professional oversight.	
wg-2066	genetic_disease	Disease Risk (Sensitive)	complex_disease_risk	Holoprosencephaly (HPE)	Holoprosencephaly (HPE)	4	rs387906;rs121909069;rs267607047;rs28936675	AKR1D1;AMACR;CDON;HSD3B7;SHH;TGIF1	structured_catalog_unvalidated	dbSNP/Ensembl validation; HGNC gene validation; ClinVar review; GWAS Catalog review; gnomAD population frequency; literature review	yes	yes	no	no	yes	yes	high	high	clinician_review_required	no	all rsIDs are externally unvalidated; disease risk claims require clinical evidence and regulatory approval	dbSNP validation; ClinVar review; GWAS replication; gnomAD frequency; clinical evidence review; regulatory approval	All genetic markers are externally unvalidated. No clinical, diagnostic, or treatment claims can be made. This is a candidate catalog for research review, not a clinical product. Disease risk reporting requires clinical validation, regulatory approval, and professional oversight.	
wg-2191	genetic_disease	Disease Risk (Sensitive)	complex_disease_risk	Hutchinson-Gilford Progeria Syndrom (HGPS)	Hutchinson-Gilford Progeria Syndrom (HGPS)	1	rs60652225	LMNA	structured_catalog_unvalidated	dbSNP/Ensembl validation; HGNC gene validation; ClinVar review; GWAS Catalog review; gnomAD population frequency; literature review	yes	yes	no	no	yes	yes	high	high	clinician_review_required	no	all rsIDs are externally unvalidated; disease risk claims require clinical evidence and regulatory approval	dbSNP validation; ClinVar review; GWAS replication; gnomAD frequency; clinical evidence review; regulatory approval	All genetic markers are externally unvalidated. No clinical, diagnostic, or treatment claims can be made. This is a candidate catalog for research review, not a clinical product. Disease risk reporting requires clinical validation, regulatory approval, and professional oversight.	
wg-2054	genetic_disease	Disease Risk (Sensitive)	complex_disease_risk	Hydrocephalus Syndrome	Hydrocephalus Syndrome (Genetic Association, Not Diagnostic)	3	rs137852522;rs137852524;rs797044787	L1CAM	structured_catalog_unvalidated	dbSNP/Ensembl validation; HGNC gene validation; ClinVar review; GWAS Catalog review; gnomAD population frequency; literature review	yes	yes	no	no	yes	yes	high	high	clinician_review_required	no	all rsIDs are externally unvalidated; disease risk claims require clinical evidence and regulatory approval	dbSNP validation; ClinVar review; GWAS replication; gnomAD frequency; clinical evidence review; regulatory approval	All genetic markers are externally unvalidated. No clinical, diagnostic, or treatment claims can be made. This is a candidate catalog for research review, not a clinical product. Disease risk reporting requires clinical validation, regulatory approval, and professional oversight.	
wg-2008	genetic_disease	Disease Risk (Sensitive)	complex_disease_risk	Hyperinsulinemic Hypoglycemia (HH)	Hyperinsulinemic Hypoglycemia (HH)	3	rs137852671;rs139328569;rs139964066	ABCC8	structured_catalog_unvalidated	dbSNP/Ensembl validation; HGNC gene validation; ClinVar review; GWAS Catalog review; gnomAD population frequency; literature review	yes	yes	no	no	yes	yes	high	high	clinician_review_required	no	all rsIDs are externally unvalidated; disease risk claims require clinical evidence and regulatory approval	dbSNP validation; ClinVar review; GWAS replication; gnomAD frequency; clinical evidence review; regulatory approval	All genetic markers are externally unvalidated. No clinical, diagnostic, or treatment claims can be made. This is a candidate catalog for research review, not a clinical product. Disease risk reporting requires clinical validation, regulatory approval, and professional oversight.	
wg-2007	genetic_disease	Disease Risk (Sensitive)	complex_disease_risk	Hyperornithinemia-Hyperammonemia-Homocitrullinuria Syndrome (HHH)	Hyperornithinemia-Hyperammonemia-Homocitrullinuria Syndrome (HHH) (Genetic Association, Not Diagnostic)	4	rs12190;rs104894424;rs104894429;rs104894430	ABCA3;ACVRL1;FOXI1;GJA5;HCN4;KCNA5;KCNQ1;MYBPC;MYH7;RYR2;SCN5A;SLC25A;SLC25A15;SLC26A;SLC26A4;TNNT2;TPM1	structured_catalog_unvalidated	dbSNP/Ensembl validation; HGNC gene validation; ClinVar review; GWAS Catalog review; gnomAD population frequency; literature review	yes	yes	no	no	yes	yes	high	high	clinician_review_required	no	all rsIDs are externally unvalidated; disease risk claims require clinical evidence and regulatory approval	dbSNP validation; ClinVar review; GWAS replication; gnomAD frequency; clinical evidence review; regulatory approval	All genetic markers are externally unvalidated. No clinical, diagnostic, or treatment claims can be made. This is a candidate catalog for research review, not a clinical product. Disease risk reporting requires clinical validation, regulatory approval, and professional oversight.	
wg-2006	genetic_disease	Disease Risk (Sensitive)	complex_disease_risk	Hyperphosphatasia with Intellectual Disability Syndrome	Hyperphosphatasia with Intellectual Disability Syndrome (Genetic Association, Not Diagnostic)	2	rs139073416;rs770591449	PIGO;PIGV	structured_catalog_unvalidated	dbSNP/Ensembl validation; HGNC gene validation; ClinVar review; GWAS Catalog review; gnomAD population frequency; literature review	yes	yes	no	no	yes	yes	high	high	clinician_review_required	no	all rsIDs are externally unvalidated; disease risk claims require clinical evidence and regulatory approval	dbSNP validation; ClinVar review; GWAS replication; gnomAD frequency; clinical evidence review; regulatory approval	All genetic markers are externally unvalidated. No clinical, diagnostic, or treatment claims can be made. This is a candidate catalog for research review, not a clinical product. Disease risk reporting requires clinical validation, regulatory approval, and professional oversight.	
wg-2415	health_risk	Disease Risk (Sensitive)	complex_disease_risk	Hyperthyroidism	Hyperthyroidism	8	rs7555082;rs6574611;rs604912;rs2476491;rs3742721;rs2476601;rs3087243;rs8043085	CEP128;CTLA4;FAM227B;IL2RA;JAK1;PTPN22;RASGRP1;SH2B3;SLAMF6;SLC1A2;STAT4;TLR3;VAV3	structured_catalog_unvalidated	dbSNP/Ensembl validation; HGNC gene validation; ClinVar review; GWAS Catalog review; gnomAD population frequency; literature review	yes	yes	no	no	yes	yes	high	high	clinician_review_required	no	all rsIDs are externally unvalidated; disease risk claims require clinical evidence and regulatory approval	dbSNP validation; ClinVar review; GWAS replication; gnomAD frequency; clinical evidence review; regulatory approval	All genetic markers are externally unvalidated. No clinical, diagnostic, or treatment claims can be made. This is a candidate catalog for research review, not a clinical product. Disease risk reporting requires clinical validation, regulatory approval, and professional oversight.	
wg-134	health_risk	Disease Risk (Sensitive)	complex_disease_risk	Hypertriglyceridemia	Hypertriglyceridemia	5	rs2068888;rs9686661;rs261342;rs1260326;rs964184	ABCG8;AGTR1;CYP4F2;GCKR;PPARGC1A;SLC10A2;UGT1A1;ZPR1	structured_catalog_unvalidated	dbSNP/Ensembl validation; HGNC gene validation; ClinVar review; GWAS Catalog review; gnomAD population frequency; literature review	yes	yes	no	no	yes	yes	high	high	clinician_review_required	no	all rsIDs are externally unvalidated; disease risk claims require clinical evidence and regulatory approval	dbSNP validation; ClinVar review; GWAS replication; gnomAD frequency; clinical evidence review; regulatory approval	All genetic markers are externally unvalidated. No clinical, diagnostic, or treatment claims can be made. This is a candidate catalog for research review, not a clinical product. Disease risk reporting requires clinical validation, regulatory approval, and professional oversight.	
wg-196	genetic_disease	Disease Risk (Sensitive)	complex_disease_risk	Hypertrophic Cardiomyopathy	Hypertrophic Cardiomyopathy	3	rs10489;rs73088;rs36212066	CACNA1C;CAV3;COL3A1;CYP1A1;DMD;EPHX1;ESR2;GJB2;GJB3;GSTP1;HCN4;KCNH2;KCNJ2;KCNQ1;LOXHD;MYBPC;MYBPC3;MYL3;MYO15A;SCN5A;SDHB;SDHD;SLC26A4;SMAD3;TGFB2;TGFBR1;TGFBR2;TNNI3;VHL;WFS1	structured_catalog_unvalidated	dbSNP/Ensembl validation; HGNC gene validation; ClinVar review; GWAS Catalog review; gnomAD population frequency; literature review	yes	yes	no	no	yes	yes	high	high	clinician_review_required	no	all rsIDs are externally unvalidated; disease risk claims require clinical evidence and regulatory approval	dbSNP validation; ClinVar review; GWAS replication; gnomAD frequency; clinical evidence review; regulatory approval	All genetic markers are externally unvalidated. No clinical, diagnostic, or treatment claims can be made. This is a candidate catalog for research review, not a clinical product. Disease risk reporting requires clinical validation, regulatory approval, and professional oversight.	
wg-2025	genetic_disease	Disease Risk (Sensitive)	complex_disease_risk	Hypobetalipoproteinemia (HBL)	Hypobetalipoproteinemia (HBL)	6	rs87885;rs15533;rs79704;rs1057518647;rs1215189537;rs121918385	APOB;ATF6;BRAF;CC2D2A;CEP290;CNGA3;CNGB3;COASY;GNPTA;GNPTAB;GNPTG;KRAS;MAP2K1;MAP2K2;MCOLN;MCOLN1;MKS1;OCA2;PDE6C;PLA2G6;RPGRIP;SLC45A2;TMEM2;TMEM216;TMEM67;TYR;TYRP1;UBE3A;WDR45	structured_catalog_unvalidated	dbSNP/Ensembl validation; HGNC gene validation; ClinVar review; GWAS Catalog review; gnomAD population frequency; literature review	yes	yes	no	no	yes	yes	high	high	clinician_review_required	no	all rsIDs are externally unvalidated; disease risk claims require clinical evidence and regulatory approval	dbSNP validation; ClinVar review; GWAS replication; gnomAD frequency; clinical evidence review; regulatory approval	All genetic markers are externally unvalidated. No clinical, diagnostic, or treatment claims can be made. This is a candidate catalog for research review, not a clinical product. Disease risk reporting requires clinical validation, regulatory approval, and professional oversight.	
wg-2070	genetic_disease	Disease Risk (Sensitive)	complex_disease_risk	Hypochondroplasia	Hypochondroplasia	1	rs121913115	FGFR3	structured_catalog_unvalidated	dbSNP/Ensembl validation; HGNC gene validation; ClinVar review; GWAS Catalog review; gnomAD population frequency; literature review	yes	yes	no	no	yes	yes	high	high	clinician_review_required	no	all rsIDs are externally unvalidated; disease risk claims require clinical evidence and regulatory approval	dbSNP validation; ClinVar review; GWAS replication; gnomAD frequency; clinical evidence review; regulatory approval	All genetic markers are externally unvalidated. No clinical, diagnostic, or treatment claims can be made. This is a candidate catalog for research review, not a clinical product. Disease risk reporting requires clinical validation, regulatory approval, and professional oversight.	
wg-1990	genetic_disease	Disease Risk (Sensitive)	complex_disease_risk	Hypokalemic Periodic Paralysis (HKOPP)	Hypokalemic Periodic Paralysis (HKOPP)	5	rs26760;rs52723;rs121908552;rs1553252746;rs1558056376	ABCA4;BAG3;CACNA;CACNA1S;DES;FLNC;NDUFS4;PROM1;PRPH2;SCN4A;SURF1	structured_catalog_unvalidated	dbSNP/Ensembl validation; HGNC gene validation; ClinVar review; GWAS Catalog review; gnomAD population frequency; literature review	yes	yes	no	no	yes	yes	high	high	clinician_review_required	no	all rsIDs are externally unvalidated; disease risk claims require clinical evidence and regulatory approval	dbSNP validation; ClinVar review; GWAS replication; gnomAD frequency; clinical evidence review; regulatory approval	All genetic markers are externally unvalidated. No clinical, diagnostic, or treatment claims can be made. This is a candidate catalog for research review, not a clinical product. Disease risk reporting requires clinical validation, regulatory approval, and professional oversight.	
wg-1992	genetic_disease	Disease Risk (Sensitive)	complex_disease_risk	Hypophosphatasia (HPP)	Hypophosphatasia (HPP)	3	rs121918000;rs121918013;rs121918014	ALPL	structured_catalog_unvalidated	dbSNP/Ensembl validation; HGNC gene validation; ClinVar review; GWAS Catalog review; gnomAD population frequency; literature review	yes	yes	no	no	yes	yes	high	high	clinician_review_required	no	all rsIDs are externally unvalidated; disease risk claims require clinical evidence and regulatory approval	dbSNP validation; ClinVar review; GWAS replication; gnomAD frequency; clinical evidence review; regulatory approval	All genetic markers are externally unvalidated. No clinical, diagnostic, or treatment claims can be made. This is a candidate catalog for research review, not a clinical product. Disease risk reporting requires clinical validation, regulatory approval, and professional oversight.	
wg-1991	genetic_disease	Disease Risk (Sensitive)	complex_disease_risk	Hypophosphatemic Rickets (HR)	Hypophosphatemic Rickets (HR)	3	rs121908248;rs193922702;rs28937882	CLCN5;ENPP1;FGF23;PHEX	structured_catalog_unvalidated	dbSNP/Ensembl validation; HGNC gene validation; ClinVar review; GWAS Catalog review; gnomAD population frequency; literature review	yes	yes	no	no	yes	yes	high	high	clinician_review_required	no	all rsIDs are externally unvalidated; disease risk claims require clinical evidence and regulatory approval	dbSNP validation; ClinVar review; GWAS replication; gnomAD frequency; clinical evidence review; regulatory approval	All genetic markers are externally unvalidated. No clinical, diagnostic, or treatment claims can be made. This is a candidate catalog for research review, not a clinical product. Disease risk reporting requires clinical validation, regulatory approval, and professional oversight.	
wg-81	health_risk	Disease Risk (Sensitive)	complex_disease_risk	Idiopathic Pulmonary Fibrosis (IPF)	Idiopathic Pulmonary Fibrosis (IPF)	7	rs12699415;rs2034650;rs6793295;rs12912339;rs2076295;rs121610495;rs1278769	ATP11A;DPP9;DSP;LRRC34;MAPT;MUC2;TERT	structured_catalog_unvalidated	dbSNP/Ensembl validation; HGNC gene validation; ClinVar review; GWAS Catalog review; gnomAD population frequency; literature review	yes	yes	no	no	yes	yes	high	high	clinician_review_required	no	all rsIDs are externally unvalidated; disease risk claims require clinical evidence and regulatory approval	dbSNP validation; ClinVar review; GWAS replication; gnomAD frequency; clinical evidence review; regulatory approval	All genetic markers are externally unvalidated. No clinical, diagnostic, or treatment claims can be made. This is a candidate catalog for research review, not a clinical product. Disease risk reporting requires clinical validation, regulatory approval, and professional oversight.	
wg-2073	genetic_disease	Disease Risk (Sensitive)	complex_disease_risk	Incontinentia Pigmenti (IP)	Incontinentia Pigmenti (IP)	1	rs137853323	IKBKG	structured_catalog_unvalidated	dbSNP/Ensembl validation; HGNC gene validation; ClinVar review; GWAS Catalog review; gnomAD population frequency; literature review	yes	yes	no	no	yes	yes	high	high	clinician_review_required	no	all rsIDs are externally unvalidated; disease risk claims require clinical evidence and regulatory approval	dbSNP validation; ClinVar review; GWAS replication; gnomAD frequency; clinical evidence review; regulatory approval	All genetic markers are externally unvalidated. No clinical, diagnostic, or treatment claims can be made. This is a candidate catalog for research review, not a clinical product. Disease risk reporting requires clinical validation, regulatory approval, and professional oversight.	
wg-2132	genetic_disease	Disease Risk (Sensitive)	complex_disease_risk	Infantile Cerebellar-Retinal Degeneration (ICRD)	Infantile Cerebellar-Retinal Degeneration (ICRD)	1	rs375761361	ACO2	structured_catalog_unvalidated	dbSNP/Ensembl validation; HGNC gene validation; ClinVar review; GWAS Catalog review; gnomAD population frequency; literature review	yes	yes	no	no	yes	yes	high	high	clinician_review_required	no	all rsIDs are externally unvalidated; disease risk claims require clinical evidence and regulatory approval	dbSNP validation; ClinVar review; GWAS replication; gnomAD frequency; clinical evidence review; regulatory approval	All genetic markers are externally unvalidated. No clinical, diagnostic, or treatment claims can be made. This is a candidate catalog for research review, not a clinical product. Disease risk reporting requires clinical validation, regulatory approval, and professional oversight.	
wg-1974	health_risk	Disease Risk (Sensitive)	complex_disease_risk	Insomnia	Insomnia	9	rs1344829;rs67588220;rs2792990;rs145611631;rs79693059;rs55777621;rs13107325;rs12039093;rs703848	DPYD;MYO1A;PPP1R10;SLC39A8	structured_catalog_unvalidated	dbSNP/Ensembl validation; HGNC gene validation; ClinVar review; GWAS Catalog review; gnomAD population frequency; literature review	yes	yes	no	no	yes	yes	high	high	clinician_review_required	no	all rsIDs are externally unvalidated; disease risk claims require clinical evidence and regulatory approval	dbSNP validation; ClinVar review; GWAS replication; gnomAD frequency; clinical evidence review; regulatory approval	All genetic markers are externally unvalidated. No clinical, diagnostic, or treatment claims can be made. This is a candidate catalog for research review, not a clinical product. Disease risk reporting requires clinical validation, regulatory approval, and professional oversight.	
wg-2147	genetic_disease	Disease Risk (Sensitive)	complex_disease_risk	Intellectual Disability-Hypotonic Facies Syndrome	Intellectual Disability-Hypotonic Facies Syndrome (Genetic Association, Not Diagnostic)	2	rs122445099;rs398123425	ATRX	structured_catalog_unvalidated	dbSNP/Ensembl validation; HGNC gene validation; ClinVar review; GWAS Catalog review; gnomAD population frequency; literature review	yes	yes	no	no	yes	yes	high	high	clinician_review_required	no	all rsIDs are externally unvalidated; disease risk claims require clinical evidence and regulatory approval	dbSNP validation; ClinVar review; GWAS replication; gnomAD frequency; clinical evidence review; regulatory approval	All genetic markers are externally unvalidated. No clinical, diagnostic, or treatment claims can be made. This is a candidate catalog for research review, not a clinical product. Disease risk reporting requires clinical validation, regulatory approval, and professional oversight.	
wg-2130	genetic_disease	Disease Risk (Sensitive)	complex_disease_risk	Isovaleric Acidemia (IVA)	Isovaleric Acidemia (IVA)	1	rs786204613	IVD	structured_catalog_unvalidated	dbSNP/Ensembl validation; HGNC gene validation; ClinVar review; GWAS Catalog review; gnomAD population frequency; literature review	yes	yes	no	no	yes	yes	high	high	clinician_review_required	no	all rsIDs are externally unvalidated; disease risk claims require clinical evidence and regulatory approval	dbSNP validation; ClinVar review; GWAS replication; gnomAD frequency; clinical evidence review; regulatory approval	All genetic markers are externally unvalidated. No clinical, diagnostic, or treatment claims can be made. This is a candidate catalog for research review, not a clinical product. Disease risk reporting requires clinical validation, regulatory approval, and professional oversight.	
wg-1583	genetic_disease	Disease Risk (Sensitive)	complex_disease_risk	Jervell-Lange-Nielsen Syndrome	Jervell-Lange-Nielsen Syndrome (Genetic Association, Not Diagnostic)	1	rs786204778	KCNQ1	structured_catalog_unvalidated	dbSNP/Ensembl validation; HGNC gene validation; ClinVar review; GWAS Catalog review; gnomAD population frequency; literature review	yes	yes	no	no	yes	yes	high	high	clinician_review_required	no	all rsIDs are externally unvalidated; disease risk claims require clinical evidence and regulatory approval	dbSNP validation; ClinVar review; GWAS replication; gnomAD frequency; clinical evidence review; regulatory approval	All genetic markers are externally unvalidated. No clinical, diagnostic, or treatment claims can be made. This is a candidate catalog for research review, not a clinical product. Disease risk reporting requires clinical validation, regulatory approval, and professional oversight.	
wg-2192	genetic_disease	Disease Risk (Sensitive)	complex_disease_risk	Johanson-Blizzard Syndrome (JBS)	Johanson-Blizzard Syndrome (JBS) (Genetic Association, Not Diagnostic)	1	rs797045112	UBR1	structured_catalog_unvalidated	dbSNP/Ensembl validation; HGNC gene validation; ClinVar review; GWAS Catalog review; gnomAD population frequency; literature review	yes	yes	no	no	yes	yes	high	high	clinician_review_required	no	all rsIDs are externally unvalidated; disease risk claims require clinical evidence and regulatory approval	dbSNP validation; ClinVar review; GWAS replication; gnomAD frequency; clinical evidence review; regulatory approval	All genetic markers are externally unvalidated. No clinical, diagnostic, or treatment claims can be made. This is a candidate catalog for research review, not a clinical product. Disease risk reporting requires clinical validation, regulatory approval, and professional oversight.	
wg-2193	genetic_disease	Disease Risk (Sensitive)	complex_disease_risk	Joubert Syndrome (JS)	Joubert Syndrome (JS) (Genetic Association, Not Diagnostic)	5	rs79605;rs754279998;rs115195998;rs121918128;rs137853107	AHI1;CACNA1A;CC2D2A;CDKL5;CHD2;CLN3;CLN5;CLN8;INPP5E;KIAA05;MFSD8;PCCA;PCCB;PCDH19;PPT1;RPGRIP1L;SCN2A;TMEM67;UQCRFS1	structured_catalog_unvalidated	dbSNP/Ensembl validation; HGNC gene validation; ClinVar review; GWAS Catalog review; gnomAD population frequency; literature review	yes	yes	no	no	yes	yes	high	high	clinician_review_required	no	all rsIDs are externally unvalidated; disease risk claims require clinical evidence and regulatory approval	dbSNP validation; ClinVar review; GWAS replication; gnomAD frequency; clinical evidence review; regulatory approval	All genetic markers are externally unvalidated. No clinical, diagnostic, or treatment claims can be made. This is a candidate catalog for research review, not a clinical product. Disease risk reporting requires clinical validation, regulatory approval, and professional oversight.	
wg-2134	genetic_disease	Disease Risk (Sensitive)	complex_disease_risk	Juvenile Polyposis Syndrome (JPS)	Juvenile Polyposis Syndrome (JPS) (Genetic Association, Not Diagnostic)	6	rs12191;rs37776;rs80338;rs1060500738;rs1060500739;rs1060500742	BAG3;BMPR1A;COL4A3;COL4A5;DES;FLNC;MVK;MYO7A;PCDH15;RYR1;SMAD4;TNNI3;USH1C;USH1G;USH2A	structured_catalog_unvalidated	dbSNP/Ensembl validation; HGNC gene validation; ClinVar review; GWAS Catalog review; gnomAD population frequency; literature review	yes	yes	no	no	yes	yes	high	high	clinician_review_required	no	all rsIDs are externally unvalidated; disease risk claims require clinical evidence and regulatory approval	dbSNP validation; ClinVar review; GWAS replication; gnomAD frequency; clinical evidence review; regulatory approval	All genetic markers are externally unvalidated. No clinical, diagnostic, or treatment claims can be made. This is a candidate catalog for research review, not a clinical product. Disease risk reporting requires clinical validation, regulatory approval, and professional oversight.	
wg-2194	genetic_disease	Disease Risk (Sensitive)	complex_disease_risk	KBG Syndrome	KBG Syndrome (Genetic Association, Not Diagnostic)	3	rs797044890;rs886039734;rs886041791	ANKRD11	structured_catalog_unvalidated	dbSNP/Ensembl validation; HGNC gene validation; ClinVar review; GWAS Catalog review; gnomAD population frequency; literature review	yes	yes	no	no	yes	yes	high	high	clinician_review_required	no	all rsIDs are externally unvalidated; disease risk claims require clinical evidence and regulatory approval	dbSNP validation; ClinVar review; GWAS replication; gnomAD frequency; clinical evidence review; regulatory approval	All genetic markers are externally unvalidated. No clinical, diagnostic, or treatment claims can be made. This is a candidate catalog for research review, not a clinical product. Disease risk reporting requires clinical validation, regulatory approval, and professional oversight.	
wg-2009	genetic_disease	Disease Risk (Sensitive)	complex_disease_risk	Kabuki Syndrome (KS)	Kabuki Syndrome (KS) (Genetic Association, Not Diagnostic)	5	rs79472;rs587783713;rs267607237;rs398122929;rs398123704	COL1A1;COL1A2;COL4A3;COL4A5;KDM6A;KMT2D;P3H1	structured_catalog_unvalidated	dbSNP/Ensembl validation; HGNC gene validation; ClinVar review; GWAS Catalog review; gnomAD population frequency; literature review	yes	yes	no	no	yes	yes	high	high	clinician_review_required	no	all rsIDs are externally unvalidated; disease risk claims require clinical evidence and regulatory approval	dbSNP validation; ClinVar review; GWAS replication; gnomAD frequency; clinical evidence review; regulatory approval	All genetic markers are externally unvalidated. No clinical, diagnostic, or treatment claims can be made. This is a candidate catalog for research review, not a clinical product. Disease risk reporting requires clinical validation, regulatory approval, and professional oversight.	
wg-1747	health_risk	Disease Risk (Sensitive)	complex_disease_risk	Kawasaki Disease	Kawasaki Disease (Genetic Association, Not Diagnostic)	6	rs1801274;rs2130392;rs28493229;rs2233152;rs2254546;rs2736340	BSN;CCHCR1;CENPU;FCGR2A;IL23R;ITPKC;PELI1	structured_catalog_unvalidated	dbSNP/Ensembl validation; HGNC gene validation; ClinVar review; GWAS Catalog review; gnomAD population frequency; literature review	yes	yes	no	no	yes	yes	high	high	clinician_review_required	no	all rsIDs are externally unvalidated; disease risk claims require clinical evidence and regulatory approval	dbSNP validation; ClinVar review; GWAS replication; gnomAD frequency; clinical evidence review; regulatory approval	All genetic markers are externally unvalidated. No clinical, diagnostic, or treatment claims can be made. This is a candidate catalog for research review, not a clinical product. Disease risk reporting requires clinical validation, regulatory approval, and professional oversight.	
wg-2195	genetic_disease	Disease Risk (Sensitive)	complex_disease_risk	Kenny-Caffey Syndrome (KCS)	Kenny-Caffey Syndrome (KCS) (Genetic Association, Not Diagnostic)	1	rs587777011	FAM111A	structured_catalog_unvalidated	dbSNP/Ensembl validation; HGNC gene validation; ClinVar review; GWAS Catalog review; gnomAD population frequency; literature review	yes	yes	no	no	yes	yes	high	high	clinician_review_required	no	all rsIDs are externally unvalidated; disease risk claims require clinical evidence and regulatory approval	dbSNP validation; ClinVar review; GWAS replication; gnomAD frequency; clinical evidence review; regulatory approval	All genetic markers are externally unvalidated. No clinical, diagnostic, or treatment claims can be made. This is a candidate catalog for research review, not a clinical product. Disease risk reporting requires clinical validation, regulatory approval, and professional oversight.	
wg-2196	genetic_disease	Disease Risk (Sensitive)	complex_disease_risk	Kniest Dysplasia	Kniest Dysplasia	1	rs121912877	COL2A1	structured_catalog_unvalidated	dbSNP/Ensembl validation; HGNC gene validation; ClinVar review; GWAS Catalog review; gnomAD population frequency; literature review	yes	yes	no	no	yes	yes	high	high	clinician_review_required	no	all rsIDs are externally unvalidated; disease risk claims require clinical evidence and regulatory approval	dbSNP validation; ClinVar review; GWAS replication; gnomAD frequency; clinical evidence review; regulatory approval	All genetic markers are externally unvalidated. No clinical, diagnostic, or treatment claims can be made. This is a candidate catalog for research review, not a clinical product. Disease risk reporting requires clinical validation, regulatory approval, and professional oversight.	
wg-2197	genetic_disease	Disease Risk (Sensitive)	complex_disease_risk	L1 Syndrome	L1 Syndrome (Genetic Association, Not Diagnostic)	2	rs137852520;rs797045673	L1CAM	structured_catalog_unvalidated	dbSNP/Ensembl validation; HGNC gene validation; ClinVar review; GWAS Catalog review; gnomAD population frequency; literature review	yes	yes	no	no	yes	yes	high	high	clinician_review_required	no	all rsIDs are externally unvalidated; disease risk claims require clinical evidence and regulatory approval	dbSNP validation; ClinVar review; GWAS replication; gnomAD frequency; clinical evidence review; regulatory approval	All genetic markers are externally unvalidated. No clinical, diagnostic, or treatment claims can be made. This is a candidate catalog for research review, not a clinical product. Disease risk reporting requires clinical validation, regulatory approval, and professional oversight.	
wg-1576	genetic_disease	Disease Risk (Sensitive)	complex_disease_risk	Large Vestibular Aqueduct Syndrome	Large Vestibular Aqueduct Syndrome (Genetic Association, Not Diagnostic)	4	rs39751;rs14795;rs786204739;rs200712253	ACTA2;APC;BTD;CLPB;LOX;MYH11;MYLK;PRKG1;SERAC1;SLC26A;SLC26A4;TAFAZZIN	structured_catalog_unvalidated	dbSNP/Ensembl validation; HGNC gene validation; ClinVar review; GWAS Catalog review; gnomAD population frequency; literature review	yes	yes	no	no	yes	yes	high	high	clinician_review_required	no	all rsIDs are externally unvalidated; disease risk claims require clinical evidence and regulatory approval	dbSNP validation; ClinVar review; GWAS replication; gnomAD frequency; clinical evidence review; regulatory approval	All genetic markers are externally unvalidated. No clinical, diagnostic, or treatment claims can be made. This is a candidate catalog for research review, not a clinical product. Disease risk reporting requires clinical validation, regulatory approval, and professional oversight.	
wg-38	health_risk	Disease Risk (Sensitive)	complex_disease_risk	Late-Onset Alzheimer's Disease	Late-Onset Alzheimer's Disease (Genetic Association, Not Diagnostic)	7	rs7101429;rs6675281;rs1992269;rs7412;rs892086;rs908832;rs5848	ABCA2;APOE;GCH1;KCNJ15;PSEN1;SORL1	structured_catalog_unvalidated	dbSNP/Ensembl validation; HGNC gene validation; ClinVar review; GWAS Catalog review; gnomAD population frequency; literature review	yes	yes	no	no	yes	yes	high	high	clinician_review_required	no	all rsIDs are externally unvalidated; disease risk claims require clinical evidence and regulatory approval	dbSNP validation; ClinVar review; GWAS replication; gnomAD frequency; clinical evidence review; regulatory approval	All genetic markers are externally unvalidated. No clinical, diagnostic, or treatment claims can be made. This is a candidate catalog for research review, not a clinical product. Disease risk reporting requires clinical validation, regulatory approval, and professional oversight.	
wg-1740	genetic_disease	Disease Risk (Sensitive)	complex_disease_risk	Left Ventricular Noncompaction	Left Ventricular Noncompaction	2	rs12190;rs12196	ABCA3;ACVRL1;FOXI1;GJA5;HCN4;KCNA5;KCNQ1;MYBPC;MYH7;RYR2;SCN5A;SLC25A;SLC25A15;SLC26A;SLC26A4;TNNT2;TPM1	structured_catalog_unvalidated	dbSNP/Ensembl validation; HGNC gene validation; ClinVar review; GWAS Catalog review; gnomAD population frequency; literature review	yes	yes	no	no	yes	yes	high	high	clinician_review_required	no	all rsIDs are externally unvalidated; disease risk claims require clinical evidence and regulatory approval	dbSNP validation; ClinVar review; GWAS replication; gnomAD frequency; clinical evidence review; regulatory approval	All genetic markers are externally unvalidated. No clinical, diagnostic, or treatment claims can be made. This is a candidate catalog for research review, not a clinical product. Disease risk reporting requires clinical validation, regulatory approval, and professional oversight.	
wg-2199	genetic_disease	Disease Risk (Sensitive)	complex_disease_risk	Leigh Syndrome	Leigh Syndrome (Genetic Association, Not Diagnostic)	5	rs78219;rs26760;rs118192100;rs1556423632;rs199474657	BAG3;CACNA;CACNA1S;DES;FLNC;NDUFS4;SCN4A;SURF1	structured_catalog_unvalidated	dbSNP/Ensembl validation; HGNC gene validation; ClinVar review; GWAS Catalog review; gnomAD population frequency; literature review	yes	yes	no	no	yes	yes	high	high	clinician_review_required	no	all rsIDs are externally unvalidated; disease risk claims require clinical evidence and regulatory approval	dbSNP validation; ClinVar review; GWAS replication; gnomAD frequency; clinical evidence review; regulatory approval	All genetic markers are externally unvalidated. No clinical, diagnostic, or treatment claims can be made. This is a candidate catalog for research review, not a clinical product. Disease risk reporting requires clinical validation, regulatory approval, and professional oversight.	
wg-2200	genetic_disease	Disease Risk (Sensitive)	complex_disease_risk	Lesch-Nyhan Syndrome (LNS)	Lesch-Nyhan Syndrome (LNS) (Genetic Association, Not Diagnostic)	3	rs137852480;rs137852486;rs137852487	HPRT1	structured_catalog_unvalidated	dbSNP/Ensembl validation; HGNC gene validation; ClinVar review; GWAS Catalog review; gnomAD population frequency; literature review	yes	yes	no	no	yes	yes	high	high	clinician_review_required	no	all rsIDs are externally unvalidated; disease risk claims require clinical evidence and regulatory approval	dbSNP validation; ClinVar review; GWAS replication; gnomAD frequency; clinical evidence review; regulatory approval	All genetic markers are externally unvalidated. No clinical, diagnostic, or treatment claims can be made. This is a candidate catalog for research review, not a clinical product. Disease risk reporting requires clinical validation, regulatory approval, and professional oversight.	
wg-2047	genetic_disease	Disease Risk (Sensitive)	complex_disease_risk	Leucine-Induced Hypoglycemia (LIH)	Leucine-Induced Hypoglycemia (LIH)	3	rs193922402;rs201682634;rs773306994	ABCC8	structured_catalog_unvalidated	dbSNP/Ensembl validation; HGNC gene validation; ClinVar review; GWAS Catalog review; gnomAD population frequency; literature review	yes	yes	no	no	yes	yes	high	high	clinician_review_required	no	all rsIDs are externally unvalidated; disease risk claims require clinical evidence and regulatory approval	dbSNP validation; ClinVar review; GWAS replication; gnomAD frequency; clinical evidence review; regulatory approval	All genetic markers are externally unvalidated. No clinical, diagnostic, or treatment claims can be made. This is a candidate catalog for research review, not a clinical product. Disease risk reporting requires clinical validation, regulatory approval, and professional oversight.	
wg-2140	genetic_disease	Disease Risk (Sensitive)	complex_disease_risk	Limb-Girdle Muscular Dystrophy (LGMD)	Limb-Girdle Muscular Dystrophy (LGMD)	3	rs121912938;rs121912939;rs121913572	COL12A1;COL6A1;COL6A3;LAMA2	structured_catalog_unvalidated	dbSNP/Ensembl validation; HGNC gene validation; ClinVar review; GWAS Catalog review; gnomAD population frequency; literature review	yes	yes	no	no	yes	yes	high	high	clinician_review_required	no	all rsIDs are externally unvalidated; disease risk claims require clinical evidence and regulatory approval	dbSNP validation; ClinVar review; GWAS replication; gnomAD frequency; clinical evidence review; regulatory approval	All genetic markers are externally unvalidated. No clinical, diagnostic, or treatment claims can be made. This is a candidate catalog for research review, not a clinical product. Disease risk reporting requires clinical validation, regulatory approval, and professional oversight.	
wg-2064	genetic_disease	Disease Risk (Sensitive)	complex_disease_risk	Lissencephaly	Lissencephaly	4	rs58778;rs104894782;rs1057517843;rs137853044	ARX;B1;CREBBP;DCX;EP300;PAFAH1;PAFAH1B1;TUBA1A	structured_catalog_unvalidated	dbSNP/Ensembl validation; HGNC gene validation; ClinVar review; GWAS Catalog review; gnomAD population frequency; literature review	yes	yes	no	no	yes	yes	high	high	clinician_review_required	no	all rsIDs are externally unvalidated; disease risk claims require clinical evidence and regulatory approval	dbSNP validation; ClinVar review; GWAS replication; gnomAD frequency; clinical evidence review; regulatory approval	All genetic markers are externally unvalidated. No clinical, diagnostic, or treatment claims can be made. This is a candidate catalog for research review, not a clinical product. Disease risk reporting requires clinical validation, regulatory approval, and professional oversight.	
wg-1727	genetic_disease	Disease Risk (Sensitive)	complex_disease_risk	Loeys Dietz Syndrome	Loeys Dietz Syndrome (Genetic Association, Not Diagnostic)	3	rs10489;rs73088;rs38790	CACNA1C;CAV3;CEP290;CLPB;COL3A1;CYP1A1;DMD;EPHX1;ESR2;GJB2;GJB3;GSTP1;HCN4;IQCB1;KCNH2;KCNJ2;KCNQ1;LOXHD;MYBPC;MYBPC3;MYL3;MYO15A;SCN5A;SDCCAG8;SDHB;SDHD;SERAC1;SLC26A4;SMAD3;TAFAZZIN;TGFB2;TGFBR1;TGFBR2;TNNI3;VHL;WDR19;WFS1	structured_catalog_unvalidated	dbSNP/Ensembl validation; HGNC gene validation; ClinVar review; GWAS Catalog review; gnomAD population frequency; literature review	yes	yes	no	no	yes	yes	high	high	clinician_review_required	no	all rsIDs are externally unvalidated; disease risk claims require clinical evidence and regulatory approval	dbSNP validation; ClinVar review; GWAS replication; gnomAD frequency; clinical evidence review; regulatory approval	All genetic markers are externally unvalidated. No clinical, diagnostic, or treatment claims can be made. This is a candidate catalog for research review, not a clinical product. Disease risk reporting requires clinical validation, regulatory approval, and professional oversight.	
wg-2302	genetic_tendency	Other/Unclassified	complex_disease_risk	Long Lifespan Tendency	Long Lifespan Tendency	6	rs13172;rs17514;rs2802288;rs602633;rs1556516;rs7844965	APOE;CHRNA;CHRNA3;FOXO3;FURIN	structured_catalog_unvalidated	dbSNP/Ensembl validation; HGNC gene validation; ClinVar review; GWAS Catalog review; gnomAD population frequency; literature review	yes	yes	no	no	yes	yes	high	high	clinician_review_required	no	all rsIDs are externally unvalidated; disease risk claims require clinical evidence and regulatory approval	dbSNP validation; ClinVar review; GWAS replication; gnomAD frequency; clinical evidence review; regulatory approval	All genetic markers are externally unvalidated. No clinical, diagnostic, or treatment claims can be made. This is a candidate catalog for research review, not a clinical product. Disease risk reporting requires clinical validation, regulatory approval, and professional oversight.	 QC downgraded from Tier A to Tier C.
wg-1738	genetic_disease	Disease Risk (Sensitive)	complex_disease_risk	Long QT Syndrome (LQTS)	Long QT Syndrome (LQTS) (Genetic Association, Not Diagnostic)	2	rs10489;rs19947	CACNA1C;CAV3;COL3A1;CYP1A1;DMD;EPHX1;ESR2;GJB2;GJB3;GSTP1;HCN4;KCNH2;KCNJ2;KCNQ1;LOXHD;MYBPC;MYBPC3;MYL3;MYO15A;SCN1B;SCN5A;SDHB;SDHD;SLC26A4;SMAD3;TGFB2;TGFBR1;TGFBR2;TNNI3;VHL;WFS1	structured_catalog_unvalidated	dbSNP/Ensembl validation; HGNC gene validation; ClinVar review; GWAS Catalog review; gnomAD population frequency; literature review	yes	yes	no	no	yes	yes	high	high	clinician_review_required	no	all rsIDs are externally unvalidated; disease risk claims require clinical evidence and regulatory approval	dbSNP validation; ClinVar review; GWAS replication; gnomAD frequency; clinical evidence review; regulatory approval	All genetic markers are externally unvalidated. No clinical, diagnostic, or treatment claims can be made. This is a candidate catalog for research review, not a clinical product. Disease risk reporting requires clinical validation, regulatory approval, and professional oversight.	
wg-2201	genetic_disease	Disease Risk (Sensitive)	complex_disease_risk	Lowe Syndrome	Lowe Syndrome (Genetic Association, Not Diagnostic)	2	rs794727182;rs794727333	OCRL	structured_catalog_unvalidated	dbSNP/Ensembl validation; HGNC gene validation; ClinVar review; GWAS Catalog review; gnomAD population frequency; literature review	yes	yes	no	no	yes	yes	high	high	clinician_review_required	no	all rsIDs are externally unvalidated; disease risk claims require clinical evidence and regulatory approval	dbSNP validation; ClinVar review; GWAS replication; gnomAD frequency; clinical evidence review; regulatory approval	All genetic markers are externally unvalidated. No clinical, diagnostic, or treatment claims can be made. This is a candidate catalog for research review, not a clinical product. Disease risk reporting requires clinical validation, regulatory approval, and professional oversight.	
wg-2153	genetic_disease	Disease Risk (Sensitive)	complex_disease_risk	Lymphoproliferative Syndrome	Lymphoproliferative Syndrome (Genetic Association, Not Diagnostic)	1	rs111033623	SH2D1A	structured_catalog_unvalidated	dbSNP/Ensembl validation; HGNC gene validation; ClinVar review; GWAS Catalog review; gnomAD population frequency; literature review	yes	yes	no	no	yes	yes	high	high	clinician_review_required	no	all rsIDs are externally unvalidated; disease risk claims require clinical evidence and regulatory approval	dbSNP validation; ClinVar review; GWAS replication; gnomAD frequency; clinical evidence review; regulatory approval	All genetic markers are externally unvalidated. No clinical, diagnostic, or treatment claims can be made. This is a candidate catalog for research review, not a clinical product. Disease risk reporting requires clinical validation, regulatory approval, and professional oversight.	
wg-1961	infection_risk	Disease Risk (Sensitive)	complex_disease_risk	M. leprae Infection	M. leprae Infection	7	rs22756;rs77061;rs28446;rs6871626;rs2221593;rs3764147;rs35829419	BATF3;C1;CCR5;IL12B;NLRP3;PARD3B;PSORS1	structured_catalog_unvalidated	dbSNP/Ensembl validation; HGNC gene validation; ClinVar review; GWAS Catalog review; gnomAD population frequency; literature review	yes	yes	no	no	yes	yes	high	high	clinician_review_required	no	all rsIDs are externally unvalidated; disease risk claims require clinical evidence and regulatory approval	dbSNP validation; ClinVar review; GWAS replication; gnomAD frequency; clinical evidence review; regulatory approval	All genetic markers are externally unvalidated. No clinical, diagnostic, or treatment claims can be made. This is a candidate catalog for research review, not a clinical product. Disease risk reporting requires clinical validation, regulatory approval, and professional oversight.	
wg-1960	infection_risk	Disease Risk (Sensitive)	complex_disease_risk	M. tuberculosis Infection	M. tuberculosis Infection	4	rs43314;rs61140;rs2269497;rs4240897	ESRRB;MFN2;RGS12;TGM6	structured_catalog_unvalidated	dbSNP/Ensembl validation; HGNC gene validation; ClinVar review; GWAS Catalog review; gnomAD population frequency; literature review	yes	yes	no	no	yes	yes	high	high	clinician_review_required	no	all rsIDs are externally unvalidated; disease risk claims require clinical evidence and regulatory approval	dbSNP validation; ClinVar review; GWAS replication; gnomAD frequency; clinical evidence review; regulatory approval	All genetic markers are externally unvalidated. No clinical, diagnostic, or treatment claims can be made. This is a candidate catalog for research review, not a clinical product. Disease risk reporting requires clinical validation, regulatory approval, and professional oversight.	
wg-1585	health_risk	Disease Risk (Sensitive)	complex_disease_risk	Male Baldness	Male Baldness	8	rs2180439;rs929626;rs6113492;rs1160312;rs1998076;rs1385699;rs2223841;rs1422798	EBF1;EDA2R;SLC14A2;SPPL2C	structured_catalog_unvalidated	dbSNP/Ensembl validation; HGNC gene validation; ClinVar review; GWAS Catalog review; gnomAD population frequency; literature review	yes	yes	no	no	yes	yes	high	high	clinician_review_required	no	all rsIDs are externally unvalidated; disease risk claims require clinical evidence and regulatory approval	dbSNP validation; ClinVar review; GWAS replication; gnomAD frequency; clinical evidence review; regulatory approval	All genetic markers are externally unvalidated. No clinical, diagnostic, or treatment claims can be made. This is a candidate catalog for research review, not a clinical product. Disease risk reporting requires clinical validation, regulatory approval, and professional oversight.	
wg-113	health_risk	Disease Risk (Sensitive)	complex_disease_risk	Male Breast Cancer	Male Breast Cancer (Genetic Association, Not Diagnostic)	2	rs1314913;rs3803662	CASC16;RAD51B	structured_catalog_unvalidated	dbSNP/Ensembl validation; HGNC gene validation; ClinVar review; GWAS Catalog review; gnomAD population frequency; literature review	yes	yes	no	no	yes	yes	high	high	clinician_review_required	no	all rsIDs are externally unvalidated; disease risk claims require clinical evidence and regulatory approval	dbSNP validation; ClinVar review; GWAS replication; gnomAD frequency; clinical evidence review; regulatory approval	All genetic markers are externally unvalidated. No clinical, diagnostic, or treatment claims can be made. This is a candidate catalog for research review, not a clinical product. Disease risk reporting requires clinical validation, regulatory approval, and professional oversight.	
wg-1968	infection_risk	Disease Risk (Sensitive)	complex_disease_risk	Male HPV Infection	Male HPV Infection	3	rs59661306;rs745772;rs9357152		structured_catalog_unvalidated	dbSNP/Ensembl validation; HGNC gene validation; ClinVar review; GWAS Catalog review; gnomAD population frequency; literature review	yes	yes	no	no	yes	yes	high	high	clinician_review_required	no	all rsIDs are externally unvalidated; disease risk claims require clinical evidence and regulatory approval	dbSNP validation; ClinVar review; GWAS replication; gnomAD frequency; clinical evidence review; regulatory approval	All genetic markers are externally unvalidated. No clinical, diagnostic, or treatment claims can be made. This is a candidate catalog for research review, not a clinical product. Disease risk reporting requires clinical validation, regulatory approval, and professional oversight.	
wg-1551	health_risk	Disease Risk (Sensitive)	complex_disease_risk	Mandibular Protrusion	Mandibular Protrusion	3	rs4654388;rs229038;rs1793953	COL2A1;EPB41	structured_catalog_unvalidated	dbSNP/Ensembl validation; HGNC gene validation; ClinVar review; GWAS Catalog review; gnomAD population frequency; literature review	yes	yes	no	no	yes	yes	high	high	clinician_review_required	no	all rsIDs are externally unvalidated; disease risk claims require clinical evidence and regulatory approval	dbSNP validation; ClinVar review; GWAS replication; gnomAD frequency; clinical evidence review; regulatory approval	All genetic markers are externally unvalidated. No clinical, diagnostic, or treatment claims can be made. This is a candidate catalog for research review, not a clinical product. Disease risk reporting requires clinical validation, regulatory approval, and professional oversight.	
wg-2097	genetic_disease	Disease Risk (Sensitive)	complex_disease_risk	Mandibuloacral Dysplasia with Type A Lipodystrophy (MADA)	Mandibuloacral Dysplasia with Type A Lipodystrophy (MADA)	6	rs38613;rs48335;rs61195;rs267607552;rs267607554;rs267607555	ALS2;LMNA;NEK1;SOD1;SPG11	structured_catalog_unvalidated	dbSNP/Ensembl validation; HGNC gene validation; ClinVar review; GWAS Catalog review; gnomAD population frequency; literature review	yes	yes	no	no	yes	yes	high	high	clinician_review_required	no	all rsIDs are externally unvalidated; disease risk claims require clinical evidence and regulatory approval	dbSNP validation; ClinVar review; GWAS replication; gnomAD frequency; clinical evidence review; regulatory approval	All genetic markers are externally unvalidated. No clinical, diagnostic, or treatment claims can be made. This is a candidate catalog for research review, not a clinical product. Disease risk reporting requires clinical validation, regulatory approval, and professional oversight.	
wg-2067	genetic_disease	Disease Risk (Sensitive)	complex_disease_risk	Maturity-Onset Diabetes of the Young (MODY)	Maturity-Onset Diabetes of the Young (MODY)	5	rs19392;rs11723;rs104894006;rs104894008;rs104894009	ABCC8;BTK;GCK;HNF1A;HNF4A;INS;KCNJ11;NAC5;PDX1;ST6GAL	structured_catalog_unvalidated	dbSNP/Ensembl validation; HGNC gene validation; ClinVar review; GWAS Catalog review; gnomAD population frequency; literature review	yes	yes	no	no	yes	yes	high	high	clinician_review_required	no	all rsIDs are externally unvalidated; disease risk claims require clinical evidence and regulatory approval	dbSNP validation; ClinVar review; GWAS replication; gnomAD frequency; clinical evidence review; regulatory approval	All genetic markers are externally unvalidated. No clinical, diagnostic, or treatment claims can be made. This is a candidate catalog for research review, not a clinical product. Disease risk reporting requires clinical validation, regulatory approval, and professional oversight.	
wg-2202	genetic_disease	Disease Risk (Sensitive)	complex_disease_risk	Meckel Syndrome (MKS)	Meckel Syndrome (MKS) (Genetic Association, Not Diagnostic)	5	rs75545;rs79704;rs121918204;rs145665129;rs1555293215	APOB;ATF6;BRAF;CC2D2A;CEP290;CNGA3;CNGB3;COASY;GNPTA;GNPTAB;GNPTG;KRAS;MAP2K1;MAP2K2;MCOLN;MCOLN1;MKS1;OCA2;PDE6C;PLA2G6;RPGRIP;SLC45A2;TMEM2;TMEM216;TMEM67;TYR;TYRP1;UBE3A;WDR45	structured_catalog_unvalidated	dbSNP/Ensembl validation; HGNC gene validation; ClinVar review; GWAS Catalog review; gnomAD population frequency; literature review	yes	yes	no	no	yes	yes	high	high	clinician_review_required	no	all rsIDs are externally unvalidated; disease risk claims require clinical evidence and regulatory approval	dbSNP validation; ClinVar review; GWAS replication; gnomAD frequency; clinical evidence review; regulatory approval	All genetic markers are externally unvalidated. No clinical, diagnostic, or treatment claims can be made. This is a candidate catalog for research review, not a clinical product. Disease risk reporting requires clinical validation, regulatory approval, and professional oversight.	
wg-1978	genetic_disease	Disease Risk (Sensitive)	complex_disease_risk	Megalencephalic Leukoencephalopathy with Subcortical Cysts (MLC)	Megalencephalic Leukoencephalopathy with Subcortical Cysts (MLC)	1	rs387907053	HEPACA;HEPACAM	structured_catalog_unvalidated	dbSNP/Ensembl validation; HGNC gene validation; ClinVar review; GWAS Catalog review; gnomAD population frequency; literature review	yes	yes	no	no	yes	yes	high	high	clinician_review_required	no	all rsIDs are externally unvalidated; disease risk claims require clinical evidence and regulatory approval	dbSNP validation; ClinVar review; GWAS replication; gnomAD frequency; clinical evidence review; regulatory approval	All genetic markers are externally unvalidated. No clinical, diagnostic, or treatment claims can be made. This is a candidate catalog for research review, not a clinical product. Disease risk reporting requires clinical validation, regulatory approval, and professional oversight.	
wg-2203	genetic_disease	Disease Risk (Sensitive)	complex_disease_risk	Meier-Gorlin Syndrome (MGS)	Meier-Gorlin Syndrome (MGS) (Genetic Association, Not Diagnostic)	0			no_rsids	dbSNP/Ensembl validation; HGNC gene validation; ClinVar review; GWAS Catalog review; gnomAD population frequency; literature review	yes	no	no	no	no	no	high	high	clinician_review_required	no	all rsIDs are externally unvalidated; disease risk claims require clinical evidence and regulatory approval; no genetic markers identified	dbSNP validation; ClinVar review; GWAS replication; gnomAD frequency; clinical evidence review; regulatory approval	All genetic markers are externally unvalidated. No clinical, diagnostic, or treatment claims can be made. This is a candidate catalog for research review, not a clinical product. Disease risk reporting requires clinical validation, regulatory approval, and professional oversight.	No rsIDs linked to this trait.
wg-68	health_risk	Disease Risk (Sensitive)	complex_disease_risk	Melanoma	Melanoma	7	rs16891982;rs12785878;rs35407;rs1408799;rs10741657;rs4785763;rs910873	ATP11A;CASP8;DCT;HERC2;IRF4;KIAA09;PIGU;SLC45A2;TYR	structured_catalog_unvalidated	dbSNP/Ensembl validation; HGNC gene validation; ClinVar review; GWAS Catalog review; gnomAD population frequency; literature review	yes	yes	no	no	yes	yes	high	high	clinician_review_required	no	all rsIDs are externally unvalidated; disease risk claims require clinical evidence and regulatory approval	dbSNP validation; ClinVar review; GWAS replication; gnomAD frequency; clinical evidence review; regulatory approval	All genetic markers are externally unvalidated. No clinical, diagnostic, or treatment claims can be made. This is a candidate catalog for research review, not a clinical product. Disease risk reporting requires clinical validation, regulatory approval, and professional oversight.	
wg-62	health_risk	Disease Risk (Sensitive)	complex_disease_risk	Meningioma	Meningioma	5	rs1801394;rs12770228;rs11012732;rs4968451;rs1805087	BRIP1;CASC10;MLLT10;MTHFR;MTRR	structured_catalog_unvalidated	dbSNP/Ensembl validation; HGNC gene validation; ClinVar review; GWAS Catalog review; gnomAD population frequency; literature review	yes	yes	no	no	yes	yes	high	high	clinician_review_required	no	all rsIDs are externally unvalidated; disease risk claims require clinical evidence and regulatory approval	dbSNP validation; ClinVar review; GWAS replication; gnomAD frequency; clinical evidence review; regulatory approval	All genetic markers are externally unvalidated. No clinical, diagnostic, or treatment claims can be made. This is a candidate catalog for research review, not a clinical product. Disease risk reporting requires clinical validation, regulatory approval, and professional oversight.	
wg-2129	genetic_disease	Disease Risk (Sensitive)	complex_disease_risk	Metachromatic Leukodystrophy (MLD)	Metachromatic Leukodystrophy (MLD)	3	rs199476382;rs199476389;rs398123414	ARSA	structured_catalog_unvalidated	dbSNP/Ensembl validation; HGNC gene validation; ClinVar review; GWAS Catalog review; gnomAD population frequency; literature review	yes	yes	no	no	yes	yes	high	high	clinician_review_required	no	all rsIDs are externally unvalidated; disease risk claims require clinical evidence and regulatory approval	dbSNP validation; ClinVar review; GWAS replication; gnomAD frequency; clinical evidence review; regulatory approval	All genetic markers are externally unvalidated. No clinical, diagnostic, or treatment claims can be made. This is a candidate catalog for research review, not a clinical product. Disease risk reporting requires clinical validation, regulatory approval, and professional oversight.	
wg-2270	exposure_risk	Disease Risk (Sensitive)	complex_disease_risk	Metal Dust	Metal Dust	1	rs7588395		structured_catalog_unvalidated	dbSNP/Ensembl validation; HGNC gene validation; ClinVar review; GWAS Catalog review; gnomAD population frequency; literature review	yes	yes	no	no	yes	yes	high	high	clinician_review_required	no	all rsIDs are externally unvalidated; disease risk claims require clinical evidence and regulatory approval	dbSNP validation; ClinVar review; GWAS replication; gnomAD frequency; clinical evidence review; regulatory approval	All genetic markers are externally unvalidated. No clinical, diagnostic, or treatment claims can be made. This is a candidate catalog for research review, not a clinical product. Disease risk reporting requires clinical validation, regulatory approval, and professional oversight.	
wg-2004	genetic_disease	Disease Risk (Sensitive)	complex_disease_risk	Metaphyseal Dysplasia without Hypotrichosis (MDWH)	Metaphyseal Dysplasia without Hypotrichosis (MDWH)	1	rs786204684	RMRP	structured_catalog_unvalidated	dbSNP/Ensembl validation; HGNC gene validation; ClinVar review; GWAS Catalog review; gnomAD population frequency; literature review	yes	yes	no	no	yes	yes	high	high	clinician_review_required	no	all rsIDs are externally unvalidated; disease risk claims require clinical evidence and regulatory approval	dbSNP validation; ClinVar review; GWAS replication; gnomAD frequency; clinical evidence review; regulatory approval	All genetic markers are externally unvalidated. No clinical, diagnostic, or treatment claims can be made. This is a candidate catalog for research review, not a clinical product. Disease risk reporting requires clinical validation, regulatory approval, and professional oversight.	
wg-2034	genetic_disease	Disease Risk (Sensitive)	complex_disease_risk	Methylmalonic Acidemia	Methylmalonic Acidemia	2	rs121918257;rs796052002	MMUT;MUT	structured_catalog_unvalidated	dbSNP/Ensembl validation; HGNC gene validation; ClinVar review; GWAS Catalog review; gnomAD population frequency; literature review	yes	yes	no	no	yes	yes	high	high	clinician_review_required	no	all rsIDs are externally unvalidated; disease risk claims require clinical evidence and regulatory approval	dbSNP validation; ClinVar review; GWAS replication; gnomAD frequency; clinical evidence review; regulatory approval	All genetic markers are externally unvalidated. No clinical, diagnostic, or treatment claims can be made. This is a candidate catalog for research review, not a clinical product. Disease risk reporting requires clinical validation, regulatory approval, and professional oversight.	
wg-2032	genetic_disease	Disease Risk (Sensitive)	complex_disease_risk	Methylmalonic Aciduria	Methylmalonic Aciduria	5	rs77255;rs75800;rs121918249;rs121918254;rs121918255	MMAA;MMAB;MMUT;MUT	structured_catalog_unvalidated	dbSNP/Ensembl validation; HGNC gene validation; ClinVar review; GWAS Catalog review; gnomAD population frequency; literature review	yes	yes	no	no	yes	yes	high	high	clinician_review_required	no	all rsIDs are externally unvalidated; disease risk claims require clinical evidence and regulatory approval	dbSNP validation; ClinVar review; GWAS replication; gnomAD frequency; clinical evidence review; regulatory approval	All genetic markers are externally unvalidated. No clinical, diagnostic, or treatment claims can be made. This is a candidate catalog for research review, not a clinical product. Disease risk reporting requires clinical validation, regulatory approval, and professional oversight.	
wg-2036	genetic_disease	Disease Risk (Sensitive)	complex_disease_risk	Mevalonic Aciduria (MA)	Mevalonic Aciduria (MA)	4	rs12191;rs104895298;rs104895301;rs104895311	BAG3;BMPR1A;COL4A3;COL4A5;DES;FLNC;MVK;RYR1;SMAD4;TNNI3	structured_catalog_unvalidated	dbSNP/Ensembl validation; HGNC gene validation; ClinVar review; GWAS Catalog review; gnomAD population frequency; literature review	yes	yes	no	no	yes	yes	high	high	clinician_review_required	no	all rsIDs are externally unvalidated; disease risk claims require clinical evidence and regulatory approval	dbSNP validation; ClinVar review; GWAS replication; gnomAD frequency; clinical evidence review; regulatory approval	All genetic markers are externally unvalidated. No clinical, diagnostic, or treatment claims can be made. This is a candidate catalog for research review, not a clinical product. Disease risk reporting requires clinical validation, regulatory approval, and professional oversight.	
wg-2115	genetic_disease	Disease Risk (Sensitive)	complex_disease_risk	Microcephalic Osteodysplastic Primordial Dwarfism (MOPD)	Microcephalic Osteodysplastic Primordial Dwarfism (MOPD)	3	rs119479063;rs151020551;rs181690344	PCNT	structured_catalog_unvalidated	dbSNP/Ensembl validation; HGNC gene validation; ClinVar review; GWAS Catalog review; gnomAD population frequency; literature review	yes	yes	no	no	yes	yes	high	high	clinician_review_required	no	all rsIDs are externally unvalidated; disease risk claims require clinical evidence and regulatory approval	dbSNP validation; ClinVar review; GWAS replication; gnomAD frequency; clinical evidence review; regulatory approval	All genetic markers are externally unvalidated. No clinical, diagnostic, or treatment claims can be made. This is a candidate catalog for research review, not a clinical product. Disease risk reporting requires clinical validation, regulatory approval, and professional oversight.	
wg-2116	genetic_disease	Disease Risk (Sensitive)	complex_disease_risk	Microcephaly-Capillary Malformation Syndrome (MICCAP)	Microcephaly-Capillary Malformation Syndrome (MICCAP) (Genetic Association, Not Diagnostic)	2	rs397509390;rs797046015	STAMBP	structured_catalog_unvalidated	dbSNP/Ensembl validation; HGNC gene validation; ClinVar review; GWAS Catalog review; gnomAD population frequency; literature review	yes	yes	no	no	yes	yes	high	high	clinician_review_required	no	all rsIDs are externally unvalidated; disease risk claims require clinical evidence and regulatory approval	dbSNP validation; ClinVar review; GWAS replication; gnomAD frequency; clinical evidence review; regulatory approval	All genetic markers are externally unvalidated. No clinical, diagnostic, or treatment claims can be made. This is a candidate catalog for research review, not a clinical product. Disease risk reporting requires clinical validation, regulatory approval, and professional oversight.	
wg-107	health_risk	Disease Risk (Sensitive)	complex_disease_risk	Migraines	Migraines	7	rs56019088;rs9349379;rs2160875;rs1024905;rs10218452;rs10166942;rs2651899	ADTRP;BRAP;CDKN2BAS;DAB1;LRP1;PALLD;PLCE1;PON1;PRDM16;SCML4;SNX19;THSD7A;TRPM8	structured_catalog_unvalidated	dbSNP/Ensembl validation; HGNC gene validation; ClinVar review; GWAS Catalog review; gnomAD population frequency; literature review	yes	yes	no	no	yes	yes	high	high	clinician_review_required	no	all rsIDs are externally unvalidated; disease risk claims require clinical evidence and regulatory approval	dbSNP validation; ClinVar review; GWAS replication; gnomAD frequency; clinical evidence review; regulatory approval	All genetic markers are externally unvalidated. No clinical, diagnostic, or treatment claims can be made. This is a candidate catalog for research review, not a clinical product. Disease risk reporting requires clinical validation, regulatory approval, and professional oversight.	
wg-2268	exposure_risk	Disease Risk (Sensitive)	complex_disease_risk	Mineral Dust	Mineral Dust	1	rs13278529		structured_catalog_unvalidated	dbSNP/Ensembl validation; HGNC gene validation; ClinVar review; GWAS Catalog review; gnomAD population frequency; literature review	yes	yes	no	no	yes	yes	high	high	clinician_review_required	no	all rsIDs are externally unvalidated; disease risk claims require clinical evidence and regulatory approval	dbSNP validation; ClinVar review; GWAS replication; gnomAD frequency; clinical evidence review; regulatory approval	All genetic markers are externally unvalidated. No clinical, diagnostic, or treatment claims can be made. This is a candidate catalog for research review, not a clinical product. Disease risk reporting requires clinical validation, regulatory approval, and professional oversight.	
wg-2113	genetic_disease	Disease Risk (Sensitive)	complex_disease_risk	Mitochondrial DNA Depletion Syndrome (MDS)	Mitochondrial DNA Depletion Syndrome (MDS) (Genetic Association, Not Diagnostic)	5	rs58777;rs88604;rs121909721;rs121909723;rs121913037	APBB1;CLP1;EXOSC3;FBN1;FBXL4;IL7R;MPV17;NPC1;NPC2;PGM3;PIK3R1;POLG;RARS2;SEPSEC;SLC25A;SMPD1;STAT1;SUCLG1;TK2;TSEN54;TYMP;VRK1	structured_catalog_unvalidated	dbSNP/Ensembl validation; HGNC gene validation; ClinVar review; GWAS Catalog review; gnomAD population frequency; literature review	yes	yes	no	no	yes	yes	high	high	clinician_review_required	no	all rsIDs are externally unvalidated; disease risk claims require clinical evidence and regulatory approval	dbSNP validation; ClinVar review; GWAS replication; gnomAD frequency; clinical evidence review; regulatory approval	All genetic markers are externally unvalidated. No clinical, diagnostic, or treatment claims can be made. This is a candidate catalog for research review, not a clinical product. Disease risk reporting requires clinical validation, regulatory approval, and professional oversight.	
wg-1580	genetic_disease	Disease Risk (Sensitive)	complex_disease_risk	Mitochondrial Hereditary Non-Syndromic Deafness	Mitochondrial Hereditary Non-Syndromic Deafness	2	rs199474818;rs28358569	RNR1	structured_catalog_unvalidated	dbSNP/Ensembl validation; HGNC gene validation; ClinVar review; GWAS Catalog review; gnomAD population frequency; literature review	yes	yes	no	no	yes	yes	high	high	clinician_review_required	no	all rsIDs are externally unvalidated; disease risk claims require clinical evidence and regulatory approval	dbSNP validation; ClinVar review; GWAS replication; gnomAD frequency; clinical evidence review; regulatory approval	All genetic markers are externally unvalidated. No clinical, diagnostic, or treatment claims can be made. This is a candidate catalog for research review, not a clinical product. Disease risk reporting requires clinical validation, regulatory approval, and professional oversight.	
wg-2204	genetic_disease	Disease Risk (Sensitive)	complex_disease_risk	Miyoshi Muscular Dystrophy (MMD)	Miyoshi Muscular Dystrophy (MMD)	5	rs39812;rs76601;rs121908956;rs121908958;rs121908959	AGL;ANO5;ARSB;BCKDH;BCKDHA;BCKDHB;BTD;CDAN1;DBT;DMD;DYSF;G6PC;G6PC1;GAA;GALNS;GBA;GBA1;GBE1;GLB1;GNPTA;GNPTAB;GNPTG;IDS;IDUA;MCOLN;MCOLN1;MSH6;MYO7A;PCDH15;PYGM;SEC23B;SGSH;USH1C;USH1G;USH2A	structured_catalog_unvalidated	dbSNP/Ensembl validation; HGNC gene validation; ClinVar review; GWAS Catalog review; gnomAD population frequency; literature review	yes	yes	no	no	yes	yes	high	high	clinician_review_required	no	all rsIDs are externally unvalidated; disease risk claims require clinical evidence and regulatory approval	dbSNP validation; ClinVar review; GWAS replication; gnomAD frequency; clinical evidence review; regulatory approval	All genetic markers are externally unvalidated. No clinical, diagnostic, or treatment claims can be made. This is a candidate catalog for research review, not a clinical product. Disease risk reporting requires clinical validation, regulatory approval, and professional oversight.	
wg-1584	genetic_disease	Disease Risk (Sensitive)	complex_disease_risk	Mohr-Tranebjaerg Syndrome	Mohr-Tranebjaerg Syndrome (Genetic Association, Not Diagnostic)	1	rs80356560	TIMM8A	structured_catalog_unvalidated	dbSNP/Ensembl validation; HGNC gene validation; ClinVar review; GWAS Catalog review; gnomAD population frequency; literature review	yes	yes	no	no	yes	yes	high	high	clinician_review_required	no	all rsIDs are externally unvalidated; disease risk claims require clinical evidence and regulatory approval	dbSNP validation; ClinVar review; GWAS replication; gnomAD frequency; clinical evidence review; regulatory approval	All genetic markers are externally unvalidated. No clinical, diagnostic, or treatment claims can be made. This is a candidate catalog for research review, not a clinical product. Disease risk reporting requires clinical validation, regulatory approval, and professional oversight.	
wg-1548	health_risk	Disease Risk (Sensitive)	complex_disease_risk	Mouth Ulcers	Mouth Ulcers	6	rs1800871;rs11697325;rs1800796;rs1801133;rs1800896;rs1143634	ADA;ADAMTS1;ADGRE1;ADH1B;ALDH2;APC;APOE;CHRNA;COMT;CYP1B1;CYP4A1;CYP4A11;FGFR4;FUT2;FYCO1;GLT6D1;GNAS;IL10;IL1B;IL37;MMP9;MTHFR;MTRR;NLRP3;PCAT19;PER2;SELE;SLC23A1;SYK;TFCP2L1;TIMM23B	structured_catalog_unvalidated	dbSNP/Ensembl validation; HGNC gene validation; ClinVar review; GWAS Catalog review; gnomAD population frequency; literature review	yes	yes	no	no	yes	yes	high	high	clinician_review_required	no	all rsIDs are externally unvalidated; disease risk claims require clinical evidence and regulatory approval	dbSNP validation; ClinVar review; GWAS replication; gnomAD frequency; clinical evidence review; regulatory approval	All genetic markers are externally unvalidated. No clinical, diagnostic, or treatment claims can be made. This is a candidate catalog for research review, not a clinical product. Disease risk reporting requires clinical validation, regulatory approval, and professional oversight.	
wg-2205	genetic_disease	Disease Risk (Sensitive)	complex_disease_risk	Mowat-Wilson Syndrome (MWS)	Mowat-Wilson Syndrome (MWS) (Genetic Association, Not Diagnostic)	0			no_rsids	dbSNP/Ensembl validation; HGNC gene validation; ClinVar review; GWAS Catalog review; gnomAD population frequency; literature review	yes	no	no	no	no	no	high	high	clinician_review_required	no	all rsIDs are externally unvalidated; disease risk claims require clinical evidence and regulatory approval; no genetic markers identified	dbSNP validation; ClinVar review; GWAS replication; gnomAD frequency; clinical evidence review; regulatory approval	All genetic markers are externally unvalidated. No clinical, diagnostic, or treatment claims can be made. This is a candidate catalog for research review, not a clinical product. Disease risk reporting requires clinical validation, regulatory approval, and professional oversight.	No rsIDs linked to this trait.
wg-2057	genetic_disease	Disease Risk (Sensitive)	complex_disease_risk	Mucolipidosis	Mucolipidosis	5	rs39812;rs79704;rs104886461;rs121908371;rs121908373	AGL;ANO5;APOB;ARSB;ATF6;BCKDH;BCKDHA;BCKDHB;BRAF;BTD;CC2D2A;CDAN1;CEP290;CNGA3;CNGB3;COASY;DBT;DMD;DYSF;G6PC;G6PC1;GAA;GALNS;GBA;GBA1;GBE1;GLB1;GNPTA;GNPTAB;GNPTG;IDS;IDUA;KRAS;MAP2K1;MAP2K2;MCOLN;MCOLN1;MKS1;MSH6;MYO7A;OCA2;PCDH15;PDE6C;PLA2G6;PYGM;RPGRIP;SEC23B;SGSH;SLC45A2;TMEM2;TMEM216;TMEM67;TYR;TYRP1;UBE3A;USH1C;USH1G;USH2A;WDR45	structured_catalog_unvalidated	dbSNP/Ensembl validation; HGNC gene validation; ClinVar review; GWAS Catalog review; gnomAD population frequency; literature review	yes	yes	no	no	yes	yes	high	high	clinician_review_required	no	all rsIDs are externally unvalidated; disease risk claims require clinical evidence and regulatory approval	dbSNP validation; ClinVar review; GWAS replication; gnomAD frequency; clinical evidence review; regulatory approval	All genetic markers are externally unvalidated. No clinical, diagnostic, or treatment claims can be made. This is a candidate catalog for research review, not a clinical product. Disease risk reporting requires clinical validation, regulatory approval, and professional oversight.	
wg-2056	genetic_disease	Disease Risk (Sensitive)	complex_disease_risk	Mucopolysaccharidosis (MPS)	Mucopolysaccharidosis (MPS)	5	rs72750;rs39812;rs104894641;rs104894856;rs113993945	AGL;ANO5;ARSB;BCKDH;BCKDHA;BCKDHB;BTD;CDAN1;DBT;DMD;DYSF;G6PC;G6PC1;GAA;GALNS;GBA;GBA1;GBE1;GJB2;GLB1;GNPTA;GNPTAB;GNPTG;IDS;IDUA;LOXHD;MCOLN;MCOLN1;MSH6;MYO15A;MYO7A;PCDH15;PYGM;SEC23B;SGSH;SLC26A4;USH1C;USH1G;USH2A	structured_catalog_unvalidated	dbSNP/Ensembl validation; HGNC gene validation; ClinVar review; GWAS Catalog review; gnomAD population frequency; literature review	yes	yes	no	no	yes	yes	high	high	clinician_review_required	no	all rsIDs are externally unvalidated; disease risk claims require clinical evidence and regulatory approval	dbSNP validation; ClinVar review; GWAS replication; gnomAD frequency; clinical evidence review; regulatory approval	All genetic markers are externally unvalidated. No clinical, diagnostic, or treatment claims can be made. This is a candidate catalog for research review, not a clinical product. Disease risk reporting requires clinical validation, regulatory approval, and professional oversight.	
wg-69	health_risk	Disease Risk (Sensitive)	complex_disease_risk	Multiple Sclerosis (MS)	Multiple Sclerosis (MS)	9	rs117822168;rs3135391;rs3135388;rs3129934;rs7326018;rs10492972;rs725613;rs68979932;rs10984447	BRINP1;CLEC16A;ICAM1;IL7R;KIF1B;NOS3;TLR2	structured_catalog_unvalidated	dbSNP/Ensembl validation; HGNC gene validation; ClinVar review; GWAS Catalog review; gnomAD population frequency; literature review	yes	yes	no	no	yes	yes	high	high	clinician_review_required	no	all rsIDs are externally unvalidated; disease risk claims require clinical evidence and regulatory approval	dbSNP validation; ClinVar review; GWAS replication; gnomAD frequency; clinical evidence review; regulatory approval	All genetic markers are externally unvalidated. No clinical, diagnostic, or treatment claims can be made. This is a candidate catalog for research review, not a clinical product. Disease risk reporting requires clinical validation, regulatory approval, and professional oversight.	
wg-2276	health_risk	Disease Risk (Sensitive)	complex_disease_risk	Multisite Chronic Pain	Multisite Chronic Pain	7	rs11871043;rs2424248;rs1946247;rs1443914;rs6926377;rs10888692;rs6770476	FAF1;GABRB2;KNDC1;SORCS3;STAG1	structured_catalog_unvalidated	dbSNP/Ensembl validation; HGNC gene validation; ClinVar review; GWAS Catalog review; gnomAD population frequency; literature review	yes	yes	no	no	yes	yes	high	high	clinician_review_required	no	all rsIDs are externally unvalidated; disease risk claims require clinical evidence and regulatory approval	dbSNP validation; ClinVar review; GWAS replication; gnomAD frequency; clinical evidence review; regulatory approval	All genetic markers are externally unvalidated. No clinical, diagnostic, or treatment claims can be made. This is a candidate catalog for research review, not a clinical product. Disease risk reporting requires clinical validation, regulatory approval, and professional oversight.	
wg-1997	genetic_disease	Disease Risk (Sensitive)	complex_disease_risk	Multisystemic Smooth Muscle Dysfunction Syndrome (MSMDS)	Multisystemic Smooth Muscle Dysfunction Syndrome (MSMDS) (Genetic Association, Not Diagnostic)	2	rs387906592;rs886039303	ACTA2	structured_catalog_unvalidated	dbSNP/Ensembl validation; HGNC gene validation; ClinVar review; GWAS Catalog review; gnomAD population frequency; literature review	yes	yes	no	no	yes	yes	high	high	clinician_review_required	no	all rsIDs are externally unvalidated; disease risk claims require clinical evidence and regulatory approval	dbSNP validation; ClinVar review; GWAS replication; gnomAD frequency; clinical evidence review; regulatory approval	All genetic markers are externally unvalidated. No clinical, diagnostic, or treatment claims can be made. This is a candidate catalog for research review, not a clinical product. Disease risk reporting requires clinical validation, regulatory approval, and professional oversight.	
wg-135	health_risk	Disease Risk (Sensitive)	complex_disease_risk	Myeloproliferative Neoplasm (MPN)	Myeloproliferative Neoplasm (MPN)	5	rs4487645;rs12340895;rs13338946;rs10936600;rs1948915	CCAT1;ELL2;JAK2;LRRC34;WAC	structured_catalog_unvalidated	dbSNP/Ensembl validation; HGNC gene validation; ClinVar review; GWAS Catalog review; gnomAD population frequency; literature review	yes	yes	no	no	yes	yes	high	high	clinician_review_required	no	all rsIDs are externally unvalidated; disease risk claims require clinical evidence and regulatory approval	dbSNP validation; ClinVar review; GWAS replication; gnomAD frequency; clinical evidence review; regulatory approval	All genetic markers are externally unvalidated. No clinical, diagnostic, or treatment claims can be made. This is a candidate catalog for research review, not a clinical product. Disease risk reporting requires clinical validation, regulatory approval, and professional oversight.	
wg-2206	genetic_disease	Disease Risk (Sensitive)	complex_disease_risk	Myhre Syndrome	Myhre Syndrome (Genetic Association, Not Diagnostic)	3	rs281875320;rs281875321;rs1555686624	SMAD4	structured_catalog_unvalidated	dbSNP/Ensembl validation; HGNC gene validation; ClinVar review; GWAS Catalog review; gnomAD population frequency; literature review	yes	yes	no	no	yes	yes	high	high	clinician_review_required	no	all rsIDs are externally unvalidated; disease risk claims require clinical evidence and regulatory approval	dbSNP validation; ClinVar review; GWAS replication; gnomAD frequency; clinical evidence review; regulatory approval	All genetic markers are externally unvalidated. No clinical, diagnostic, or treatment claims can be made. This is a candidate catalog for research review, not a clinical product. Disease risk reporting requires clinical validation, regulatory approval, and professional oversight.	
wg-2273	health_risk	Disease Risk (Sensitive)	complex_disease_risk	Myocardial Infarction (MI)	Myocardial Infarction (MI)	8	rs2422293;rs55730499;rs9982601;rs1620983;rs55766194;rs11591147;rs6761276;rs10455872	DAB2IP;ERG;IL1F10;LPA;LPL;NEDD9;NOS3;PCSK9	structured_catalog_unvalidated	dbSNP/Ensembl validation; HGNC gene validation; ClinVar review; GWAS Catalog review; gnomAD population frequency; literature review	yes	yes	no	no	yes	yes	high	high	clinician_review_required	no	all rsIDs are externally unvalidated; disease risk claims require clinical evidence and regulatory approval	dbSNP validation; ClinVar review; GWAS replication; gnomAD frequency; clinical evidence review; regulatory approval	All genetic markers are externally unvalidated. No clinical, diagnostic, or treatment claims can be made. This is a candidate catalog for research review, not a clinical product. Disease risk reporting requires clinical validation, regulatory approval, and professional oversight.	
wg-2015	genetic_disease	Disease Risk (Sensitive)	complex_disease_risk	Myofibrillar Myopathy (MFM)	Myofibrillar Myopathy (MFM)	6	rs12191;rs26760;rs15629;rs1057517945;rs1064795229;rs1114167361	BAG3;BMPR1A;CACNA;CACNA1S;COL4A3;COL4A5;DES;FLNC;MVK;NDUFS4;RYR1;SCN4A;SMAD4;SURF1;TNNI3	structured_catalog_unvalidated	dbSNP/Ensembl validation; HGNC gene validation; ClinVar review; GWAS Catalog review; gnomAD population frequency; literature review	yes	yes	no	no	yes	yes	high	high	clinician_review_required	no	all rsIDs are externally unvalidated; disease risk claims require clinical evidence and regulatory approval	dbSNP validation; ClinVar review; GWAS replication; gnomAD frequency; clinical evidence review; regulatory approval	All genetic markers are externally unvalidated. No clinical, diagnostic, or treatment claims can be made. This is a candidate catalog for research review, not a clinical product. Disease risk reporting requires clinical validation, regulatory approval, and professional oversight.	
wg-1766	health_risk	Disease Risk (Sensitive)	complex_disease_risk	Myopia	Myopia	8	rs2166181;rs12032649;rs7042950;rs1550094;rs2155413;rs10880855;rs1649068;rs1994840	CASC15;FLT1;HERC2;PDGFRA;PRSS56;RGR;TFAP2B	structured_catalog_unvalidated	dbSNP/Ensembl validation; HGNC gene validation; ClinVar review; GWAS Catalog review; gnomAD population frequency; literature review	yes	yes	no	no	yes	yes	high	high	clinician_review_required	no	all rsIDs are externally unvalidated; disease risk claims require clinical evidence and regulatory approval	dbSNP validation; ClinVar review; GWAS replication; gnomAD frequency; clinical evidence review; regulatory approval	All genetic markers are externally unvalidated. No clinical, diagnostic, or treatment claims can be made. This is a candidate catalog for research review, not a clinical product. Disease risk reporting requires clinical validation, regulatory approval, and professional oversight.	
wg-2031	genetic_disease	Disease Risk (Sensitive)	complex_disease_risk	Nail-patella Syndrome (NPS)	Nail-patella Syndrome (NPS) (Genetic Association, Not Diagnostic)	1	rs864621969	LMX1B	structured_catalog_unvalidated	dbSNP/Ensembl validation; HGNC gene validation; ClinVar review; GWAS Catalog review; gnomAD population frequency; literature review	yes	yes	no	no	yes	yes	high	high	clinician_review_required	no	all rsIDs are externally unvalidated; disease risk claims require clinical evidence and regulatory approval	dbSNP validation; ClinVar review; GWAS replication; gnomAD frequency; clinical evidence review; regulatory approval	All genetic markers are externally unvalidated. No clinical, diagnostic, or treatment claims can be made. This is a candidate catalog for research review, not a clinical product. Disease risk reporting requires clinical validation, regulatory approval, and professional oversight.	
wg-2207	genetic_disease	Disease Risk (Sensitive)	complex_disease_risk	Nance-Horan Syndrome (NHS)	Nance-Horan Syndrome (NHS) (Genetic Association, Not Diagnostic)	1	rs132630322	NHS	structured_catalog_unvalidated	dbSNP/Ensembl validation; HGNC gene validation; ClinVar review; GWAS Catalog review; gnomAD population frequency; literature review	yes	yes	no	no	yes	yes	high	high	clinician_review_required	no	all rsIDs are externally unvalidated; disease risk claims require clinical evidence and regulatory approval	dbSNP validation; ClinVar review; GWAS replication; gnomAD frequency; clinical evidence review; regulatory approval	All genetic markers are externally unvalidated. No clinical, diagnostic, or treatment claims can be made. This is a candidate catalog for research review, not a clinical product. Disease risk reporting requires clinical validation, regulatory approval, and professional oversight.	
wg-2252	exposure_risk	Disease Risk (Sensitive)	complex_disease_risk	Natural Rubber Latex	Natural Rubber Latex	1	rs1800925	IL13;TH2LCRR	structured_catalog_unvalidated	dbSNP/Ensembl validation; HGNC gene validation; ClinVar review; GWAS Catalog review; gnomAD population frequency; literature review	yes	yes	no	no	yes	yes	high	high	clinician_review_required	no	all rsIDs are externally unvalidated; disease risk claims require clinical evidence and regulatory approval	dbSNP validation; ClinVar review; GWAS replication; gnomAD frequency; clinical evidence review; regulatory approval	All genetic markers are externally unvalidated. No clinical, diagnostic, or treatment claims can be made. This is a candidate catalog for research review, not a clinical product. Disease risk reporting requires clinical validation, regulatory approval, and professional oversight.	
wg-2003	genetic_disease	Disease Risk (Sensitive)	complex_disease_risk	Nemaline Myopathy (NM)	Nemaline Myopathy (NM)	3	rs398124172;rs121964854;rs398124167	NEB;TPM3	structured_catalog_unvalidated	dbSNP/Ensembl validation; HGNC gene validation; ClinVar review; GWAS Catalog review; gnomAD population frequency; literature review	yes	yes	no	no	yes	yes	high	high	clinician_review_required	no	all rsIDs are externally unvalidated; disease risk claims require clinical evidence and regulatory approval	dbSNP validation; ClinVar review; GWAS replication; gnomAD frequency; clinical evidence review; regulatory approval	All genetic markers are externally unvalidated. No clinical, diagnostic, or treatment claims can be made. This is a candidate catalog for research review, not a clinical product. Disease risk reporting requires clinical validation, regulatory approval, and professional oversight.	
wg-2078	genetic_disease	Disease Risk (Sensitive)	complex_disease_risk	Nephronophthisis (NPHP)	Nephronophthisis (NPHP)	3	rs119456962;rs121907899;rs137853108	CEP290;NPHP1;NPHP3;TMEM6;TTC21B	structured_catalog_unvalidated	dbSNP/Ensembl validation; HGNC gene validation; ClinVar review; GWAS Catalog review; gnomAD population frequency; literature review	yes	yes	no	no	yes	yes	high	high	clinician_review_required	no	all rsIDs are externally unvalidated; disease risk claims require clinical evidence and regulatory approval	dbSNP validation; ClinVar review; GWAS replication; gnomAD frequency; clinical evidence review; regulatory approval	All genetic markers are externally unvalidated. No clinical, diagnostic, or treatment claims can be made. This is a candidate catalog for research review, not a clinical product. Disease risk reporting requires clinical validation, regulatory approval, and professional oversight.	
wg-2076	genetic_disease	Disease Risk (Sensitive)	complex_disease_risk	Nephropathic Cystinosis	Nephropathic Cystinosis	3	rs760256854;rs786204501;rs113994207	CTNS	structured_catalog_unvalidated	dbSNP/Ensembl validation; HGNC gene validation; ClinVar review; GWAS Catalog review; gnomAD population frequency; literature review	yes	yes	no	no	yes	yes	high	high	clinician_review_required	no	all rsIDs are externally unvalidated; disease risk claims require clinical evidence and regulatory approval	dbSNP validation; ClinVar review; GWAS replication; gnomAD frequency; clinical evidence review; regulatory approval	All genetic markers are externally unvalidated. No clinical, diagnostic, or treatment claims can be made. This is a candidate catalog for research review, not a clinical product. Disease risk reporting requires clinical validation, regulatory approval, and professional oversight.	
wg-2208	genetic_disease	Disease Risk (Sensitive)	complex_disease_risk	Neu-Laxova Syndrome (NLS)	Neu-Laxova Syndrome (NLS) (Genetic Association, Not Diagnostic)	1	rs267606948	PHGDH	structured_catalog_unvalidated	dbSNP/Ensembl validation; HGNC gene validation; ClinVar review; GWAS Catalog review; gnomAD population frequency; literature review	yes	yes	no	no	yes	yes	high	high	clinician_review_required	no	all rsIDs are externally unvalidated; disease risk claims require clinical evidence and regulatory approval	dbSNP validation; ClinVar review; GWAS replication; gnomAD frequency; clinical evidence review; regulatory approval	All genetic markers are externally unvalidated. No clinical, diagnostic, or treatment claims can be made. This is a candidate catalog for research review, not a clinical product. Disease risk reporting requires clinical validation, regulatory approval, and professional oversight.	
wg-76	health_risk	Disease Risk (Sensitive)	complex_disease_risk	Neuroblastoma	Neuroblastoma	5	rs6939340;rs6435862;rs3768716;rs7585356;rs110419	BARD1;CASC15;LMO1	structured_catalog_unvalidated	dbSNP/Ensembl validation; HGNC gene validation; ClinVar review; GWAS Catalog review; gnomAD population frequency; literature review	yes	yes	no	no	yes	yes	high	high	clinician_review_required	no	all rsIDs are externally unvalidated; disease risk claims require clinical evidence and regulatory approval	dbSNP validation; ClinVar review; GWAS replication; gnomAD frequency; clinical evidence review; regulatory approval	All genetic markers are externally unvalidated. No clinical, diagnostic, or treatment claims can be made. This is a candidate catalog for research review, not a clinical product. Disease risk reporting requires clinical validation, regulatory approval, and professional oversight.	
wg-2075	genetic_disease	Disease Risk (Sensitive)	complex_disease_risk	Neuronal Ceroid Lipofuscinosis (NCL)	Neuronal Ceroid Lipofuscinosis (NCL)	5	rs79605;rs72415;rs104894060;rs119455953;rs121908080	AHI1;CACNA1A;CC2D2A;CDKL5;CHD2;CLN3;CLN5;CLN8;INPP5E;KIAA05;MFSD8;PCCA;PCCB;PCDH19;PPT1;RPGRIP1L;SCN2A;TMEM67;UQCRFS1	structured_catalog_unvalidated	dbSNP/Ensembl validation; HGNC gene validation; ClinVar review; GWAS Catalog review; gnomAD population frequency; literature review	yes	yes	no	no	yes	yes	high	high	clinician_review_required	no	all rsIDs are externally unvalidated; disease risk claims require clinical evidence and regulatory approval	dbSNP validation; ClinVar review; GWAS replication; gnomAD frequency; clinical evidence review; regulatory approval	All genetic markers are externally unvalidated. No clinical, diagnostic, or treatment claims can be made. This is a candidate catalog for research review, not a clinical product. Disease risk reporting requires clinical validation, regulatory approval, and professional oversight.	
wg-2209	genetic_disease	Disease Risk (Sensitive)	complex_disease_risk	Nicolaides-Baraitser Syndrome (NCBRS)	Nicolaides-Baraitser Syndrome (NCBRS) (Genetic Association, Not Diagnostic)	3	rs281875189;rs797045974;rs797045976	SMARCA;SMARCA2	structured_catalog_unvalidated	dbSNP/Ensembl validation; HGNC gene validation; ClinVar review; GWAS Catalog review; gnomAD population frequency; literature review	yes	yes	no	no	yes	yes	high	high	clinician_review_required	no	all rsIDs are externally unvalidated; disease risk claims require clinical evidence and regulatory approval	dbSNP validation; ClinVar review; GWAS replication; gnomAD frequency; clinical evidence review; regulatory approval	All genetic markers are externally unvalidated. No clinical, diagnostic, or treatment claims can be made. This is a candidate catalog for research review, not a clinical product. Disease risk reporting requires clinical validation, regulatory approval, and professional oversight.	
wg-2210	genetic_disease	Disease Risk (Sensitive)	complex_disease_risk	Niemann-Pick Disease (NPD)	Niemann-Pick Disease (NPD) (Genetic Association, Not Diagnostic)	5	rs80358;rs88604;rs1057516403;rs120074118;rs120074119	APBB1;FBXL4;MPV17;NPC1;NPC2;POLG;SLC25A;SMPD1;SUCLG1;TK2;TYMP	structured_catalog_unvalidated	dbSNP/Ensembl validation; HGNC gene validation; ClinVar review; GWAS Catalog review; gnomAD population frequency; literature review	yes	yes	no	no	yes	yes	high	high	clinician_review_required	no	all rsIDs are externally unvalidated; disease risk claims require clinical evidence and regulatory approval	dbSNP validation; ClinVar review; GWAS replication; gnomAD frequency; clinical evidence review; regulatory approval	All genetic markers are externally unvalidated. No clinical, diagnostic, or treatment claims can be made. This is a candidate catalog for research review, not a clinical product. Disease risk reporting requires clinical validation, regulatory approval, and professional oversight.	
wg-2264	exposure_risk	Disease Risk (Sensitive)	complex_disease_risk	Night Shift	Night Shift	1	rs10830963	KCNJ11;MTNR1B;SLC30A8;TCF7L2;WFS1	structured_catalog_unvalidated	dbSNP/Ensembl validation; HGNC gene validation; ClinVar review; GWAS Catalog review; gnomAD population frequency; literature review	yes	yes	no	no	yes	yes	high	high	clinician_review_required	no	all rsIDs are externally unvalidated; disease risk claims require clinical evidence and regulatory approval	dbSNP validation; ClinVar review; GWAS replication; gnomAD frequency; clinical evidence review; regulatory approval	All genetic markers are externally unvalidated. No clinical, diagnostic, or treatment claims can be made. This is a candidate catalog for research review, not a clinical product. Disease risk reporting requires clinical validation, regulatory approval, and professional oversight.	
wg-2254	exposure_risk	Disease Risk (Sensitive)	complex_disease_risk	Noises	Noises	1	rs9321402	EYA4	structured_catalog_unvalidated	dbSNP/Ensembl validation; HGNC gene validation; ClinVar review; GWAS Catalog review; gnomAD population frequency; literature review	yes	yes	no	no	yes	yes	high	high	clinician_review_required	no	all rsIDs are externally unvalidated; disease risk claims require clinical evidence and regulatory approval	dbSNP validation; ClinVar review; GWAS replication; gnomAD frequency; clinical evidence review; regulatory approval	All genetic markers are externally unvalidated. No clinical, diagnostic, or treatment claims can be made. This is a candidate catalog for research review, not a clinical product. Disease risk reporting requires clinical validation, regulatory approval, and professional oversight.	
wg-2272	exposure_risk	Disease Risk (Sensitive)	complex_disease_risk	Non-aromatic Solvents	Non-aromatic Solvents	1	rs7758025	ARHGAP;ARHGAP18	structured_catalog_unvalidated	dbSNP/Ensembl validation; HGNC gene validation; ClinVar review; GWAS Catalog review; gnomAD population frequency; literature review	yes	yes	no	no	yes	yes	high	high	clinician_review_required	no	all rsIDs are externally unvalidated; disease risk claims require clinical evidence and regulatory approval	dbSNP validation; ClinVar review; GWAS replication; gnomAD frequency; clinical evidence review; regulatory approval	All genetic markers are externally unvalidated. No clinical, diagnostic, or treatment claims can be made. This is a candidate catalog for research review, not a clinical product. Disease risk reporting requires clinical validation, regulatory approval, and professional oversight.	
wg-1735	genetic_disease	Disease Risk (Sensitive)	complex_disease_risk	Noonan Syndrome	Noonan Syndrome (Genetic Association, Not Diagnostic)	0			no_rsids	dbSNP/Ensembl validation; HGNC gene validation; ClinVar review; GWAS Catalog review; gnomAD population frequency; literature review	yes	no	no	no	no	no	high	high	clinician_review_required	no	all rsIDs are externally unvalidated; disease risk claims require clinical evidence and regulatory approval; no genetic markers identified	dbSNP validation; ClinVar review; GWAS replication; gnomAD frequency; clinical evidence review; regulatory approval	All genetic markers are externally unvalidated. No clinical, diagnostic, or treatment claims can be made. This is a candidate catalog for research review, not a clinical product. Disease risk reporting requires clinical validation, regulatory approval, and professional oversight.	No rsIDs linked to this trait.
wg-1965	infection_risk	Disease Risk (Sensitive)	complex_disease_risk	Norovirus Infection	Norovirus Infection	2	rs601338;rs1047781	ABCG8;APOE;CLYBL;FUT2;MS4A3;SLC10A2;UGT1A1	structured_catalog_unvalidated	dbSNP/Ensembl validation; HGNC gene validation; ClinVar review; GWAS Catalog review; gnomAD population frequency; literature review	yes	yes	no	no	yes	yes	high	high	clinician_review_required	no	all rsIDs are externally unvalidated; disease risk claims require clinical evidence and regulatory approval	dbSNP validation; ClinVar review; GWAS replication; gnomAD frequency; clinical evidence review; regulatory approval	All genetic markers are externally unvalidated. No clinical, diagnostic, or treatment claims can be made. This is a candidate catalog for research review, not a clinical product. Disease risk reporting requires clinical validation, regulatory approval, and professional oversight.	
wg-2255	exposure_risk	Disease Risk (Sensitive)	complex_disease_risk	Nuts	Nuts	1	rs324015	STAT6	structured_catalog_unvalidated	dbSNP/Ensembl validation; HGNC gene validation; ClinVar review; GWAS Catalog review; gnomAD population frequency; literature review	yes	yes	no	no	yes	yes	high	high	clinician_review_required	no	all rsIDs are externally unvalidated; disease risk claims require clinical evidence and regulatory approval	dbSNP validation; ClinVar review; GWAS replication; gnomAD frequency; clinical evidence review; regulatory approval	All genetic markers are externally unvalidated. No clinical, diagnostic, or treatment claims can be made. This is a candidate catalog for research review, not a clinical product. Disease risk reporting requires clinical validation, regulatory approval, and professional oversight.	
wg-86	health_risk	Disease Risk (Sensitive)	complex_disease_risk	Obesity	Obesity	0			no_rsids	dbSNP/Ensembl validation; HGNC gene validation; ClinVar review; GWAS Catalog review; gnomAD population frequency; literature review	yes	no	no	no	no	no	high	high	clinician_review_required	no	all rsIDs are externally unvalidated; disease risk claims require clinical evidence and regulatory approval; no genetic markers identified	dbSNP validation; ClinVar review; GWAS replication; gnomAD frequency; clinical evidence review; regulatory approval	All genetic markers are externally unvalidated. No clinical, diagnostic, or treatment claims can be made. This is a candidate catalog for research review, not a clinical product. Disease risk reporting requires clinical validation, regulatory approval, and professional oversight.	No rsIDs linked to this trait.
wg-2269	exposure_risk	Disease Risk (Sensitive)	complex_disease_risk	Occupational Stress	Occupational Stress	4	rs2304672;rs1805193;rs1801131;rs1801133	ADA;ADAMTS1;ADH1B;ALDH2;APC;APOE;CHRNA;COMT;CYP4A1;CYP4A11;GNAS;IL1B;MMP9;MTHFR;MTRR;NLRP3;PER2;SELE;SYK	structured_catalog_unvalidated	dbSNP/Ensembl validation; HGNC gene validation; ClinVar review; GWAS Catalog review; gnomAD population frequency; literature review	yes	yes	no	no	yes	yes	high	high	clinician_review_required	no	all rsIDs are externally unvalidated; disease risk claims require clinical evidence and regulatory approval	dbSNP validation; ClinVar review; GWAS replication; gnomAD frequency; clinical evidence review; regulatory approval	All genetic markers are externally unvalidated. No clinical, diagnostic, or treatment claims can be made. This is a candidate catalog for research review, not a clinical product. Disease risk reporting requires clinical validation, regulatory approval, and professional oversight.	
wg-2123	genetic_disease	Disease Risk (Sensitive)	complex_disease_risk	Oculocutaneous Albinism (OCA)	Oculocutaneous Albinism (OCA)	5	rs62645;rs79704;rs104894316;rs142988897;rs281865424	APOB;ATF6;BRAF;CC2D2A;CEP290;CNGA3;CNGB3;COASY;GNPTA;GNPTAB;GNPTG;KRAS;MAP2K1;MAP2K2;MCOLN;MCOLN1;MKS1;OCA2;PDE6C;PLA2G6;RPGRIP;SLC45A2;TMEM2;TMEM216;TMEM67;TYR;TYRP1;UBE3A;WDR45	structured_catalog_unvalidated	dbSNP/Ensembl validation; HGNC gene validation; ClinVar review; GWAS Catalog review; gnomAD population frequency; literature review	yes	yes	no	no	yes	yes	high	high	clinician_review_required	no	all rsIDs are externally unvalidated; disease risk claims require clinical evidence and regulatory approval	dbSNP validation; ClinVar review; GWAS replication; gnomAD frequency; clinical evidence review; regulatory approval	All genetic markers are externally unvalidated. No clinical, diagnostic, or treatment claims can be made. This is a candidate catalog for research review, not a clinical product. Disease risk reporting requires clinical validation, regulatory approval, and professional oversight.	
wg-2211	genetic_disease	Disease Risk (Sensitive)	complex_disease_risk	Ogden Syndrome	Ogden Syndrome (Genetic Association, Not Diagnostic)	3	rs587780563;rs797044868;rs878853263	NAA10	structured_catalog_unvalidated	dbSNP/Ensembl validation; HGNC gene validation; ClinVar review; GWAS Catalog review; gnomAD population frequency; literature review	yes	yes	no	no	yes	yes	high	high	clinician_review_required	no	all rsIDs are externally unvalidated; disease risk claims require clinical evidence and regulatory approval	dbSNP validation; ClinVar review; GWAS replication; gnomAD frequency; clinical evidence review; regulatory approval	All genetic markers are externally unvalidated. No clinical, diagnostic, or treatment claims can be made. This is a candidate catalog for research review, not a clinical product. Disease risk reporting requires clinical validation, regulatory approval, and professional oversight.	
wg-1546	health_risk	Disease Risk (Sensitive)	complex_disease_risk	Open-Angle Glaucoma	Open-Angle Glaucoma	7	rs2472493;rs10819187;rs33912345;rs2472494;rs6952464;rs10918274;rs12139208	ANGPT1;EXOC2;RARB;RSPO1;TMCO1	structured_catalog_unvalidated	dbSNP/Ensembl validation; HGNC gene validation; ClinVar review; GWAS Catalog review; gnomAD population frequency; literature review	yes	yes	no	no	yes	yes	high	high	clinician_review_required	no	all rsIDs are externally unvalidated; disease risk claims require clinical evidence and regulatory approval	dbSNP validation; ClinVar review; GWAS replication; gnomAD frequency; clinical evidence review; regulatory approval	All genetic markers are externally unvalidated. No clinical, diagnostic, or treatment claims can be made. This is a candidate catalog for research review, not a clinical product. Disease risk reporting requires clinical validation, regulatory approval, and professional oversight.	
wg-2081	genetic_disease	Disease Risk (Sensitive)	complex_disease_risk	Optic Atrophy (OA)	Optic Atrophy (OA)	4	rs803565;rs730882246;rs753611141;rs768643552	DNM1L;ISCA2;OPA3	structured_catalog_unvalidated	dbSNP/Ensembl validation; HGNC gene validation; ClinVar review; GWAS Catalog review; gnomAD population frequency; literature review	yes	yes	no	no	yes	yes	high	high	clinician_review_required	no	all rsIDs are externally unvalidated; disease risk claims require clinical evidence and regulatory approval	dbSNP validation; ClinVar review; GWAS replication; gnomAD frequency; clinical evidence review; regulatory approval	All genetic markers are externally unvalidated. No clinical, diagnostic, or treatment claims can be made. This is a candidate catalog for research review, not a clinical product. Disease risk reporting requires clinical validation, regulatory approval, and professional oversight.	
wg-116	health_risk	Disease Risk (Sensitive)	complex_disease_risk	Osteoarthritis (OA)	Osteoarthritis (OA)	10	rs1330349;rs11071366;rs11984666;rs10492367;rs7294636;rs10947262;rs11718863;rs7639618;rs143383;rs4140564	BTNL2;COG5;COL11A1;GDF5;GSDMC;IL1B;KIAA1217;MCF2L;THBS2	structured_catalog_unvalidated	dbSNP/Ensembl validation; HGNC gene validation; ClinVar review; GWAS Catalog review; gnomAD population frequency; literature review	yes	yes	no	no	yes	yes	high	high	clinician_review_required	no	all rsIDs are externally unvalidated; disease risk claims require clinical evidence and regulatory approval	dbSNP validation; ClinVar review; GWAS replication; gnomAD frequency; clinical evidence review; regulatory approval	All genetic markers are externally unvalidated. No clinical, diagnostic, or treatment claims can be made. This is a candidate catalog for research review, not a clinical product. Disease risk reporting requires clinical validation, regulatory approval, and professional oversight.	
wg-1986	genetic_disease	Disease Risk (Sensitive)	complex_disease_risk	Osteogenesis Imperfecta (OI)	Osteogenesis Imperfecta (OI)	5	rs72658;rs79472;rs118203996;rs121918011;rs193922143	COL1A1;COL1A2;COL4A3;COL4A5;KDM6A;KMT2D;P3H1	structured_catalog_unvalidated	dbSNP/Ensembl validation; HGNC gene validation; ClinVar review; GWAS Catalog review; gnomAD population frequency; literature review	yes	yes	no	no	yes	yes	high	high	clinician_review_required	no	all rsIDs are externally unvalidated; disease risk claims require clinical evidence and regulatory approval	dbSNP validation; ClinVar review; GWAS replication; gnomAD frequency; clinical evidence review; regulatory approval	All genetic markers are externally unvalidated. No clinical, diagnostic, or treatment claims can be made. This is a candidate catalog for research review, not a clinical product. Disease risk reporting requires clinical validation, regulatory approval, and professional oversight.	
wg-2050	genetic_disease	Disease Risk (Sensitive)	complex_disease_risk	Osteoglophonic Dysplasia	Osteoglophonic Dysplasia	1	rs121909627	FGFR1	structured_catalog_unvalidated	dbSNP/Ensembl validation; HGNC gene validation; ClinVar review; GWAS Catalog review; gnomAD population frequency; literature review	yes	yes	no	no	yes	yes	high	high	clinician_review_required	no	all rsIDs are externally unvalidated; disease risk claims require clinical evidence and regulatory approval	dbSNP validation; ClinVar review; GWAS replication; gnomAD frequency; clinical evidence review; regulatory approval	All genetic markers are externally unvalidated. No clinical, diagnostic, or treatment claims can be made. This is a candidate catalog for research review, not a clinical product. Disease risk reporting requires clinical validation, regulatory approval, and professional oversight.	
wg-1979	genetic_disease	Disease Risk (Sensitive)	complex_disease_risk	Osteopathia Striata with Cranial Sclerosis (OSCS)	Osteopathia Striata with Cranial Sclerosis (OSCS)	1	rs398122877	AMER1	structured_catalog_unvalidated	dbSNP/Ensembl validation; HGNC gene validation; ClinVar review; GWAS Catalog review; gnomAD population frequency; literature review	yes	yes	no	no	yes	yes	high	high	clinician_review_required	no	all rsIDs are externally unvalidated; disease risk claims require clinical evidence and regulatory approval	dbSNP validation; ClinVar review; GWAS replication; gnomAD frequency; clinical evidence review; regulatory approval	All genetic markers are externally unvalidated. No clinical, diagnostic, or treatment claims can be made. This is a candidate catalog for research review, not a clinical product. Disease risk reporting requires clinical validation, regulatory approval, and professional oversight.	
wg-2011	genetic_disease	Disease Risk (Sensitive)	complex_disease_risk	Osteopetrosis	Osteopetrosis	3	rs121908670;rs387907576;rs751881962	CLCN7;LRP5;TCIRG1	structured_catalog_unvalidated	dbSNP/Ensembl validation; HGNC gene validation; ClinVar review; GWAS Catalog review; gnomAD population frequency; literature review	yes	yes	no	no	yes	yes	high	high	clinician_review_required	no	all rsIDs are externally unvalidated; disease risk claims require clinical evidence and regulatory approval	dbSNP validation; ClinVar review; GWAS replication; gnomAD frequency; clinical evidence review; regulatory approval	All genetic markers are externally unvalidated. No clinical, diagnostic, or treatment claims can be made. This is a candidate catalog for research review, not a clinical product. Disease risk reporting requires clinical validation, regulatory approval, and professional oversight.	
wg-1554	health_risk	Disease Risk (Sensitive)	complex_disease_risk	Osteoporosis	Osteoporosis	8	rs4988321;rs34240317;rs13182402;rs3770748;rs2306033;rs10457487;rs11003047;rs3736228	ESR1;FUBP3;LRP5;QPCT;RSPO3	structured_catalog_unvalidated	dbSNP/Ensembl validation; HGNC gene validation; ClinVar review; GWAS Catalog review; gnomAD population frequency; literature review	yes	yes	no	no	yes	yes	high	high	clinician_review_required	no	all rsIDs are externally unvalidated; disease risk claims require clinical evidence and regulatory approval	dbSNP validation; ClinVar review; GWAS replication; gnomAD frequency; clinical evidence review; regulatory approval	All genetic markers are externally unvalidated. No clinical, diagnostic, or treatment claims can be made. This is a candidate catalog for research review, not a clinical product. Disease risk reporting requires clinical validation, regulatory approval, and professional oversight.	
wg-1999	genetic_disease	Disease Risk (Sensitive)	complex_disease_risk	Otospondylomegaepiphyseal Dysplasia (OSMED)	Otospondylomegaepiphyseal Dysplasia (OSMED)	1	rs121912945	COL11A2	structured_catalog_unvalidated	dbSNP/Ensembl validation; HGNC gene validation; ClinVar review; GWAS Catalog review; gnomAD population frequency; literature review	yes	yes	no	no	yes	yes	high	high	clinician_review_required	no	all rsIDs are externally unvalidated; disease risk claims require clinical evidence and regulatory approval	dbSNP validation; ClinVar review; GWAS replication; gnomAD frequency; clinical evidence review; regulatory approval	All genetic markers are externally unvalidated. No clinical, diagnostic, or treatment claims can be made. This is a candidate catalog for research review, not a clinical product. Disease risk reporting requires clinical validation, regulatory approval, and professional oversight.	
wg-64	health_risk	Disease Risk (Sensitive)	complex_disease_risk	Paget's Disease of Bone	Paget's Disease of Bone (Genetic Association, Not Diagnostic)	3	rs3018362;rs484959;rs1561570	OPTN	structured_catalog_unvalidated	dbSNP/Ensembl validation; HGNC gene validation; ClinVar review; GWAS Catalog review; gnomAD population frequency; literature review	yes	yes	no	no	yes	yes	high	high	clinician_review_required	no	all rsIDs are externally unvalidated; disease risk claims require clinical evidence and regulatory approval	dbSNP validation; ClinVar review; GWAS replication; gnomAD frequency; clinical evidence review; regulatory approval	All genetic markers are externally unvalidated. No clinical, diagnostic, or treatment claims can be made. This is a candidate catalog for research review, not a clinical product. Disease risk reporting requires clinical validation, regulatory approval, and professional oversight.	
wg-2124	genetic_disease	Disease Risk (Sensitive)	complex_disease_risk	Pancreatic Agenesis (PAGEN)	Pancreatic Agenesis (PAGEN)	2	rs1555241857;rs80356661	PDX1	structured_catalog_unvalidated	dbSNP/Ensembl validation; HGNC gene validation; ClinVar review; GWAS Catalog review; gnomAD population frequency; literature review	yes	yes	no	no	yes	yes	high	high	clinician_review_required	no	all rsIDs are externally unvalidated; disease risk claims require clinical evidence and regulatory approval	dbSNP validation; ClinVar review; GWAS replication; gnomAD frequency; clinical evidence review; regulatory approval	All genetic markers are externally unvalidated. No clinical, diagnostic, or treatment claims can be made. This is a candidate catalog for research review, not a clinical product. Disease risk reporting requires clinical validation, regulatory approval, and professional oversight.	
wg-79	health_risk	Disease Risk (Sensitive)	complex_disease_risk	Pancreatic Cancer	Pancreatic Cancer (Genetic Association, Not Diagnostic)	8	rs1517037;rs3790844;rs505922;rs9543325;rs13303010;rs1801516;rs2941471;rs4795218	ABO;ATM;CHRNA3;F5;GRP;HNF1B;HNF4G;LPL;NOC2L;NR5A2;PTPN11	structured_catalog_unvalidated	dbSNP/Ensembl validation; HGNC gene validation; ClinVar review; GWAS Catalog review; gnomAD population frequency; literature review	yes	yes	no	no	yes	yes	high	high	clinician_review_required	no	all rsIDs are externally unvalidated; disease risk claims require clinical evidence and regulatory approval	dbSNP validation; ClinVar review; GWAS replication; gnomAD frequency; clinical evidence review; regulatory approval	All genetic markers are externally unvalidated. No clinical, diagnostic, or treatment claims can be made. This is a candidate catalog for research review, not a clinical product. Disease risk reporting requires clinical validation, regulatory approval, and professional oversight.	
wg-47	health_risk	Disease Risk (Sensitive)	complex_disease_risk	Parkinson's Disease (PD)	Parkinson's Disease (PD) (Genetic Association, Not Diagnostic)	8	rs10513789;rs11155313;rs34311866;rs823128;rs11868035;rs111290936;rs112019125;rs9652490	EIF4G1;MCCC1;PHACTR2;SLC45A3;SREBF1	structured_catalog_unvalidated	dbSNP/Ensembl validation; HGNC gene validation; ClinVar review; GWAS Catalog review; gnomAD population frequency; literature review	yes	yes	no	no	yes	yes	high	high	clinician_review_required	no	all rsIDs are externally unvalidated; disease risk claims require clinical evidence and regulatory approval	dbSNP validation; ClinVar review; GWAS replication; gnomAD frequency; clinical evidence review; regulatory approval	All genetic markers are externally unvalidated. No clinical, diagnostic, or treatment claims can be made. This is a candidate catalog for research review, not a clinical product. Disease risk reporting requires clinical validation, regulatory approval, and professional oversight.	
wg-2257	exposure_risk	Disease Risk (Sensitive)	complex_disease_risk	Peaches	Peaches	1	rs28359884		structured_catalog_unvalidated	dbSNP/Ensembl validation; HGNC gene validation; ClinVar review; GWAS Catalog review; gnomAD population frequency; literature review	yes	yes	no	no	yes	yes	high	high	clinician_review_required	no	all rsIDs are externally unvalidated; disease risk claims require clinical evidence and regulatory approval	dbSNP validation; ClinVar review; GWAS replication; gnomAD frequency; clinical evidence review; regulatory approval	All genetic markers are externally unvalidated. No clinical, diagnostic, or treatment claims can be made. This is a candidate catalog for research review, not a clinical product. Disease risk reporting requires clinical validation, regulatory approval, and professional oversight.	
wg-2259	exposure_risk	Disease Risk (Sensitive)	complex_disease_risk	Peanuts	Peanuts	4	rs12123;rs9275596;rs7192;rs9273440	DRA;IL13;TH2LCRR	structured_catalog_unvalidated	dbSNP/Ensembl validation; HGNC gene validation; ClinVar review; GWAS Catalog review; gnomAD population frequency; literature review	yes	yes	no	no	yes	yes	high	high	clinician_review_required	no	all rsIDs are externally unvalidated; disease risk claims require clinical evidence and regulatory approval	dbSNP validation; ClinVar review; GWAS replication; gnomAD frequency; clinical evidence review; regulatory approval	All genetic markers are externally unvalidated. No clinical, diagnostic, or treatment claims can be made. This is a candidate catalog for research review, not a clinical product. Disease risk reporting requires clinical validation, regulatory approval, and professional oversight.	
wg-2212	genetic_disease	Disease Risk (Sensitive)	complex_disease_risk	Pelizaeus-Merzbacher Disease (PMD)	Pelizaeus-Merzbacher Disease (PMD) (Genetic Association, Not Diagnostic)	3	rs11543022;rs132630278;rs132630279	PLP1	structured_catalog_unvalidated	dbSNP/Ensembl validation; HGNC gene validation; ClinVar review; GWAS Catalog review; gnomAD population frequency; literature review	yes	yes	no	no	yes	yes	high	high	clinician_review_required	no	all rsIDs are externally unvalidated; disease risk claims require clinical evidence and regulatory approval	dbSNP validation; ClinVar review; GWAS replication; gnomAD frequency; clinical evidence review; regulatory approval	All genetic markers are externally unvalidated. No clinical, diagnostic, or treatment claims can be made. This is a candidate catalog for research review, not a clinical product. Disease risk reporting requires clinical validation, regulatory approval, and professional oversight.	
wg-1571	genetic_disease	Disease Risk (Sensitive)	complex_disease_risk	Pendred Syndrome	Pendred Syndrome (Genetic Association, Not Diagnostic)	4	rs11103;rs12190;rs786204426;rs397516430	ABCA3;ACVRL1;FOXI1;GJA5;HCN4;KCNA5;KCNQ1;MYBPC;MYH7;MYO7A;PCDH15;RYR2;SCN5A;SLC25A;SLC25A15;SLC26A;SLC26A4;TNNT2;TPM1;USH1C;USH1G;USH2A	structured_catalog_unvalidated	dbSNP/Ensembl validation; HGNC gene validation; ClinVar review; GWAS Catalog review; gnomAD population frequency; literature review	yes	yes	no	no	yes	yes	high	high	clinician_review_required	no	all rsIDs are externally unvalidated; disease risk claims require clinical evidence and regulatory approval	dbSNP validation; ClinVar review; GWAS replication; gnomAD frequency; clinical evidence review; regulatory approval	All genetic markers are externally unvalidated. No clinical, diagnostic, or treatment claims can be made. This is a candidate catalog for research review, not a clinical product. Disease risk reporting requires clinical validation, regulatory approval, and professional oversight.	
wg-1549	health_risk	Disease Risk (Sensitive)	complex_disease_risk	Periodontitis	Periodontitis	6	rs2521634;rs1537415;rs6596473;rs3826782;rs3811046;rs1143634	ADGRE1;GLT6D1;IL1B;IL37;MMP9;MTHFR;NLRP3;SELE;SLC23A1	structured_catalog_unvalidated	dbSNP/Ensembl validation; HGNC gene validation; ClinVar review; GWAS Catalog review; gnomAD population frequency; literature review	yes	yes	no	no	yes	yes	high	high	clinician_review_required	no	all rsIDs are externally unvalidated; disease risk claims require clinical evidence and regulatory approval	dbSNP validation; ClinVar review; GWAS replication; gnomAD frequency; clinical evidence review; regulatory approval	All genetic markers are externally unvalidated. No clinical, diagnostic, or treatment claims can be made. This is a candidate catalog for research review, not a clinical product. Disease risk reporting requires clinical validation, regulatory approval, and professional oversight.	
wg-1581	genetic_disease	Disease Risk (Sensitive)	complex_disease_risk	Peroxisome Biosynthesis Disorder	Peroxisome Biosynthesis Disorder (Genetic Association, Not Diagnostic)	3	rs12143;rs794729652;rs61750427	ATM;BRAF;CASQ2;DSP;GJA5;KCNQ1;PEX1;PEX6;PKP2;RYR2;TRDN	structured_catalog_unvalidated	dbSNP/Ensembl validation; HGNC gene validation; ClinVar review; GWAS Catalog review; gnomAD population frequency; literature review	yes	yes	no	no	yes	yes	high	high	clinician_review_required	no	all rsIDs are externally unvalidated; disease risk claims require clinical evidence and regulatory approval	dbSNP validation; ClinVar review; GWAS replication; gnomAD frequency; clinical evidence review; regulatory approval	All genetic markers are externally unvalidated. No clinical, diagnostic, or treatment claims can be made. This is a candidate catalog for research review, not a clinical product. Disease risk reporting requires clinical validation, regulatory approval, and professional oversight.	
wg-2253	exposure_risk	Disease Risk (Sensitive)	complex_disease_risk	Pesticides	Pesticides	2	rs4244285;rs3129882	CYP2C19	structured_catalog_unvalidated	dbSNP/Ensembl validation; HGNC gene validation; ClinVar review; GWAS Catalog review; gnomAD population frequency; literature review	yes	yes	no	no	yes	yes	high	high	clinician_review_required	no	all rsIDs are externally unvalidated; disease risk claims require clinical evidence and regulatory approval	dbSNP validation; ClinVar review; GWAS replication; gnomAD frequency; clinical evidence review; regulatory approval	All genetic markers are externally unvalidated. No clinical, diagnostic, or treatment claims can be made. This is a candidate catalog for research review, not a clinical product. Disease risk reporting requires clinical validation, regulatory approval, and professional oversight.	
wg-1760	genetic_disease	Disease Risk (Sensitive)	complex_disease_risk	Pheochromocytoma	Pheochromocytoma	2	rs10489;rs50308	CACNA1C;CAV3;COL3A1;CYP1A1;DMD;EPHX1;ESR2;GJB2;GJB3;GSTP1;HCN4;KCNH2;KCNJ2;KCNQ1;LOXHD;MYBPC;MYBPC3;MYL3;MYO15A;SCN5A;SDHB;SDHD;SLC26A4;SMAD3;TGFB2;TGFBR1;TGFBR2;TNNI3;VHL;WFS1	structured_catalog_unvalidated	dbSNP/Ensembl validation; HGNC gene validation; ClinVar review; GWAS Catalog review; gnomAD population frequency; literature review	yes	yes	no	no	yes	yes	high	high	clinician_review_required	no	all rsIDs are externally unvalidated; disease risk claims require clinical evidence and regulatory approval	dbSNP validation; ClinVar review; GWAS replication; gnomAD frequency; clinical evidence review; regulatory approval	All genetic markers are externally unvalidated. No clinical, diagnostic, or treatment claims can be made. This is a candidate catalog for research review, not a clinical product. Disease risk reporting requires clinical validation, regulatory approval, and professional oversight.	
wg-1955	lifestyle_guidance	Visible Traits	complex_disease_risk	Physical Activity x CHD Moderate protective role	Physical Activity x CHD Moderate protective role	2	rs1042713;rs1800588	ADRB2;LIPC	structured_catalog_unvalidated	dbSNP/Ensembl validation; HGNC gene validation; ClinVar review; GWAS Catalog review; gnomAD population frequency; literature review	yes	yes	no	no	yes	yes	high	high	clinician_review_required	no	all rsIDs are externally unvalidated; disease risk claims require clinical evidence and regulatory approval	dbSNP validation; ClinVar review; GWAS replication; gnomAD frequency; clinical evidence review; regulatory approval	All genetic markers are externally unvalidated. No clinical, diagnostic, or treatment claims can be made. This is a candidate catalog for research review, not a clinical product. Disease risk reporting requires clinical validation, regulatory approval, and professional oversight.	 QC downgraded from Tier A to Tier C.
wg-1954	lifestyle_guidance	Visible Traits	complex_disease_risk	Physical Activity x Hypertension Slightly strong protective role	Physical Activity x Hypertension Slightly strong protective role	2	rs198389;rs10177833	NPPB;SLC4A5	structured_catalog_unvalidated	dbSNP/Ensembl validation; HGNC gene validation; ClinVar review; GWAS Catalog review; gnomAD population frequency; literature review	yes	yes	no	no	yes	yes	high	high	clinician_review_required	no	all rsIDs are externally unvalidated; disease risk claims require clinical evidence and regulatory approval	dbSNP validation; ClinVar review; GWAS replication; gnomAD frequency; clinical evidence review; regulatory approval	All genetic markers are externally unvalidated. No clinical, diagnostic, or treatment claims can be made. This is a candidate catalog for research review, not a clinical product. Disease risk reporting requires clinical validation, regulatory approval, and professional oversight.	 QC downgraded from Tier A to Tier C.
wg-1953	lifestyle_guidance	Visible Traits	complex_disease_risk	Physical Activity x T2D Slightly strong protective role	Physical Activity x T2D Slightly strong protective role	4	rs18012;rs5404;rs17036314;rs3758947	PPARG;SLC2A2	structured_catalog_unvalidated	dbSNP/Ensembl validation; HGNC gene validation; ClinVar review; GWAS Catalog review; gnomAD population frequency; literature review	yes	yes	no	no	yes	yes	high	high	clinician_review_required	no	all rsIDs are externally unvalidated; disease risk claims require clinical evidence and regulatory approval	dbSNP validation; ClinVar review; GWAS replication; gnomAD frequency; clinical evidence review; regulatory approval	All genetic markers are externally unvalidated. No clinical, diagnostic, or treatment claims can be made. This is a candidate catalog for research review, not a clinical product. Disease risk reporting requires clinical validation, regulatory approval, and professional oversight.	 QC downgraded from Tier A to Tier C.
wg-1964	infection_risk	Disease Risk (Sensitive)	complex_disease_risk	Plasmodium Infection	Plasmodium Infection	4	rs2365860;rs10900585;rs8176719;rs372091	ABO;ATP2B4;OR51B5	structured_catalog_unvalidated	dbSNP/Ensembl validation; HGNC gene validation; ClinVar review; GWAS Catalog review; gnomAD population frequency; literature review	yes	yes	no	no	yes	yes	high	high	clinician_review_required	no	all rsIDs are externally unvalidated; disease risk claims require clinical evidence and regulatory approval	dbSNP validation; ClinVar review; GWAS replication; gnomAD frequency; clinical evidence review; regulatory approval	All genetic markers are externally unvalidated. No clinical, diagnostic, or treatment claims can be made. This is a candidate catalog for research review, not a clinical product. Disease risk reporting requires clinical validation, regulatory approval, and professional oversight.	
wg-1995	genetic_disease	Disease Risk (Sensitive)	complex_disease_risk	Polycystic Kidney Disease (PKD)	Polycystic Kidney Disease (PKD) (Genetic Association, Not Diagnostic)	4	rs797045101;rs1240212722;rs137852947;rs148617572	PKD2;PKHD1	structured_catalog_unvalidated	dbSNP/Ensembl validation; HGNC gene validation; ClinVar review; GWAS Catalog review; gnomAD population frequency; literature review	yes	yes	no	no	yes	yes	high	high	clinician_review_required	no	all rsIDs are externally unvalidated; disease risk claims require clinical evidence and regulatory approval	dbSNP validation; ClinVar review; GWAS replication; gnomAD frequency; clinical evidence review; regulatory approval	All genetic markers are externally unvalidated. No clinical, diagnostic, or treatment claims can be made. This is a candidate catalog for research review, not a clinical product. Disease risk reporting requires clinical validation, regulatory approval, and professional oversight.	
wg-2055	genetic_disease	Disease Risk (Sensitive)	complex_disease_risk	Pontocerebellar Hypoplasia (PCH)	Pontocerebellar Hypoplasia (PCH)	4	rs58777;rs199835443;rs267607035;rs371295780	CLP1;EXOSC3;FBN1;FBXL4;IL7R;MPV17;PGM3;PIK3R1;POLG;RARS2;SEPSEC;SLC25A;STAT1;SUCLG1;TK2;TSEN54;TYMP;VRK1	structured_catalog_unvalidated	dbSNP/Ensembl validation; HGNC gene validation; ClinVar review; GWAS Catalog review; gnomAD population frequency; literature review	yes	yes	no	no	yes	yes	high	high	clinician_review_required	no	all rsIDs are externally unvalidated; disease risk claims require clinical evidence and regulatory approval	dbSNP validation; ClinVar review; GWAS replication; gnomAD frequency; clinical evidence review; regulatory approval	All genetic markers are externally unvalidated. No clinical, diagnostic, or treatment claims can be made. This is a candidate catalog for research review, not a clinical product. Disease risk reporting requires clinical validation, regulatory approval, and professional oversight.	
wg-2013	genetic_disease	Disease Risk (Sensitive)	complex_disease_risk	Popliteal Pterygium Syndrome (PPS)	Popliteal Pterygium Syndrome (PPS) (Genetic Association, Not Diagnostic)	2	rs121434226;rs769068305	IRF6	structured_catalog_unvalidated	dbSNP/Ensembl validation; HGNC gene validation; ClinVar review; GWAS Catalog review; gnomAD population frequency; literature review	yes	yes	no	no	yes	yes	high	high	clinician_review_required	no	all rsIDs are externally unvalidated; disease risk claims require clinical evidence and regulatory approval	dbSNP validation; ClinVar review; GWAS replication; gnomAD frequency; clinical evidence review; regulatory approval	All genetic markers are externally unvalidated. No clinical, diagnostic, or treatment claims can be made. This is a candidate catalog for research review, not a clinical product. Disease risk reporting requires clinical validation, regulatory approval, and professional oversight.	
wg-50	health_risk	Disease Risk (Sensitive)	complex_disease_risk	Primary Biliary Cholangitis (PBC)	Primary Biliary Cholangitis (PBC)	8	rs574808;rs3745516;rs2856683;rs4979462;rs9303277;rs3790565;rs7574865;rs6441286	C2;EFCAB11;GTF2I;ICAM1;IL12RB2;KIF1B;MICA;NOS3;SPIB;STAT4;TLR2;TNFAIP3;TNFSF15;TNPO3	structured_catalog_unvalidated	dbSNP/Ensembl validation; HGNC gene validation; ClinVar review; GWAS Catalog review; gnomAD population frequency; literature review	yes	yes	no	no	yes	yes	high	high	clinician_review_required	no	all rsIDs are externally unvalidated; disease risk claims require clinical evidence and regulatory approval	dbSNP validation; ClinVar review; GWAS replication; gnomAD frequency; clinical evidence review; regulatory approval	All genetic markers are externally unvalidated. No clinical, diagnostic, or treatment claims can be made. This is a candidate catalog for research review, not a clinical product. Disease risk reporting requires clinical validation, regulatory approval, and professional oversight.	
wg-2136	genetic_disease	Disease Risk (Sensitive)	complex_disease_risk	Primary Hyperoxaluria (PH)	Primary Hyperoxaluria (PH)	4	rs180177313;rs113681235;rs121908520;rs121908521	AGXT;GRHPR;HOGA1	structured_catalog_unvalidated	dbSNP/Ensembl validation; HGNC gene validation; ClinVar review; GWAS Catalog review; gnomAD population frequency; literature review	yes	yes	no	no	yes	yes	high	high	clinician_review_required	no	all rsIDs are externally unvalidated; disease risk claims require clinical evidence and regulatory approval	dbSNP validation; ClinVar review; GWAS replication; gnomAD frequency; clinical evidence review; regulatory approval	All genetic markers are externally unvalidated. No clinical, diagnostic, or treatment claims can be made. This is a candidate catalog for research review, not a clinical product. Disease risk reporting requires clinical validation, regulatory approval, and professional oversight.	
wg-1737	genetic_disease	Disease Risk (Sensitive)	complex_disease_risk	Primary Pulmonary Hypertension	Primary Pulmonary Hypertension	2	rs12190;rs28936	ABCA3;ACVRL1;APP;FOXI1;GDF5;GJA5;HCN4;HOXD1;HOXD13;KCNA5;KCNQ1;MYBPC;MYH7;PSEN1;PSEN2;RYR2;SCN5A;SLC25A;SLC25A15;SLC26A;SLC26A4;TNNT2;TPM1	structured_catalog_unvalidated	dbSNP/Ensembl validation; HGNC gene validation; ClinVar review; GWAS Catalog review; gnomAD population frequency; literature review	yes	yes	no	no	yes	yes	high	high	clinician_review_required	no	all rsIDs are externally unvalidated; disease risk claims require clinical evidence and regulatory approval	dbSNP validation; ClinVar review; GWAS replication; gnomAD frequency; clinical evidence review; regulatory approval	All genetic markers are externally unvalidated. No clinical, diagnostic, or treatment claims can be made. This is a candidate catalog for research review, not a clinical product. Disease risk reporting requires clinical validation, regulatory approval, and professional oversight.	
wg-1969	infection_risk	Disease Risk (Sensitive)	complex_disease_risk	Prion Infection	Prion Infection	4	rs75659;rs6107516;rs6951643;rs4921542	GRM8;MTMR7;PRNP	structured_catalog_unvalidated	dbSNP/Ensembl validation; HGNC gene validation; ClinVar review; GWAS Catalog review; gnomAD population frequency; literature review	yes	yes	no	no	yes	yes	high	high	clinician_review_required	no	all rsIDs are externally unvalidated; disease risk claims require clinical evidence and regulatory approval	dbSNP validation; ClinVar review; GWAS replication; gnomAD frequency; clinical evidence review; regulatory approval	All genetic markers are externally unvalidated. No clinical, diagnostic, or treatment claims can be made. This is a candidate catalog for research review, not a clinical product. Disease risk reporting requires clinical validation, regulatory approval, and professional oversight.	
wg-2263	exposure_risk	Disease Risk (Sensitive)	complex_disease_risk	Processed Meat	Processed Meat	1	rs4143094	GATA3	structured_catalog_unvalidated	dbSNP/Ensembl validation; HGNC gene validation; ClinVar review; GWAS Catalog review; gnomAD population frequency; literature review	yes	yes	no	no	yes	yes	high	high	clinician_review_required	no	all rsIDs are externally unvalidated; disease risk claims require clinical evidence and regulatory approval	dbSNP validation; ClinVar review; GWAS replication; gnomAD frequency; clinical evidence review; regulatory approval	All genetic markers are externally unvalidated. No clinical, diagnostic, or treatment claims can be made. This is a candidate catalog for research review, not a clinical product. Disease risk reporting requires clinical validation, regulatory approval, and professional oversight.	
wg-2041	genetic_disease	Disease Risk (Sensitive)	complex_disease_risk	Progressive External Ophthalmoplegia (PEO)	Progressive External Ophthalmoplegia (PEO)	3	rs104893873;rs104893876;rs111033574	POLG;RRM2B;SLC25A;SLC25A4;TK2;TWNK	structured_catalog_unvalidated	dbSNP/Ensembl validation; HGNC gene validation; ClinVar review; GWAS Catalog review; gnomAD population frequency; literature review	yes	yes	no	no	yes	yes	high	high	clinician_review_required	no	all rsIDs are externally unvalidated; disease risk claims require clinical evidence and regulatory approval	dbSNP validation; ClinVar review; GWAS replication; gnomAD frequency; clinical evidence review; regulatory approval	All genetic markers are externally unvalidated. No clinical, diagnostic, or treatment claims can be made. This is a candidate catalog for research review, not a clinical product. Disease risk reporting requires clinical validation, regulatory approval, and professional oversight.	
wg-2040	genetic_disease	Disease Risk (Sensitive)	complex_disease_risk	Progressive Pseudorheumatoid Dysplasia (PPRD)	Progressive Pseudorheumatoid Dysplasia (PPRD)	1	rs121908901	CCN6;WISP3	structured_catalog_unvalidated	dbSNP/Ensembl validation; HGNC gene validation; ClinVar review; GWAS Catalog review; gnomAD population frequency; literature review	yes	yes	no	no	yes	yes	high	high	clinician_review_required	no	all rsIDs are externally unvalidated; disease risk claims require clinical evidence and regulatory approval	dbSNP validation; ClinVar review; GWAS replication; gnomAD frequency; clinical evidence review; regulatory approval	All genetic markers are externally unvalidated. No clinical, diagnostic, or treatment claims can be made. This is a candidate catalog for research review, not a clinical product. Disease risk reporting requires clinical validation, regulatory approval, and professional oversight.	
wg-1981	genetic_disease	Disease Risk (Sensitive)	complex_disease_risk	Propionic Acidemia (PA)	Propionic Acidemia (PA)	5	rs57224;rs79605;rs1553778865;rs1568346416;rs202247822	AHI1;CACNA1A;CC2D2A;CDKL5;CHD2;CLN3;CLN5;CLN8;INPP5E;KIAA05;MFSD8;PCCA;PCCB;PCDH19;PPT1;RPGRIP1L;SCN2A;TMEM67;UQCRFS1	structured_catalog_unvalidated	dbSNP/Ensembl validation; HGNC gene validation; ClinVar review; GWAS Catalog review; gnomAD population frequency; literature review	yes	yes	no	no	yes	yes	high	high	clinician_review_required	no	all rsIDs are externally unvalidated; disease risk claims require clinical evidence and regulatory approval	dbSNP validation; ClinVar review; GWAS replication; gnomAD frequency; clinical evidence review; regulatory approval	All genetic markers are externally unvalidated. No clinical, diagnostic, or treatment claims can be made. This is a candidate catalog for research review, not a clinical product. Disease risk reporting requires clinical validation, regulatory approval, and professional oversight.	
wg-40	health_risk	Disease Risk (Sensitive)	complex_disease_risk	Prostate Cancer	Prostate Cancer (Genetic Association, Not Diagnostic)	7	rs1800896;rs7652331;rs2011077;rs10993994;rs2107301;rs1056836;rs1167269	BRCA2;CYP1B1;FGFR4;FYCO1;IL1B;MMP9;MTHFR;NLRP3;PCAT19;SELE;TIMM23B	structured_catalog_unvalidated	dbSNP/Ensembl validation; HGNC gene validation; ClinVar review; GWAS Catalog review; gnomAD population frequency; literature review	yes	yes	no	no	yes	yes	high	high	clinician_review_required	no	all rsIDs are externally unvalidated; disease risk claims require clinical evidence and regulatory approval	dbSNP validation; ClinVar review; GWAS replication; gnomAD frequency; clinical evidence review; regulatory approval	All genetic markers are externally unvalidated. No clinical, diagnostic, or treatment claims can be made. This is a candidate catalog for research review, not a clinical product. Disease risk reporting requires clinical validation, regulatory approval, and professional oversight.	
wg-2039	genetic_disease	Disease Risk (Sensitive)	complex_disease_risk	Pseudohypoaldosteronism (PHA)	Pseudohypoaldosteronism (PHA)	3	rs111033591;rs137852635;rs137852704	KLHL3;SCNN1A;SCNN1B;WNK1	structured_catalog_unvalidated	dbSNP/Ensembl validation; HGNC gene validation; ClinVar review; GWAS Catalog review; gnomAD population frequency; literature review	yes	yes	no	no	yes	yes	high	high	clinician_review_required	no	all rsIDs are externally unvalidated; disease risk claims require clinical evidence and regulatory approval	dbSNP validation; ClinVar review; GWAS replication; gnomAD frequency; clinical evidence review; regulatory approval	All genetic markers are externally unvalidated. No clinical, diagnostic, or treatment claims can be made. This is a candidate catalog for research review, not a clinical product. Disease risk reporting requires clinical validation, regulatory approval, and professional oversight.	
wg-2037	genetic_disease	Disease Risk (Sensitive)	complex_disease_risk	Pseudohypoparathyroidism (PHP)	Pseudohypoparathyroidism (PHP)	1	rs397514456	GNAS	structured_catalog_unvalidated	dbSNP/Ensembl validation; HGNC gene validation; ClinVar review; GWAS Catalog review; gnomAD population frequency; literature review	yes	yes	no	no	yes	yes	high	high	clinician_review_required	no	all rsIDs are externally unvalidated; disease risk claims require clinical evidence and regulatory approval	dbSNP validation; ClinVar review; GWAS replication; gnomAD frequency; clinical evidence review; regulatory approval	All genetic markers are externally unvalidated. No clinical, diagnostic, or treatment claims can be made. This is a candidate catalog for research review, not a clinical product. Disease risk reporting requires clinical validation, regulatory approval, and professional oversight.	
wg-2038	genetic_disease	Disease Risk (Sensitive)	complex_disease_risk	Pseudopseudohypoparathyroidism (PPHP)	Pseudopseudohypoparathyroidism (PPHP)	2	rs1057518907;rs797045046	GNAS	structured_catalog_unvalidated	dbSNP/Ensembl validation; HGNC gene validation; ClinVar review; GWAS Catalog review; gnomAD population frequency; literature review	yes	yes	no	no	yes	yes	high	high	clinician_review_required	no	all rsIDs are externally unvalidated; disease risk claims require clinical evidence and regulatory approval	dbSNP validation; ClinVar review; GWAS replication; gnomAD frequency; clinical evidence review; regulatory approval	All genetic markers are externally unvalidated. No clinical, diagnostic, or treatment claims can be made. This is a candidate catalog for research review, not a clinical product. Disease risk reporting requires clinical validation, regulatory approval, and professional oversight.	
wg-1758	genetic_disease	Disease Risk (Sensitive)	complex_disease_risk	Pulmonary Lymphangioleiomyomatosis (PLAM)	Pulmonary Lymphangioleiomyomatosis (PLAM)	3	rs289348;rs454833;rs454692	TSC2	structured_catalog_unvalidated	dbSNP/Ensembl validation; HGNC gene validation; ClinVar review; GWAS Catalog review; gnomAD population frequency; literature review	yes	yes	no	no	yes	yes	high	high	clinician_review_required	no	all rsIDs are externally unvalidated; disease risk claims require clinical evidence and regulatory approval	dbSNP validation; ClinVar review; GWAS replication; gnomAD frequency; clinical evidence review; regulatory approval	All genetic markers are externally unvalidated. No clinical, diagnostic, or treatment claims can be made. This is a candidate catalog for research review, not a clinical product. Disease risk reporting requires clinical validation, regulatory approval, and professional oversight.	
wg-2213	genetic_disease	Disease Risk (Sensitive)	complex_disease_risk	Rapadilino Syndrome	Rapadilino Syndrome (Genetic Association, Not Diagnostic)	1	rs386833844	RECQL4	structured_catalog_unvalidated	dbSNP/Ensembl validation; HGNC gene validation; ClinVar review; GWAS Catalog review; gnomAD population frequency; literature review	yes	yes	no	no	yes	yes	high	high	clinician_review_required	no	all rsIDs are externally unvalidated; disease risk claims require clinical evidence and regulatory approval	dbSNP validation; ClinVar review; GWAS replication; gnomAD frequency; clinical evidence review; regulatory approval	All genetic markers are externally unvalidated. No clinical, diagnostic, or treatment claims can be made. This is a candidate catalog for research review, not a clinical product. Disease risk reporting requires clinical validation, regulatory approval, and professional oversight.	
wg-2214	genetic_disease	Disease Risk (Sensitive)	complex_disease_risk	Refsum Disease (RD)	Refsum Disease (RD) (Genetic Association, Not Diagnostic)	2	rs104894173;rs104894174	PHYH	structured_catalog_unvalidated	dbSNP/Ensembl validation; HGNC gene validation; ClinVar review; GWAS Catalog review; gnomAD population frequency; literature review	yes	yes	no	no	yes	yes	high	high	clinician_review_required	no	all rsIDs are externally unvalidated; disease risk claims require clinical evidence and regulatory approval	dbSNP validation; ClinVar review; GWAS replication; gnomAD frequency; clinical evidence review; regulatory approval	All genetic markers are externally unvalidated. No clinical, diagnostic, or treatment claims can be made. This is a candidate catalog for research review, not a clinical product. Disease risk reporting requires clinical validation, regulatory approval, and professional oversight.	
wg-74	health_risk	Disease Risk (Sensitive)	complex_disease_risk	Renal Cancer	Renal Cancer (Genetic Association, Not Diagnostic)	5	rs1049380;rs699947;rs3025039;rs7105934;rs12105918	FOXE1;ITPR2;VEGFA;ZEB2	structured_catalog_unvalidated	dbSNP/Ensembl validation; HGNC gene validation; ClinVar review; GWAS Catalog review; gnomAD population frequency; literature review	yes	yes	no	no	yes	yes	high	high	clinician_review_required	no	all rsIDs are externally unvalidated; disease risk claims require clinical evidence and regulatory approval	dbSNP validation; ClinVar review; GWAS replication; gnomAD frequency; clinical evidence review; regulatory approval	All genetic markers are externally unvalidated. No clinical, diagnostic, or treatment claims can be made. This is a candidate catalog for research review, not a clinical product. Disease risk reporting requires clinical validation, regulatory approval, and professional oversight.	
wg-2079	genetic_disease	Disease Risk (Sensitive)	complex_disease_risk	Renal Carnitine Transport Defect	Renal Carnitine Transport Defect	3	rs114269482;rs121908889;rs121908893	SLC22A;SLC22A5	structured_catalog_unvalidated	dbSNP/Ensembl validation; HGNC gene validation; ClinVar review; GWAS Catalog review; gnomAD population frequency; literature review	yes	yes	no	no	yes	yes	high	high	clinician_review_required	no	all rsIDs are externally unvalidated; disease risk claims require clinical evidence and regulatory approval	dbSNP validation; ClinVar review; GWAS replication; gnomAD frequency; clinical evidence review; regulatory approval	All genetic markers are externally unvalidated. No clinical, diagnostic, or treatment claims can be made. This is a candidate catalog for research review, not a clinical product. Disease risk reporting requires clinical validation, regulatory approval, and professional oversight.	
wg-2077	genetic_disease	Disease Risk (Sensitive)	complex_disease_risk	Renal-Hepatic-Pancreatic Dysplasia (RHPD)	Renal-Hepatic-Pancreatic Dysplasia (RHPD)	3	rs119456963;rs762826555;rs763300393	NEK8;NPHP3	structured_catalog_unvalidated	dbSNP/Ensembl validation; HGNC gene validation; ClinVar review; GWAS Catalog review; gnomAD population frequency; literature review	yes	yes	no	no	yes	yes	high	high	clinician_review_required	no	all rsIDs are externally unvalidated; disease risk claims require clinical evidence and regulatory approval	dbSNP validation; ClinVar review; GWAS replication; gnomAD frequency; clinical evidence review; regulatory approval	All genetic markers are externally unvalidated. No clinical, diagnostic, or treatment claims can be made. This is a candidate catalog for research review, not a clinical product. Disease risk reporting requires clinical validation, regulatory approval, and professional oversight.	
wg-2215	genetic_disease	Disease Risk (Sensitive)	complex_disease_risk	Renpenning Syndrome (RENS)	Renpenning Syndrome (RENS) (Genetic Association, Not Diagnostic)	1	rs606231193	PQBP1	structured_catalog_unvalidated	dbSNP/Ensembl validation; HGNC gene validation; ClinVar review; GWAS Catalog review; gnomAD population frequency; literature review	yes	yes	no	no	yes	yes	high	high	clinician_review_required	no	all rsIDs are externally unvalidated; disease risk claims require clinical evidence and regulatory approval	dbSNP validation; ClinVar review; GWAS replication; gnomAD frequency; clinical evidence review; regulatory approval	All genetic markers are externally unvalidated. No clinical, diagnostic, or treatment claims can be made. This is a candidate catalog for research review, not a clinical product. Disease risk reporting requires clinical validation, regulatory approval, and professional oversight.	
wg-1736	genetic_disease	Disease Risk (Sensitive)	complex_disease_risk	Restrictive Cardiomyopathy	Restrictive Cardiomyopathy	2	rs10489;rs12191	BAG3;BMPR1A;CACNA1C;CAV3;COL3A1;COL4A3;COL4A5;CYP1A1;DES;DMD;EPHX1;ESR2;FLNC;GJB2;GJB3;GSTP1;HCN4;KCNH2;KCNJ2;KCNQ1;LOXHD;MVK;MYBPC;MYBPC3;MYL3;MYO15A;RYR1;SCN5A;SDHB;SDHD;SLC26A4;SMAD3;SMAD4;TGFB2;TGFBR1;TGFBR2;TNNI3;VHL;WFS1	structured_catalog_unvalidated	dbSNP/Ensembl validation; HGNC gene validation; ClinVar review; GWAS Catalog review; gnomAD population frequency; literature review	yes	yes	no	no	yes	yes	high	high	clinician_review_required	no	all rsIDs are externally unvalidated; disease risk claims require clinical evidence and regulatory approval	dbSNP validation; ClinVar review; GWAS replication; gnomAD frequency; clinical evidence review; regulatory approval	All genetic markers are externally unvalidated. No clinical, diagnostic, or treatment claims can be made. This is a candidate catalog for research review, not a clinical product. Disease risk reporting requires clinical validation, regulatory approval, and professional oversight.	
wg-2082	genetic_disease	Disease Risk (Sensitive)	complex_disease_risk	Retinitis Pigmentosa (RP)	Retinitis Pigmentosa (RP)	5	rs62640;rs76774;rs104893791;rs104894927;rs111033280	CRB1;EYS;RHO;RPGR;SPATA7;USH2A	structured_catalog_unvalidated	dbSNP/Ensembl validation; HGNC gene validation; ClinVar review; GWAS Catalog review; gnomAD population frequency; literature review	yes	yes	no	no	yes	yes	high	high	clinician_review_required	no	all rsIDs are externally unvalidated; disease risk claims require clinical evidence and regulatory approval	dbSNP validation; ClinVar review; GWAS replication; gnomAD frequency; clinical evidence review; regulatory approval	All genetic markers are externally unvalidated. No clinical, diagnostic, or treatment claims can be made. This is a candidate catalog for research review, not a clinical product. Disease risk reporting requires clinical validation, regulatory approval, and professional oversight.	
wg-2216	genetic_disease	Disease Risk (Sensitive)	complex_disease_risk	Rett Syndrome (RTT)	Rett Syndrome (RTT) (Genetic Association, Not Diagnostic)	5	rs61748;rs61750;rs121913678;rs122460159;rs267606827	CDKL5;FOXG1;MECP2	structured_catalog_unvalidated	dbSNP/Ensembl validation; HGNC gene validation; ClinVar review; GWAS Catalog review; gnomAD population frequency; literature review	yes	yes	no	no	yes	yes	high	high	clinician_review_required	no	all rsIDs are externally unvalidated; disease risk claims require clinical evidence and regulatory approval	dbSNP validation; ClinVar review; GWAS replication; gnomAD frequency; clinical evidence review; regulatory approval	All genetic markers are externally unvalidated. No clinical, diagnostic, or treatment claims can be made. This is a candidate catalog for research review, not a clinical product. Disease risk reporting requires clinical validation, regulatory approval, and professional oversight.	
wg-2217	genetic_disease	Disease Risk (Sensitive)	complex_disease_risk	Revesz Syndrome	Revesz Syndrome (Genetic Association, Not Diagnostic)	1	rs121918544	TINF2	structured_catalog_unvalidated	dbSNP/Ensembl validation; HGNC gene validation; ClinVar review; GWAS Catalog review; gnomAD population frequency; literature review	yes	yes	no	no	yes	yes	high	high	clinician_review_required	no	all rsIDs are externally unvalidated; disease risk claims require clinical evidence and regulatory approval	dbSNP validation; ClinVar review; GWAS replication; gnomAD frequency; clinical evidence review; regulatory approval	All genetic markers are externally unvalidated. No clinical, diagnostic, or treatment claims can be made. This is a candidate catalog for research review, not a clinical product. Disease risk reporting requires clinical validation, regulatory approval, and professional oversight.	
wg-93	health_risk	Disease Risk (Sensitive)	complex_disease_risk	Rheumatoid Arthritis (RA)	Rheumatoid Arthritis (RA)	8	rs6457617;rs872863;rs4713581;rs9268614;rs8087252;rs2837960;rs660895;rs2269475	AIF1;MMEL1;STAT4;TRAF1;ZNF679	structured_catalog_unvalidated	dbSNP/Ensembl validation; HGNC gene validation; ClinVar review; GWAS Catalog review; gnomAD population frequency; literature review	yes	yes	no	no	yes	yes	high	high	clinician_review_required	no	all rsIDs are externally unvalidated; disease risk claims require clinical evidence and regulatory approval	dbSNP validation; ClinVar review; GWAS replication; gnomAD frequency; clinical evidence review; regulatory approval	All genetic markers are externally unvalidated. No clinical, diagnostic, or treatment claims can be made. This is a candidate catalog for research review, not a clinical product. Disease risk reporting requires clinical validation, regulatory approval, and professional oversight.	
wg-2142	genetic_disease	Disease Risk (Sensitive)	complex_disease_risk	Rhizomelic Chondrodysplasia Punctata (RCDP)	Rhizomelic Chondrodysplasia Punctata (RCDP)	2	rs121909151;rs796051881	PEX5;PEX7	structured_catalog_unvalidated	dbSNP/Ensembl validation; HGNC gene validation; ClinVar review; GWAS Catalog review; gnomAD population frequency; literature review	yes	yes	no	no	yes	yes	high	high	clinician_review_required	no	all rsIDs are externally unvalidated; disease risk claims require clinical evidence and regulatory approval	dbSNP validation; ClinVar review; GWAS replication; gnomAD frequency; clinical evidence review; regulatory approval	All genetic markers are externally unvalidated. No clinical, diagnostic, or treatment claims can be made. This is a candidate catalog for research review, not a clinical product. Disease risk reporting requires clinical validation, regulatory approval, and professional oversight.	
wg-2219	genetic_disease	Disease Risk (Sensitive)	complex_disease_risk	Robinow Syndrome	Robinow Syndrome (Genetic Association, Not Diagnostic)	3	rs797044834;rs797044836;rs797044837	DVL1;DVL3	structured_catalog_unvalidated	dbSNP/Ensembl validation; HGNC gene validation; ClinVar review; GWAS Catalog review; gnomAD population frequency; literature review	yes	yes	no	no	yes	yes	high	high	clinician_review_required	no	all rsIDs are externally unvalidated; disease risk claims require clinical evidence and regulatory approval	dbSNP validation; ClinVar review; GWAS replication; gnomAD frequency; clinical evidence review; regulatory approval	All genetic markers are externally unvalidated. No clinical, diagnostic, or treatment claims can be made. This is a candidate catalog for research review, not a clinical product. Disease risk reporting requires clinical validation, regulatory approval, and professional oversight.	
wg-2220	genetic_disease	Disease Risk (Sensitive)	complex_disease_risk	Rothmund-Thomson Syndrome (RTS)	Rothmund-Thomson Syndrome (RTS) (Genetic Association, Not Diagnostic)	3	rs137853229;rs386833851;rs398124117	RECQL4	structured_catalog_unvalidated	dbSNP/Ensembl validation; HGNC gene validation; ClinVar review; GWAS Catalog review; gnomAD population frequency; literature review	yes	yes	no	no	yes	yes	high	high	clinician_review_required	no	all rsIDs are externally unvalidated; disease risk claims require clinical evidence and regulatory approval	dbSNP validation; ClinVar review; GWAS replication; gnomAD frequency; clinical evidence review; regulatory approval	All genetic markers are externally unvalidated. No clinical, diagnostic, or treatment claims can be made. This is a candidate catalog for research review, not a clinical product. Disease risk reporting requires clinical validation, regulatory approval, and professional oversight.	
wg-2221	genetic_disease	Disease Risk (Sensitive)	complex_disease_risk	Rubinstein-Taybi Syndrome (RSTS)	Rubinstein-Taybi Syndrome (RSTS) (Genetic Association, Not Diagnostic)	4	rs58778;rs1057517732;rs1057521737;rs200782888	ARX;B1;CREBBP;DCX;EP300;PAFAH1;PAFAH1B1;TUBA1A	structured_catalog_unvalidated	dbSNP/Ensembl validation; HGNC gene validation; ClinVar review; GWAS Catalog review; gnomAD population frequency; literature review	yes	yes	no	no	yes	yes	high	high	clinician_review_required	no	all rsIDs are externally unvalidated; disease risk claims require clinical evidence and regulatory approval	dbSNP validation; ClinVar review; GWAS replication; gnomAD frequency; clinical evidence review; regulatory approval	All genetic markers are externally unvalidated. No clinical, diagnostic, or treatment claims can be made. This is a candidate catalog for research review, not a clinical product. Disease risk reporting requires clinical validation, regulatory approval, and professional oversight.	
wg-2222	genetic_disease	Disease Risk (Sensitive)	complex_disease_risk	Saethre-Chotzen Syndrome (SCS)	Saethre-Chotzen Syndrome (SCS) (Genetic Association, Not Diagnostic)	3	rs121913478;rs121918487;rs121918491	FGFR2	structured_catalog_unvalidated	dbSNP/Ensembl validation; HGNC gene validation; ClinVar review; GWAS Catalog review; gnomAD population frequency; literature review	yes	yes	no	no	yes	yes	high	high	clinician_review_required	no	all rsIDs are externally unvalidated; disease risk claims require clinical evidence and regulatory approval	dbSNP validation; ClinVar review; GWAS replication; gnomAD frequency; clinical evidence review; regulatory approval	All genetic markers are externally unvalidated. No clinical, diagnostic, or treatment claims can be made. This is a candidate catalog for research review, not a clinical product. Disease risk reporting requires clinical validation, regulatory approval, and professional oversight.	
wg-2223	genetic_disease	Disease Risk (Sensitive)	complex_disease_risk	Salla Disease (SD)	Salla Disease (SD) (Genetic Association, Not Diagnostic)	3	rs201284672;rs386833990;rs727504156	SLC17A5	structured_catalog_unvalidated	dbSNP/Ensembl validation; HGNC gene validation; ClinVar review; GWAS Catalog review; gnomAD population frequency; literature review	yes	yes	no	no	yes	yes	high	high	clinician_review_required	no	all rsIDs are externally unvalidated; disease risk claims require clinical evidence and regulatory approval	dbSNP validation; ClinVar review; GWAS replication; gnomAD frequency; clinical evidence review; regulatory approval	All genetic markers are externally unvalidated. No clinical, diagnostic, or treatment claims can be made. This is a candidate catalog for research review, not a clinical product. Disease risk reporting requires clinical validation, regulatory approval, and professional oversight.	
wg-2224	genetic_disease	Disease Risk (Sensitive)	complex_disease_risk	Sandhoff Disease	Sandhoff Disease (Genetic Association, Not Diagnostic)	3	rs398123443;rs121907983;rs1580377105	HEXB	structured_catalog_unvalidated	dbSNP/Ensembl validation; HGNC gene validation; ClinVar review; GWAS Catalog review; gnomAD population frequency; literature review	yes	yes	no	no	yes	yes	high	high	clinician_review_required	no	all rsIDs are externally unvalidated; disease risk claims require clinical evidence and regulatory approval	dbSNP validation; ClinVar review; GWAS replication; gnomAD frequency; clinical evidence review; regulatory approval	All genetic markers are externally unvalidated. No clinical, diagnostic, or treatment claims can be made. This is a candidate catalog for research review, not a clinical product. Disease risk reporting requires clinical validation, regulatory approval, and professional oversight.	
wg-243	health_risk	Disease Risk (Sensitive)	complex_disease_risk	Schizophrenia	Schizophrenia	0			no_rsids	dbSNP/Ensembl validation; HGNC gene validation; ClinVar review; GWAS Catalog review; gnomAD population frequency; literature review	yes	no	no	no	no	no	high	high	clinician_review_required	no	all rsIDs are externally unvalidated; disease risk claims require clinical evidence and regulatory approval; no genetic markers identified	dbSNP validation; ClinVar review; GWAS replication; gnomAD frequency; clinical evidence review; regulatory approval	All genetic markers are externally unvalidated. No clinical, diagnostic, or treatment claims can be made. This is a candidate catalog for research review, not a clinical product. Disease risk reporting requires clinical validation, regulatory approval, and professional oversight.	No rsIDs linked to this trait.
wg-119	health_risk	Disease Risk (Sensitive)	complex_disease_risk	Scoliosis	Scoliosis	5	rs9389985;rs11190870;rs11205303;rs2467146;rs482012	ADGRG6;CDH13;FTO;PLXNA2	structured_catalog_unvalidated	dbSNP/Ensembl validation; HGNC gene validation; ClinVar review; GWAS Catalog review; gnomAD population frequency; literature review	yes	yes	no	no	yes	yes	high	high	clinician_review_required	no	all rsIDs are externally unvalidated; disease risk claims require clinical evidence and regulatory approval	dbSNP validation; ClinVar review; GWAS replication; gnomAD frequency; clinical evidence review; regulatory approval	All genetic markers are externally unvalidated. No clinical, diagnostic, or treatment claims can be made. This is a candidate catalog for research review, not a clinical product. Disease risk reporting requires clinical validation, regulatory approval, and professional oversight.	
wg-2225	genetic_disease	Disease Risk (Sensitive)	complex_disease_risk	Seckel Syndrome	Seckel Syndrome (Genetic Association, Not Diagnostic)	3	rs747680111;rs777893196;rs797045447	CENPJ;NIN	structured_catalog_unvalidated	dbSNP/Ensembl validation; HGNC gene validation; ClinVar review; GWAS Catalog review; gnomAD population frequency; literature review	yes	yes	no	no	yes	yes	high	high	clinician_review_required	no	all rsIDs are externally unvalidated; disease risk claims require clinical evidence and regulatory approval	dbSNP validation; ClinVar review; GWAS replication; gnomAD frequency; clinical evidence review; regulatory approval	All genetic markers are externally unvalidated. No clinical, diagnostic, or treatment claims can be made. This is a candidate catalog for research review, not a clinical product. Disease risk reporting requires clinical validation, regulatory approval, and professional oversight.	
wg-2118	genetic_disease	Disease Risk (Sensitive)	complex_disease_risk	Selective Tooth Agenesis (STA)	Selective Tooth Agenesis (STA)	2	rs132630308;rs132630314	EDA	structured_catalog_unvalidated	dbSNP/Ensembl validation; HGNC gene validation; ClinVar review; GWAS Catalog review; gnomAD population frequency; literature review	yes	yes	no	no	yes	yes	high	high	clinician_review_required	no	all rsIDs are externally unvalidated; disease risk claims require clinical evidence and regulatory approval	dbSNP validation; ClinVar review; GWAS replication; gnomAD frequency; clinical evidence review; regulatory approval	All genetic markers are externally unvalidated. No clinical, diagnostic, or treatment claims can be made. This is a candidate catalog for research review, not a clinical product. Disease risk reporting requires clinical validation, regulatory approval, and professional oversight.	
wg-2226	genetic_disease	Disease Risk (Sensitive)	complex_disease_risk	Sengers Syndrome	Sengers Syndrome (Genetic Association, Not Diagnostic)	2	rs746709222;rs766413410	AGK	structured_catalog_unvalidated	dbSNP/Ensembl validation; HGNC gene validation; ClinVar review; GWAS Catalog review; gnomAD population frequency; literature review	yes	yes	no	no	yes	yes	high	high	clinician_review_required	no	all rsIDs are externally unvalidated; disease risk claims require clinical evidence and regulatory approval	dbSNP validation; ClinVar review; GWAS replication; gnomAD frequency; clinical evidence review; regulatory approval	All genetic markers are externally unvalidated. No clinical, diagnostic, or treatment claims can be made. This is a candidate catalog for research review, not a clinical product. Disease risk reporting requires clinical validation, regulatory approval, and professional oversight.	
wg-2227	genetic_disease	Disease Risk (Sensitive)	complex_disease_risk	Senior-Loken Syndrome (SLSN)	Senior-Loken Syndrome (SLSN) (Genetic Association, Not Diagnostic)	4	rs38790;rs137852832;rs376493409;rs386834158	CEP290;CLPB;COL3A1;IQCB1;SDCCAG8;SERAC1;SMAD3;TAFAZZIN;TGFB2;TGFBR1;WDR19	structured_catalog_unvalidated	dbSNP/Ensembl validation; HGNC gene validation; ClinVar review; GWAS Catalog review; gnomAD population frequency; literature review	yes	yes	no	no	yes	yes	high	high	clinician_review_required	no	all rsIDs are externally unvalidated; disease risk claims require clinical evidence and regulatory approval	dbSNP validation; ClinVar review; GWAS replication; gnomAD frequency; clinical evidence review; regulatory approval	All genetic markers are externally unvalidated. No clinical, diagnostic, or treatment claims can be made. This is a candidate catalog for research review, not a clinical product. Disease risk reporting requires clinical validation, regulatory approval, and professional oversight.	
wg-1730	genetic_disease	Disease Risk (Sensitive)	complex_disease_risk	Short QT Syndrome (SQTS)	Short QT Syndrome (SQTS) (Genetic Association, Not Diagnostic)	1	rs104894	KCNJ2	structured_catalog_unvalidated	dbSNP/Ensembl validation; HGNC gene validation; ClinVar review; GWAS Catalog review; gnomAD population frequency; literature review	yes	yes	no	no	yes	yes	high	high	clinician_review_required	no	all rsIDs are externally unvalidated; disease risk claims require clinical evidence and regulatory approval	dbSNP validation; ClinVar review; GWAS replication; gnomAD frequency; clinical evidence review; regulatory approval	All genetic markers are externally unvalidated. No clinical, diagnostic, or treatment claims can be made. This is a candidate catalog for research review, not a clinical product. Disease risk reporting requires clinical validation, regulatory approval, and professional oversight.	
wg-2251	exposure_risk	Disease Risk (Sensitive)	complex_disease_risk	Shrimps	Shrimps	4	rs20541;rs1800925;rs74995702;rs9275596	DRA;IL13;TH2LCRR	structured_catalog_unvalidated	dbSNP/Ensembl validation; HGNC gene validation; ClinVar review; GWAS Catalog review; gnomAD population frequency; literature review	yes	yes	no	no	yes	yes	high	high	clinician_review_required	no	all rsIDs are externally unvalidated; disease risk claims require clinical evidence and regulatory approval	dbSNP validation; ClinVar review; GWAS replication; gnomAD frequency; clinical evidence review; regulatory approval	All genetic markers are externally unvalidated. No clinical, diagnostic, or treatment claims can be made. This is a candidate catalog for research review, not a clinical product. Disease risk reporting requires clinical validation, regulatory approval, and professional oversight.	
wg-2228	genetic_disease	Disease Risk (Sensitive)	complex_disease_risk	Shwachman-Diamond Syndrome (SDS)	Shwachman-Diamond Syndrome (SDS) (Genetic Association, Not Diagnostic)	1	rs113993990	SBDS	structured_catalog_unvalidated	dbSNP/Ensembl validation; HGNC gene validation; ClinVar review; GWAS Catalog review; gnomAD population frequency; literature review	yes	yes	no	no	yes	yes	high	high	clinician_review_required	no	all rsIDs are externally unvalidated; disease risk claims require clinical evidence and regulatory approval	dbSNP validation; ClinVar review; GWAS replication; gnomAD frequency; clinical evidence review; regulatory approval	All genetic markers are externally unvalidated. No clinical, diagnostic, or treatment claims can be made. This is a candidate catalog for research review, not a clinical product. Disease risk reporting requires clinical validation, regulatory approval, and professional oversight.	
wg-2112	genetic_disease	Disease Risk (Sensitive)	complex_disease_risk	Sialidosis	Sialidosis	3	rs104893972;rs104893983;rs28940583	NEU1	structured_catalog_unvalidated	dbSNP/Ensembl validation; HGNC gene validation; ClinVar review; GWAS Catalog review; gnomAD population frequency; literature review	yes	yes	no	no	yes	yes	high	high	clinician_review_required	no	all rsIDs are externally unvalidated; disease risk claims require clinical evidence and regulatory approval	dbSNP validation; ClinVar review; GWAS replication; gnomAD frequency; clinical evidence review; regulatory approval	All genetic markers are externally unvalidated. No clinical, diagnostic, or treatment claims can be made. This is a candidate catalog for research review, not a clinical product. Disease risk reporting requires clinical validation, regulatory approval, and professional oversight.	
wg-1729	genetic_disease	Disease Risk (Sensitive)	complex_disease_risk	Sick Sinus Syndrome	Sick Sinus Syndrome (Genetic Association, Not Diagnostic)	3	rs10489;rs12190;rs13785	ABCA3;ACVRL1;ATP7B;CACNA1C;CAV3;COL3A1;CYP1A1;DMD;EPHX1;ESR2;F8;F9;FBN1;FOXI1;G6PD;GJA5;GJB2;GJB3;GSTP1;HCN4;KCNA5;KCNH2;KCNJ2;KCNQ1;LOXHD;MYBPC;MYBPC3;MYH7;MYL3;MYO15A;RYR2;SCN5A;SDHB;SDHD;SLC25A;SLC25A15;SLC26A;SLC26A4;SMAD3;TGFB2;TGFBR1;TGFBR2;TNNI3;TNNT2;TPM1;VHL;WFS1	structured_catalog_unvalidated	dbSNP/Ensembl validation; HGNC gene validation; ClinVar review; GWAS Catalog review; gnomAD population frequency; literature review	yes	yes	no	no	yes	yes	high	high	clinician_review_required	no	all rsIDs are externally unvalidated; disease risk claims require clinical evidence and regulatory approval	dbSNP validation; ClinVar review; GWAS replication; gnomAD frequency; clinical evidence review; regulatory approval	All genetic markers are externally unvalidated. No clinical, diagnostic, or treatment claims can be made. This is a candidate catalog for research review, not a clinical product. Disease risk reporting requires clinical validation, regulatory approval, and professional oversight.	
wg-2088	genetic_disease	Disease Risk (Sensitive)	complex_disease_risk	Sideroblastic Anemia (SA)	Sideroblastic Anemia (SA)	1	rs137852311	ALAS2	structured_catalog_unvalidated	dbSNP/Ensembl validation; HGNC gene validation; ClinVar review; GWAS Catalog review; gnomAD population frequency; literature review	yes	yes	no	no	yes	yes	high	high	clinician_review_required	no	all rsIDs are externally unvalidated; disease risk claims require clinical evidence and regulatory approval	dbSNP validation; ClinVar review; GWAS replication; gnomAD frequency; clinical evidence review; regulatory approval	All genetic markers are externally unvalidated. No clinical, diagnostic, or treatment claims can be made. This is a candidate catalog for research review, not a clinical product. Disease risk reporting requires clinical validation, regulatory approval, and professional oversight.	
wg-2143	genetic_disease	Disease Risk (Sensitive)	complex_disease_risk	Sitosterolemia	Sitosterolemia	3	rs119479065;rs119479066;rs119479067	ABCG5;ABCG8;DYNC2LI1	structured_catalog_unvalidated	dbSNP/Ensembl validation; HGNC gene validation; ClinVar review; GWAS Catalog review; gnomAD population frequency; literature review	yes	yes	no	no	yes	yes	high	high	clinician_review_required	no	all rsIDs are externally unvalidated; disease risk claims require clinical evidence and regulatory approval	dbSNP validation; ClinVar review; GWAS replication; gnomAD frequency; clinical evidence review; regulatory approval	All genetic markers are externally unvalidated. No clinical, diagnostic, or treatment claims can be made. This is a candidate catalog for research review, not a clinical product. Disease risk reporting requires clinical validation, regulatory approval, and professional oversight.	
wg-2229	genetic_disease	Disease Risk (Sensitive)	complex_disease_risk	Smith-Lemli-Opitz Syndrome (SLOS)	Smith-Lemli-Opitz Syndrome (SLOS) (Genetic Association, Not Diagnostic)	3	rs104894212;rs104894213;rs121909768	DHCR7	structured_catalog_unvalidated	dbSNP/Ensembl validation; HGNC gene validation; ClinVar review; GWAS Catalog review; gnomAD population frequency; literature review	yes	yes	no	no	yes	yes	high	high	clinician_review_required	no	all rsIDs are externally unvalidated; disease risk claims require clinical evidence and regulatory approval	dbSNP validation; ClinVar review; GWAS replication; gnomAD frequency; clinical evidence review; regulatory approval	All genetic markers are externally unvalidated. No clinical, diagnostic, or treatment claims can be made. This is a candidate catalog for research review, not a clinical product. Disease risk reporting requires clinical validation, regulatory approval, and professional oversight.	
wg-2230	genetic_disease	Disease Risk (Sensitive)	complex_disease_risk	Smith-McCort Dysplasia (SMC)	Smith-McCort Dysplasia (SMC)	1	rs775414124	DYM	structured_catalog_unvalidated	dbSNP/Ensembl validation; HGNC gene validation; ClinVar review; GWAS Catalog review; gnomAD population frequency; literature review	yes	yes	no	no	yes	yes	high	high	clinician_review_required	no	all rsIDs are externally unvalidated; disease risk claims require clinical evidence and regulatory approval	dbSNP validation; ClinVar review; GWAS replication; gnomAD frequency; clinical evidence review; regulatory approval	All genetic markers are externally unvalidated. No clinical, diagnostic, or treatment claims can be made. This is a candidate catalog for research review, not a clinical product. Disease risk reporting requires clinical validation, regulatory approval, and professional oversight.	
wg-2231	genetic_disease	Disease Risk (Sensitive)	complex_disease_risk	Sotos Syndrome	Sotos Syndrome (Genetic Association, Not Diagnostic)	4	rs587784198;rs1057520339;rs121908070;rs398124378	NSD1;SCN4A	structured_catalog_unvalidated	dbSNP/Ensembl validation; HGNC gene validation; ClinVar review; GWAS Catalog review; gnomAD population frequency; literature review	yes	yes	no	no	yes	yes	high	high	clinician_review_required	no	all rsIDs are externally unvalidated; disease risk claims require clinical evidence and regulatory approval	dbSNP validation; ClinVar review; GWAS replication; gnomAD frequency; clinical evidence review; regulatory approval	All genetic markers are externally unvalidated. No clinical, diagnostic, or treatment claims can be made. This is a candidate catalog for research review, not a clinical product. Disease risk reporting requires clinical validation, regulatory approval, and professional oversight.	
wg-2017	genetic_disease	Disease Risk (Sensitive)	complex_disease_risk	Spinal Muscular Atrophy (SMA)	Spinal Muscular Atrophy (SMA)	3	rs137852665;rs139497493;rs372000714	IGHMBP;IGHMBP2;SIGMAR1	structured_catalog_unvalidated	dbSNP/Ensembl validation; HGNC gene validation; ClinVar review; GWAS Catalog review; gnomAD population frequency; literature review	yes	yes	no	no	yes	yes	high	high	clinician_review_required	no	all rsIDs are externally unvalidated; disease risk claims require clinical evidence and regulatory approval	dbSNP validation; ClinVar review; GWAS replication; gnomAD frequency; clinical evidence review; regulatory approval	All genetic markers are externally unvalidated. No clinical, diagnostic, or treatment claims can be made. This is a candidate catalog for research review, not a clinical product. Disease risk reporting requires clinical validation, regulatory approval, and professional oversight.	
wg-2019	genetic_disease	Disease Risk (Sensitive)	complex_disease_risk	Spondylocarpotarsal Synostosis Syndrome (SCT)	Spondylocarpotarsal Synostosis Syndrome (SCT) (Genetic Association, Not Diagnostic)	2	rs1555527166;rs80356517	FLNB;MYH3	structured_catalog_unvalidated	dbSNP/Ensembl validation; HGNC gene validation; ClinVar review; GWAS Catalog review; gnomAD population frequency; literature review	yes	yes	no	no	yes	yes	high	high	clinician_review_required	no	all rsIDs are externally unvalidated; disease risk claims require clinical evidence and regulatory approval	dbSNP validation; ClinVar review; GWAS replication; gnomAD frequency; clinical evidence review; regulatory approval	All genetic markers are externally unvalidated. No clinical, diagnostic, or treatment claims can be made. This is a candidate catalog for research review, not a clinical product. Disease risk reporting requires clinical validation, regulatory approval, and professional oversight.	
wg-2023	genetic_disease	Disease Risk (Sensitive)	complex_disease_risk	Spondylocostal Dysostosis (SCDO)	Spondylocostal Dysostosis (SCDO)	3	rs786204039;rs786204040;rs786205519	DLL3;TBX6	structured_catalog_unvalidated	dbSNP/Ensembl validation; HGNC gene validation; ClinVar review; GWAS Catalog review; gnomAD population frequency; literature review	yes	yes	no	no	yes	yes	high	high	clinician_review_required	no	all rsIDs are externally unvalidated; disease risk claims require clinical evidence and regulatory approval	dbSNP validation; ClinVar review; GWAS replication; gnomAD frequency; clinical evidence review; regulatory approval	All genetic markers are externally unvalidated. No clinical, diagnostic, or treatment claims can be made. This is a candidate catalog for research review, not a clinical product. Disease risk reporting requires clinical validation, regulatory approval, and professional oversight.	
wg-2152	genetic_disease	Disease Risk (Sensitive)	complex_disease_risk	Spondyloenchondrodysplasia with Immune Dysregulation (SPENCDI)	Spondyloenchondrodysplasia with Immune Dysregulation (SPENCDI)	1	rs781050795	ACP5	structured_catalog_unvalidated	dbSNP/Ensembl validation; HGNC gene validation; ClinVar review; GWAS Catalog review; gnomAD population frequency; literature review	yes	yes	no	no	yes	yes	high	high	clinician_review_required	no	all rsIDs are externally unvalidated; disease risk claims require clinical evidence and regulatory approval	dbSNP validation; ClinVar review; GWAS replication; gnomAD frequency; clinical evidence review; regulatory approval	All genetic markers are externally unvalidated. No clinical, diagnostic, or treatment claims can be made. This is a candidate catalog for research review, not a clinical product. Disease risk reporting requires clinical validation, regulatory approval, and professional oversight.	
wg-2022	genetic_disease	Disease Risk (Sensitive)	complex_disease_risk	Spondyloepimetaphyseal Dysplasia (SEMD)	Spondyloepimetaphyseal Dysplasia (SEMD)	2	rs121912880;rs797045099	COL2A1;PAPSS2	structured_catalog_unvalidated	dbSNP/Ensembl validation; HGNC gene validation; ClinVar review; GWAS Catalog review; gnomAD population frequency; literature review	yes	yes	no	no	yes	yes	high	high	clinician_review_required	no	all rsIDs are externally unvalidated; disease risk claims require clinical evidence and regulatory approval	dbSNP validation; ClinVar review; GWAS replication; gnomAD frequency; clinical evidence review; regulatory approval	All genetic markers are externally unvalidated. No clinical, diagnostic, or treatment claims can be made. This is a candidate catalog for research review, not a clinical product. Disease risk reporting requires clinical validation, regulatory approval, and professional oversight.	
wg-2021	genetic_disease	Disease Risk (Sensitive)	complex_disease_risk	Spondyloepiphyseal Dysplasia (SED)	Spondyloepiphyseal Dysplasia (SED)	2	rs864621973;rs869312907	COL2A1	structured_catalog_unvalidated	dbSNP/Ensembl validation; HGNC gene validation; ClinVar review; GWAS Catalog review; gnomAD population frequency; literature review	yes	yes	no	no	yes	yes	high	high	clinician_review_required	no	all rsIDs are externally unvalidated; disease risk claims require clinical evidence and regulatory approval	dbSNP validation; ClinVar review; GWAS replication; gnomAD frequency; clinical evidence review; regulatory approval	All genetic markers are externally unvalidated. No clinical, diagnostic, or treatment claims can be made. This is a candidate catalog for research review, not a clinical product. Disease risk reporting requires clinical validation, regulatory approval, and professional oversight.	
wg-2020	genetic_disease	Disease Risk (Sensitive)	complex_disease_risk	Spondylometaphyseal Dysplasia (SMD)	Spondylometaphyseal Dysplasia (SMD)	2	rs267607144;rs387906904	TRPV4	structured_catalog_unvalidated	dbSNP/Ensembl validation; HGNC gene validation; ClinVar review; GWAS Catalog review; gnomAD population frequency; literature review	yes	yes	no	no	yes	yes	high	high	clinician_review_required	no	all rsIDs are externally unvalidated; disease risk claims require clinical evidence and regulatory approval	dbSNP validation; ClinVar review; GWAS replication; gnomAD frequency; clinical evidence review; regulatory approval	All genetic markers are externally unvalidated. No clinical, diagnostic, or treatment claims can be made. This is a candidate catalog for research review, not a clinical product. Disease risk reporting requires clinical validation, regulatory approval, and professional oversight.	
wg-2018	genetic_disease	Disease Risk (Sensitive)	complex_disease_risk	Spondyloperipheral Dysplasia (SPD)	Spondyloperipheral Dysplasia (SPD)	3	rs121912874;rs121912893;rs794727261	COL2A1	structured_catalog_unvalidated	dbSNP/Ensembl validation; HGNC gene validation; ClinVar review; GWAS Catalog review; gnomAD population frequency; literature review	yes	yes	no	no	yes	yes	high	high	clinician_review_required	no	all rsIDs are externally unvalidated; disease risk claims require clinical evidence and regulatory approval	dbSNP validation; ClinVar review; GWAS replication; gnomAD frequency; clinical evidence review; regulatory approval	All genetic markers are externally unvalidated. No clinical, diagnostic, or treatment claims can be made. This is a candidate catalog for research review, not a clinical product. Disease risk reporting requires clinical validation, regulatory approval, and professional oversight.	
wg-1973	health_risk	Disease Risk (Sensitive)	complex_disease_risk	Spontaneous Urticaria	Spontaneous Urticaria	3	rs708777;rs453755;rs34141382		structured_catalog_unvalidated	dbSNP/Ensembl validation; HGNC gene validation; ClinVar review; GWAS Catalog review; gnomAD population frequency; literature review	yes	yes	no	no	yes	yes	high	high	clinician_review_required	no	all rsIDs are externally unvalidated; disease risk claims require clinical evidence and regulatory approval	dbSNP validation; ClinVar review; GWAS replication; gnomAD frequency; clinical evidence review; regulatory approval	All genetic markers are externally unvalidated. No clinical, diagnostic, or treatment claims can be made. This is a candidate catalog for research review, not a clinical product. Disease risk reporting requires clinical validation, regulatory approval, and professional oversight.	
wg-2232	genetic_disease	Disease Risk (Sensitive)	complex_disease_risk	Stargardt Disease	Stargardt Disease (Genetic Association, Not Diagnostic)	4	rs52723;rs137853006;rs150774447;rs201471607	ABCA4;CACNA;CACNA1S;PROM1;PRPH2;SCN4A	structured_catalog_unvalidated	dbSNP/Ensembl validation; HGNC gene validation; ClinVar review; GWAS Catalog review; gnomAD population frequency; literature review	yes	yes	no	no	yes	yes	high	high	clinician_review_required	no	all rsIDs are externally unvalidated; disease risk claims require clinical evidence and regulatory approval	dbSNP validation; ClinVar review; GWAS replication; gnomAD frequency; clinical evidence review; regulatory approval	All genetic markers are externally unvalidated. No clinical, diagnostic, or treatment claims can be made. This is a candidate catalog for research review, not a clinical product. Disease risk reporting requires clinical validation, regulatory approval, and professional oversight.	
wg-1572	genetic_disease	Disease Risk (Sensitive)	complex_disease_risk	Stickler Syndrome	Stickler Syndrome (Genetic Association, Not Diagnostic)	2	rs121912882;rs794727748	COL2A1	structured_catalog_unvalidated	dbSNP/Ensembl validation; HGNC gene validation; ClinVar review; GWAS Catalog review; gnomAD population frequency; literature review	yes	yes	no	no	yes	yes	high	high	clinician_review_required	no	all rsIDs are externally unvalidated; disease risk claims require clinical evidence and regulatory approval	dbSNP validation; ClinVar review; GWAS replication; gnomAD frequency; clinical evidence review; regulatory approval	All genetic markers are externally unvalidated. No clinical, diagnostic, or treatment claims can be made. This is a candidate catalog for research review, not a clinical product. Disease risk reporting requires clinical validation, regulatory approval, and professional oversight.	
wg-49	health_risk	Disease Risk (Sensitive)	complex_disease_risk	Stomach Cancer	Stomach Cancer (Genetic Association, Not Diagnostic)	6	rs2070600;rs2294008;rs2275913;rs2227692;rs2333227;rs2274223	AGER;CASC11;CCHCR1;CYP26B1;FCGR2A;HECTD4;IL17A;LTA;MPO;MYNN;PLCE1;PSCA;SERPINE1;SLC14A1;SLC39A6;TACC3;TCN2;TNXB	structured_catalog_unvalidated	dbSNP/Ensembl validation; HGNC gene validation; ClinVar review; GWAS Catalog review; gnomAD population frequency; literature review	yes	yes	no	no	yes	yes	high	high	clinician_review_required	no	all rsIDs are externally unvalidated; disease risk claims require clinical evidence and regulatory approval	dbSNP validation; ClinVar review; GWAS replication; gnomAD frequency; clinical evidence review; regulatory approval	All genetic markers are externally unvalidated. No clinical, diagnostic, or treatment claims can be made. This is a candidate catalog for research review, not a clinical product. Disease risk reporting requires clinical validation, regulatory approval, and professional oversight.	
wg-2092	genetic_disease	Disease Risk (Sensitive)	complex_disease_risk	Striatonigral Degeneration (SND)	Striatonigral Degeneration (SND)	1	rs199476135		structured_catalog_unvalidated	dbSNP/Ensembl validation; HGNC gene validation; ClinVar review; GWAS Catalog review; gnomAD population frequency; literature review	yes	yes	no	no	yes	yes	high	high	clinician_review_required	no	all rsIDs are externally unvalidated; disease risk claims require clinical evidence and regulatory approval	dbSNP validation; ClinVar review; GWAS replication; gnomAD frequency; clinical evidence review; regulatory approval	All genetic markers are externally unvalidated. No clinical, diagnostic, or treatment claims can be made. This is a candidate catalog for research review, not a clinical product. Disease risk reporting requires clinical validation, regulatory approval, and professional oversight.	
wg-216	health_risk	Disease Risk (Sensitive)	complex_disease_risk	Sudden Cardiac Death (SCD)	Sudden Cardiac Death (SCD)	3	rs16847548;rs174230;rs4665058	BAZ2B	structured_catalog_unvalidated	dbSNP/Ensembl validation; HGNC gene validation; ClinVar review; GWAS Catalog review; gnomAD population frequency; literature review	yes	yes	no	no	yes	yes	high	high	clinician_review_required	no	all rsIDs are externally unvalidated; disease risk claims require clinical evidence and regulatory approval	dbSNP validation; ClinVar review; GWAS replication; gnomAD frequency; clinical evidence review; regulatory approval	All genetic markers are externally unvalidated. No clinical, diagnostic, or treatment claims can be made. This is a candidate catalog for research review, not a clinical product. Disease risk reporting requires clinical validation, regulatory approval, and professional oversight.	
wg-1984	genetic_disease	Disease Risk (Sensitive)	complex_disease_risk	Syndactyly	Syndactyly	1	rs200750564	HOXD13	structured_catalog_unvalidated	dbSNP/Ensembl validation; HGNC gene validation; ClinVar review; GWAS Catalog review; gnomAD population frequency; literature review	yes	yes	no	no	yes	yes	high	high	clinician_review_required	no	all rsIDs are externally unvalidated; disease risk claims require clinical evidence and regulatory approval	dbSNP validation; ClinVar review; GWAS replication; gnomAD frequency; clinical evidence review; regulatory approval	All genetic markers are externally unvalidated. No clinical, diagnostic, or treatment claims can be made. This is a candidate catalog for research review, not a clinical product. Disease risk reporting requires clinical validation, regulatory approval, and professional oversight.	
wg-98	health_risk	Disease Risk (Sensitive)	complex_disease_risk	Systemic Lupus Erythematosus (SLE)	Systemic Lupus Erythematosus (SLE)	9	rs3093061;rs11185602;rs9270970;rs1780813;rs3748079;rs10488631;rs1143679;rs2004640;rs2280714	GTF2I;ITGAM;STAT4;TNFAIP3;TNPO3;TYK2	structured_catalog_unvalidated	dbSNP/Ensembl validation; HGNC gene validation; ClinVar review; GWAS Catalog review; gnomAD population frequency; literature review	yes	yes	no	no	yes	yes	high	high	clinician_review_required	no	all rsIDs are externally unvalidated; disease risk claims require clinical evidence and regulatory approval	dbSNP validation; ClinVar review; GWAS replication; gnomAD frequency; clinical evidence review; regulatory approval	All genetic markers are externally unvalidated. No clinical, diagnostic, or treatment claims can be made. This is a candidate catalog for research review, not a clinical product. Disease risk reporting requires clinical validation, regulatory approval, and professional oversight.	
wg-209	genetic_disease	Disease Risk (Sensitive)	complex_disease_risk	TTR-Related Cardiac Amyloidosis	TTR-Related Cardiac Amyloidosis	1	rs76992529	TTR	structured_catalog_unvalidated	dbSNP/Ensembl validation; HGNC gene validation; ClinVar review; GWAS Catalog review; gnomAD population frequency; literature review	yes	yes	no	no	yes	yes	high	high	clinician_review_required	no	all rsIDs are externally unvalidated; disease risk claims require clinical evidence and regulatory approval	dbSNP validation; ClinVar review; GWAS replication; gnomAD frequency; clinical evidence review; regulatory approval	All genetic markers are externally unvalidated. No clinical, diagnostic, or treatment claims can be made. This is a candidate catalog for research review, not a clinical product. Disease risk reporting requires clinical validation, regulatory approval, and professional oversight.	
wg-2295	genetic_tendency	Other/Unclassified	complex_disease_risk	Telomere Length	Telomere Length	6	rs10954;rs24752;rs69685;rs12241155;rs12934863;rs11190126	DCAF4;IRF5;RFWD3	structured_catalog_unvalidated	dbSNP/Ensembl validation; HGNC gene validation; ClinVar review; GWAS Catalog review; gnomAD population frequency; literature review	yes	yes	no	no	yes	yes	high	high	clinician_review_required	no	all rsIDs are externally unvalidated; disease risk claims require clinical evidence and regulatory approval	dbSNP validation; ClinVar review; GWAS replication; gnomAD frequency; clinical evidence review; regulatory approval	All genetic markers are externally unvalidated. No clinical, diagnostic, or treatment claims can be made. This is a candidate catalog for research review, not a clinical product. Disease risk reporting requires clinical validation, regulatory approval, and professional oversight.	 QC downgraded from Tier A to Tier C.
wg-82	health_risk	Disease Risk (Sensitive)	complex_disease_risk	Testicular Cancer	Testicular Cancer (Genetic Association, Not Diagnostic)	8	rs210138;rs4324715;rs4474514;rs6897876;rs3782179;rs2059693;rs2736100;rs755383	BAK1;DMRT1;EXO1;KITLG;TERT;WTAPP1	structured_catalog_unvalidated	dbSNP/Ensembl validation; HGNC gene validation; ClinVar review; GWAS Catalog review; gnomAD population frequency; literature review	yes	yes	no	no	yes	yes	high	high	clinician_review_required	no	all rsIDs are externally unvalidated; disease risk claims require clinical evidence and regulatory approval	dbSNP validation; ClinVar review; GWAS replication; gnomAD frequency; clinical evidence review; regulatory approval	All genetic markers are externally unvalidated. No clinical, diagnostic, or treatment claims can be made. This is a candidate catalog for research review, not a clinical product. Disease risk reporting requires clinical validation, regulatory approval, and professional oversight.	
wg-2145	genetic_disease	Disease Risk (Sensitive)	complex_disease_risk	Thanatophoric Dysplasia	Thanatophoric Dysplasia	3	rs121913105;rs121913482;rs4647924	FGFR3	structured_catalog_unvalidated	dbSNP/Ensembl validation; HGNC gene validation; ClinVar review; GWAS Catalog review; gnomAD population frequency; literature review	yes	yes	no	no	yes	yes	high	high	clinician_review_required	no	all rsIDs are externally unvalidated; disease risk claims require clinical evidence and regulatory approval	dbSNP validation; ClinVar review; GWAS replication; gnomAD frequency; clinical evidence review; regulatory approval	All genetic markers are externally unvalidated. No clinical, diagnostic, or treatment claims can be made. This is a candidate catalog for research review, not a clinical product. Disease risk reporting requires clinical validation, regulatory approval, and professional oversight.	
wg-2120	genetic_disease	Disease Risk (Sensitive)	complex_disease_risk	Thrombocytopenia	Thrombocytopenia	3	rs132630270;rs28933386;rs61751286	PTPN11;VWF;WAS	structured_catalog_unvalidated	dbSNP/Ensembl validation; HGNC gene validation; ClinVar review; GWAS Catalog review; gnomAD population frequency; literature review	yes	yes	no	no	yes	yes	high	high	clinician_review_required	no	all rsIDs are externally unvalidated; disease risk claims require clinical evidence and regulatory approval	dbSNP validation; ClinVar review; GWAS replication; gnomAD frequency; clinical evidence review; regulatory approval	All genetic markers are externally unvalidated. No clinical, diagnostic, or treatment claims can be made. This is a candidate catalog for research review, not a clinical product. Disease risk reporting requires clinical validation, regulatory approval, and professional oversight.	
wg-2131	genetic_disease	Disease Risk (Sensitive)	complex_disease_risk	Thrombophilia	Thrombophilia	3	rs121918141;rs121918147;rs121918153	F8;F9;PROC;PROS1	structured_catalog_unvalidated	dbSNP/Ensembl validation; HGNC gene validation; ClinVar review; GWAS Catalog review; gnomAD population frequency; literature review	yes	yes	no	no	yes	yes	high	high	clinician_review_required	no	all rsIDs are externally unvalidated; disease risk claims require clinical evidence and regulatory approval	dbSNP validation; ClinVar review; GWAS replication; gnomAD frequency; clinical evidence review; regulatory approval	All genetic markers are externally unvalidated. No clinical, diagnostic, or treatment claims can be made. This is a candidate catalog for research review, not a clinical product. Disease risk reporting requires clinical validation, regulatory approval, and professional oversight.	
wg-83	health_risk	Disease Risk (Sensitive)	complex_disease_risk	Thyroid Cancer	Thyroid Cancer (Genetic Association, Not Diagnostic)	5	rs965513;rs1867277;rs2145418;rs699947;rs944289	FOXE1;ITPR2;VEGFA;ZEB2	structured_catalog_unvalidated	dbSNP/Ensembl validation; HGNC gene validation; ClinVar review; GWAS Catalog review; gnomAD population frequency; literature review	yes	yes	no	no	yes	yes	high	high	clinician_review_required	no	all rsIDs are externally unvalidated; disease risk claims require clinical evidence and regulatory approval	dbSNP validation; ClinVar review; GWAS replication; gnomAD frequency; clinical evidence review; regulatory approval	All genetic markers are externally unvalidated. No clinical, diagnostic, or treatment claims can be made. This is a candidate catalog for research review, not a clinical product. Disease risk reporting requires clinical validation, regulatory approval, and professional oversight.	
wg-211	genetic_disease	Disease Risk (Sensitive)	complex_disease_risk	Torsion Dystonia	Torsion Dystonia	1	rs80358233	TOR1A	structured_catalog_unvalidated	dbSNP/Ensembl validation; HGNC gene validation; ClinVar review; GWAS Catalog review; gnomAD population frequency; literature review	yes	yes	no	no	yes	yes	high	high	clinician_review_required	no	all rsIDs are externally unvalidated; disease risk claims require clinical evidence and regulatory approval	dbSNP validation; ClinVar review; GWAS replication; gnomAD frequency; clinical evidence review; regulatory approval	All genetic markers are externally unvalidated. No clinical, diagnostic, or treatment claims can be made. This is a candidate catalog for research review, not a clinical product. Disease risk reporting requires clinical validation, regulatory approval, and professional oversight.	
wg-2234	genetic_disease	Disease Risk (Sensitive)	complex_disease_risk	Treacher Collins Syndrome (TCS)	Treacher Collins Syndrome (TCS) (Genetic Association, Not Diagnostic)	1	rs141156009	POLR1C	structured_catalog_unvalidated	dbSNP/Ensembl validation; HGNC gene validation; ClinVar review; GWAS Catalog review; gnomAD population frequency; literature review	yes	yes	no	no	yes	yes	high	high	clinician_review_required	no	all rsIDs are externally unvalidated; disease risk claims require clinical evidence and regulatory approval	dbSNP validation; ClinVar review; GWAS replication; gnomAD frequency; clinical evidence review; regulatory approval	All genetic markers are externally unvalidated. No clinical, diagnostic, or treatment claims can be made. This is a candidate catalog for research review, not a clinical product. Disease risk reporting requires clinical validation, regulatory approval, and professional oversight.	
wg-2051	genetic_disease	Disease Risk (Sensitive)	complex_disease_risk	Trichorhinophalangeal Syndrome (TRPS)	Trichorhinophalangeal Syndrome (TRPS) (Genetic Association, Not Diagnostic)	1	rs121908431	TRPS1	structured_catalog_unvalidated	dbSNP/Ensembl validation; HGNC gene validation; ClinVar review; GWAS Catalog review; gnomAD population frequency; literature review	yes	yes	no	no	yes	yes	high	high	clinician_review_required	no	all rsIDs are externally unvalidated; disease risk claims require clinical evidence and regulatory approval	dbSNP validation; ClinVar review; GWAS replication; gnomAD frequency; clinical evidence review; regulatory approval	All genetic markers are externally unvalidated. No clinical, diagnostic, or treatment claims can be made. This is a candidate catalog for research review, not a clinical product. Disease risk reporting requires clinical validation, regulatory approval, and professional oversight.	
wg-2235	genetic_disease	Disease Risk (Sensitive)	complex_disease_risk	Troyer Syndrome	Troyer Syndrome (Genetic Association, Not Diagnostic)	1	rs730882198	SPART	structured_catalog_unvalidated	dbSNP/Ensembl validation; HGNC gene validation; ClinVar review; GWAS Catalog review; gnomAD population frequency; literature review	yes	yes	no	no	yes	yes	high	high	clinician_review_required	no	all rsIDs are externally unvalidated; disease risk claims require clinical evidence and regulatory approval	dbSNP validation; ClinVar review; GWAS replication; gnomAD frequency; clinical evidence review; regulatory approval	All genetic markers are externally unvalidated. No clinical, diagnostic, or treatment claims can be made. This is a candidate catalog for research review, not a clinical product. Disease risk reporting requires clinical validation, regulatory approval, and professional oversight.	
wg-70	health_risk	Disease Risk (Sensitive)	complex_disease_risk	Type 1 Diabetes (T1D)	Type 1 Diabetes (T1D)	8	rs725613;rs9273363;rs5498;rs2395185;rs9272346;rs7255613;rs7574865;rs3804100	BRINP1;BSN;C2;CCHCR1;CLEC16A;EFCAB11;FCGR2A;GSTP1;GTF2I;ICAM1;IL12RB2;IL23R;IL7R;INPP4A;KIF1B;MICA;NOS3;NPPA;SLC6A7;SPIB;STAT4;TLR2;TNFAIP3;TNFSF15;TNPO3	structured_catalog_unvalidated	dbSNP/Ensembl validation; HGNC gene validation; ClinVar review; GWAS Catalog review; gnomAD population frequency; literature review	yes	yes	no	no	yes	yes	high	high	clinician_review_required	no	all rsIDs are externally unvalidated; disease risk claims require clinical evidence and regulatory approval	dbSNP validation; ClinVar review; GWAS replication; gnomAD frequency; clinical evidence review; regulatory approval	All genetic markers are externally unvalidated. No clinical, diagnostic, or treatment claims can be made. This is a candidate catalog for research review, not a clinical product. Disease risk reporting requires clinical validation, regulatory approval, and professional oversight.	
wg-66	health_risk	Disease Risk (Sensitive)	complex_disease_risk	Type 2 Diabetes (T2D)	Type 2 Diabetes (T2D)	12	rs9465871;rs1801282;rs2943641;rs2295490;rs4506565;rs10012946;rs136634;rs10830963;rs3802177;rs117767867;rs13266634;rs1799884	CYP17A1;FADS1;KCNJ11;MTNR1B;PPARG;SLC30A8;TCF7L2;WFS1	structured_catalog_unvalidated	dbSNP/Ensembl validation; HGNC gene validation; ClinVar review; GWAS Catalog review; gnomAD population frequency; literature review	yes	yes	no	no	yes	yes	high	high	clinician_review_required	no	all rsIDs are externally unvalidated; disease risk claims require clinical evidence and regulatory approval	dbSNP validation; ClinVar review; GWAS replication; gnomAD frequency; clinical evidence review; regulatory approval	All genetic markers are externally unvalidated. No clinical, diagnostic, or treatment claims can be made. This is a candidate catalog for research review, not a clinical product. Disease risk reporting requires clinical validation, regulatory approval, and professional oversight.	
wg-2045	genetic_disease	Disease Risk (Sensitive)	complex_disease_risk	Tyrosinemia	Tyrosinemia	3	rs121965075;rs137852867;rs370686447	FAH;HPD;KATNAL	structured_catalog_unvalidated	dbSNP/Ensembl validation; HGNC gene validation; ClinVar review; GWAS Catalog review; gnomAD population frequency; literature review	yes	yes	no	no	yes	yes	high	high	clinician_review_required	no	all rsIDs are externally unvalidated; disease risk claims require clinical evidence and regulatory approval	dbSNP validation; ClinVar review; GWAS replication; gnomAD frequency; clinical evidence review; regulatory approval	All genetic markers are externally unvalidated. No clinical, diagnostic, or treatment claims can be made. This is a candidate catalog for research review, not a clinical product. Disease risk reporting requires clinical validation, regulatory approval, and professional oversight.	
wg-109	health_risk	Disease Risk (Sensitive)	complex_disease_risk	UPDATE Abdominal Aortic Aneurysm (AAA)	UPDATE Abdominal Aortic Aneurysm (AAA)	7	rs7025486;rs434182;rs2836411;rs12740374;rs7994761;rs10757278;rs11591147	ADTRP;BRAP;CDKN2BAS;DAB1;DAB2IP;ERG;IL1F10;LPA;LPL;NEDD9;NOS3;PALLD;PCSK9;PON1;SCML4;SNX19;THSD7A	structured_catalog_unvalidated	dbSNP/Ensembl validation; HGNC gene validation; ClinVar review; GWAS Catalog review; gnomAD population frequency; literature review	yes	yes	no	no	yes	yes	high	high	clinician_review_required	no	all rsIDs are externally unvalidated; disease risk claims require clinical evidence and regulatory approval	dbSNP validation; ClinVar review; GWAS replication; gnomAD frequency; clinical evidence review; regulatory approval	All genetic markers are externally unvalidated. No clinical, diagnostic, or treatment claims can be made. This is a candidate catalog for research review, not a clinical product. Disease risk reporting requires clinical validation, regulatory approval, and professional oversight.	
wg-100	health_risk	Disease Risk (Sensitive)	complex_disease_risk	UPDATE Ankylosing Spondylitis (AS)	UPDATE Ankylosing Spondylitis (AS)	7	rs2303138;rs6759298;rs10865331;rs1860545;rs11616188;rs10050860;rs30187	ERAP1;ERAP2;IL23R;LNPEP;TNFRSF1A	structured_catalog_unvalidated	dbSNP/Ensembl validation; HGNC gene validation; ClinVar review; GWAS Catalog review; gnomAD population frequency; literature review	yes	yes	no	no	yes	yes	high	high	clinician_review_required	no	all rsIDs are externally unvalidated; disease risk claims require clinical evidence and regulatory approval	dbSNP validation; ClinVar review; GWAS replication; gnomAD frequency; clinical evidence review; regulatory approval	All genetic markers are externally unvalidated. No clinical, diagnostic, or treatment claims can be made. This is a candidate catalog for research review, not a clinical product. Disease risk reporting requires clinical validation, regulatory approval, and professional oversight.	
wg-1746	health_risk	Disease Risk (Sensitive)	complex_disease_risk	UPDATE Aortic Dissection	UPDATE Aortic Dissection	6	rs9316871;rs1818275;rs2118181;rs2272007;rs11172113;rs10519177	FBN1;LRP1;PLCE1;TCF7L2;ULK4	structured_catalog_unvalidated	dbSNP/Ensembl validation; HGNC gene validation; ClinVar review; GWAS Catalog review; gnomAD population frequency; literature review	yes	yes	no	no	yes	yes	high	high	clinician_review_required	no	all rsIDs are externally unvalidated; disease risk claims require clinical evidence and regulatory approval	dbSNP validation; ClinVar review; GWAS replication; gnomAD frequency; clinical evidence review; regulatory approval	All genetic markers are externally unvalidated. No clinical, diagnostic, or treatment claims can be made. This is a candidate catalog for research review, not a clinical product. Disease risk reporting requires clinical validation, regulatory approval, and professional oversight.	
wg-101	health_risk	Disease Risk (Sensitive)	complex_disease_risk	UPDATE Atopic Dermatitis	UPDATE Atopic Dermatitis	8	rs2155219;rs12081541;rs12144049;rs10738626;rs10995251;rs848;rs479844;rs7927894	CLEC16A;DCAF1;IL13;JAZF1;LPP;PUS10;RERE;STAT6;ZNF365	structured_catalog_unvalidated	dbSNP/Ensembl validation; HGNC gene validation; ClinVar review; GWAS Catalog review; gnomAD population frequency; literature review	yes	yes	no	no	yes	yes	high	high	clinician_review_required	no	all rsIDs are externally unvalidated; disease risk claims require clinical evidence and regulatory approval	dbSNP validation; ClinVar review; GWAS replication; gnomAD frequency; clinical evidence review; regulatory approval	All genetic markers are externally unvalidated. No clinical, diagnostic, or treatment claims can be made. This is a candidate catalog for research review, not a clinical product. Disease risk reporting requires clinical validation, regulatory approval, and professional oversight.	
wg-128	health_risk	Disease Risk (Sensitive)	complex_disease_risk	UPDATE Attention Deficit Hyperactivity Disorder (ADHD)	UPDATE Attention Deficit Hyperactivity Disorder (ADHD) (Genetic Association, Not Diagnostic)	6	rs1427829;rs6686722;rs212178;rs1801260;rs2886697;rs11420276	COL19A1;FOXP2;IP6K1;LSM6;PTPRF	structured_catalog_unvalidated	dbSNP/Ensembl validation; HGNC gene validation; ClinVar review; GWAS Catalog review; gnomAD population frequency; literature review	yes	yes	no	no	yes	yes	high	high	clinician_review_required	no	all rsIDs are externally unvalidated; disease risk claims require clinical evidence and regulatory approval	dbSNP validation; ClinVar review; GWAS replication; gnomAD frequency; clinical evidence review; regulatory approval	All genetic markers are externally unvalidated. No clinical, diagnostic, or treatment claims can be made. This is a candidate catalog for research review, not a clinical product. Disease risk reporting requires clinical validation, regulatory approval, and professional oversight.	
wg-1752	health_risk	Disease Risk (Sensitive)	complex_disease_risk	UPDATE Autoimmune Hepatitis	UPDATE Autoimmune Hepatitis	6	rs6000782;rs3891175;rs6932730;rs2187668;rs72929257;rs6809477	AHI1;APOL1;BACH2;IFIH1;LPP;MTHFS;MYO9B;PLA2R1;PUS10;RPL3L;SYNPR	structured_catalog_unvalidated	dbSNP/Ensembl validation; HGNC gene validation; ClinVar review; GWAS Catalog review; gnomAD population frequency; literature review	yes	yes	no	no	yes	yes	high	high	clinician_review_required	no	all rsIDs are externally unvalidated; disease risk claims require clinical evidence and regulatory approval	dbSNP validation; ClinVar review; GWAS replication; gnomAD frequency; clinical evidence review; regulatory approval	All genetic markers are externally unvalidated. No clinical, diagnostic, or treatment claims can be made. This is a candidate catalog for research review, not a clinical product. Disease risk reporting requires clinical validation, regulatory approval, and professional oversight.	
wg-129	health_risk	Disease Risk (Sensitive)	complex_disease_risk	UPDATE Back Pain	UPDATE Back Pain	5	rs2073711;rs6651255;rs62004866;rs1934268;rs7833174	CILP;COL11A1;CRLF1;GDF5;GSDMC;KIAA1217;NCAM1;PTPRD;SLC39A8;THBS2	structured_catalog_unvalidated	dbSNP/Ensembl validation; HGNC gene validation; ClinVar review; GWAS Catalog review; gnomAD population frequency; literature review	yes	yes	no	no	yes	yes	high	high	clinician_review_required	no	all rsIDs are externally unvalidated; disease risk claims require clinical evidence and regulatory approval	dbSNP validation; ClinVar review; GWAS replication; gnomAD frequency; clinical evidence review; regulatory approval	All genetic markers are externally unvalidated. No clinical, diagnostic, or treatment claims can be made. This is a candidate catalog for research review, not a clinical product. Disease risk reporting requires clinical validation, regulatory approval, and professional oversight.	
wg-71	health_risk	Disease Risk (Sensitive)	complex_disease_risk	UPDATE Behçet’s Syndrome	UPDATE Behçet’s Syndrome (Genetic Association, Not Diagnostic)	7	rs1800871;rs9277724;rs9266406;rs6910516;rs79831785;rs1518111;rs1495965	FUT2;IL10;IL1B;MMP9;MTHFR;NLRP3;SELE;TFCP2L1	structured_catalog_unvalidated	dbSNP/Ensembl validation; HGNC gene validation; ClinVar review; GWAS Catalog review; gnomAD population frequency; literature review	yes	yes	no	no	yes	yes	high	high	clinician_review_required	no	all rsIDs are externally unvalidated; disease risk claims require clinical evidence and regulatory approval	dbSNP validation; ClinVar review; GWAS replication; gnomAD frequency; clinical evidence review; regulatory approval	All genetic markers are externally unvalidated. No clinical, diagnostic, or treatment claims can be made. This is a candidate catalog for research review, not a clinical product. Disease risk reporting requires clinical validation, regulatory approval, and professional oversight.	
wg-96	health_risk	Disease Risk (Sensitive)	complex_disease_risk	UPDATE Bipolar Disorder	UPDATE Bipolar Disorder (Genetic Association, Not Diagnostic)	7	rs10994397;rs4713902;rs1012053;rs1375144;rs10937823;rs4027132;rs1064395	ANK3;DGKH;DPP10;FKBP5;SORCS2	structured_catalog_unvalidated	dbSNP/Ensembl validation; HGNC gene validation; ClinVar review; GWAS Catalog review; gnomAD population frequency; literature review	yes	yes	no	no	yes	yes	high	high	clinician_review_required	no	all rsIDs are externally unvalidated; disease risk claims require clinical evidence and regulatory approval	dbSNP validation; ClinVar review; GWAS replication; gnomAD frequency; clinical evidence review; regulatory approval	All genetic markers are externally unvalidated. No clinical, diagnostic, or treatment claims can be made. This is a candidate catalog for research review, not a clinical product. Disease risk reporting requires clinical validation, regulatory approval, and professional oversight.	
wg-95	health_risk	Disease Risk (Sensitive)	complex_disease_risk	UPDATE Crohn's Disease (CD)	UPDATE Crohn's Disease (CD) (Genetic Association, Not Diagnostic)	10	rs1465788;rs2631367;rs1050152;rs1004819;rs10761659;rs2201841;rs1793004;rs11209026;rs1800972;rs11465788	ATG16L1;BSN;CCHCR1;FCGR2A;IL23R;NOD2;PTPN2	structured_catalog_unvalidated	dbSNP/Ensembl validation; HGNC gene validation; ClinVar review; GWAS Catalog review; gnomAD population frequency; literature review	yes	yes	no	no	yes	yes	high	high	clinician_review_required	no	all rsIDs are externally unvalidated; disease risk claims require clinical evidence and regulatory approval	dbSNP validation; ClinVar review; GWAS replication; gnomAD frequency; clinical evidence review; regulatory approval	All genetic markers are externally unvalidated. No clinical, diagnostic, or treatment claims can be made. This is a candidate catalog for research review, not a clinical product. Disease risk reporting requires clinical validation, regulatory approval, and professional oversight.	
wg-1555	health_risk	Disease Risk (Sensitive)	complex_disease_risk	UPDATE Diverticulosis	UPDATE Diverticulosis	7	rs9482094;rs875107;rs3732760;rs2131755;rs4662344;rs101203333;rs10173528	BABAM2;BMPR1B;CACNB2;ELN;TRPS1	structured_catalog_unvalidated	dbSNP/Ensembl validation; HGNC gene validation; ClinVar review; GWAS Catalog review; gnomAD population frequency; literature review	yes	yes	no	no	yes	yes	high	high	clinician_review_required	no	all rsIDs are externally unvalidated; disease risk claims require clinical evidence and regulatory approval	dbSNP validation; ClinVar review; GWAS replication; gnomAD frequency; clinical evidence review; regulatory approval	All genetic markers are externally unvalidated. No clinical, diagnostic, or treatment claims can be made. This is a candidate catalog for research review, not a clinical product. Disease risk reporting requires clinical validation, regulatory approval, and professional oversight.	
wg-103	health_risk	Disease Risk (Sensitive)	complex_disease_risk	UPDATE Dupuytren's Disease	UPDATE Dupuytren's Disease (Genetic Association, Not Diagnostic)	7	rs7291412;rs9626908;rs6519955;rs2162353;rs611744;rs16879765;rs4730775	EPDR1;ITGA11;MMP14;NEDD4;WNT2	structured_catalog_unvalidated	dbSNP/Ensembl validation; HGNC gene validation; ClinVar review; GWAS Catalog review; gnomAD population frequency; literature review	yes	yes	no	no	yes	yes	high	high	clinician_review_required	no	all rsIDs are externally unvalidated; disease risk claims require clinical evidence and regulatory approval	dbSNP validation; ClinVar review; GWAS replication; gnomAD frequency; clinical evidence review; regulatory approval	All genetic markers are externally unvalidated. No clinical, diagnostic, or treatment claims can be made. This is a candidate catalog for research review, not a clinical product. Disease risk reporting requires clinical validation, regulatory approval, and professional oversight.	
wg-1748	health_risk	Disease Risk (Sensitive)	complex_disease_risk	UPDATE Epilepsy	UPDATE Epilepsy	6	rs1939012;rs10496964;rs12059546;rs2292096;rs11066015;rs6732655	CAMSAP2;MMP8;SCN1A	structured_catalog_unvalidated	dbSNP/Ensembl validation; HGNC gene validation; ClinVar review; GWAS Catalog review; gnomAD population frequency; literature review	yes	yes	no	no	yes	yes	high	high	clinician_review_required	no	all rsIDs are externally unvalidated; disease risk claims require clinical evidence and regulatory approval	dbSNP validation; ClinVar review; GWAS replication; gnomAD frequency; clinical evidence review; regulatory approval	All genetic markers are externally unvalidated. No clinical, diagnostic, or treatment claims can be made. This is a candidate catalog for research review, not a clinical product. Disease risk reporting requires clinical validation, regulatory approval, and professional oversight.	
wg-67	health_risk	Disease Risk (Sensitive)	complex_disease_risk	UPDATE Exfoliative Glaucoma	UPDATE Exfoliative Glaucoma	3	rs4926244;rs3825942;rs2107856	CACNA1A;CNTNAP2;LOXL1	structured_catalog_unvalidated	dbSNP/Ensembl validation; HGNC gene validation; ClinVar review; GWAS Catalog review; gnomAD population frequency; literature review	yes	yes	no	no	yes	yes	high	high	clinician_review_required	no	all rsIDs are externally unvalidated; disease risk claims require clinical evidence and regulatory approval	dbSNP validation; ClinVar review; GWAS replication; gnomAD frequency; clinical evidence review; regulatory approval	All genetic markers are externally unvalidated. No clinical, diagnostic, or treatment claims can be made. This is a candidate catalog for research review, not a clinical product. Disease risk reporting requires clinical validation, regulatory approval, and professional oversight.	
wg-92	health_risk	Disease Risk (Sensitive)	complex_disease_risk	UPDATE Gallstones	UPDATE Gallstones	8	rs1260326;rs708686;rs601338;rs10426201;rs9843304;rs6742078;rs9514089;rs11887534	ABCG8;AGTR1;APOE;FUT2;GCKR;PPARGC1A;SLC10A2;UGT1A1;ZPR1	structured_catalog_unvalidated	dbSNP/Ensembl validation; HGNC gene validation; ClinVar review; GWAS Catalog review; gnomAD population frequency; literature review	yes	yes	no	no	yes	yes	high	high	clinician_review_required	no	all rsIDs are externally unvalidated; disease risk claims require clinical evidence and regulatory approval	dbSNP validation; ClinVar review; GWAS replication; gnomAD frequency; clinical evidence review; regulatory approval	All genetic markers are externally unvalidated. No clinical, diagnostic, or treatment claims can be made. This is a candidate catalog for research review, not a clinical product. Disease risk reporting requires clinical validation, regulatory approval, and professional oversight.	
wg-88	health_risk	Disease Risk (Sensitive)	complex_disease_risk	UPDATE Gout	UPDATE Gout	8	rs1871744;rs11733284;rs6449137;rs1014290;rs2231142;rs1165205;rs12498742;rs16890979	ALDH16A1;LRP2;SLC17A3;SLC2A9	structured_catalog_unvalidated	dbSNP/Ensembl validation; HGNC gene validation; ClinVar review; GWAS Catalog review; gnomAD population frequency; literature review	yes	yes	no	no	yes	yes	high	high	clinician_review_required	no	all rsIDs are externally unvalidated; disease risk claims require clinical evidence and regulatory approval	dbSNP validation; ClinVar review; GWAS replication; gnomAD frequency; clinical evidence review; regulatory approval	All genetic markers are externally unvalidated. No clinical, diagnostic, or treatment claims can be made. This is a candidate catalog for research review, not a clinical product. Disease risk reporting requires clinical validation, regulatory approval, and professional oversight.	
wg-133	health_risk	Disease Risk (Sensitive)	complex_disease_risk	UPDATE Hashimoto's Thyroiditis	UPDATE Hashimoto's Thyroiditis	8	rs5912838;rs11729526;rs1521;rs7137828;rs9271365;rs2476601;rs1265883;rs1024161	ACOXL;AIRE;BACH2;CEP128;CLEC16A;CTLA4;FAM227B;IL13;IL2RA;JAK1;PTPN22;RASGRP1;SH2B3;SLAMF6;SLC1A2;STAT4;TLR3;UBASH3A;VAV3	structured_catalog_unvalidated	dbSNP/Ensembl validation; HGNC gene validation; ClinVar review; GWAS Catalog review; gnomAD population frequency; literature review	yes	yes	no	no	yes	yes	high	high	clinician_review_required	no	all rsIDs are externally unvalidated; disease risk claims require clinical evidence and regulatory approval	dbSNP validation; ClinVar review; GWAS replication; gnomAD frequency; clinical evidence review; regulatory approval	All genetic markers are externally unvalidated. No clinical, diagnostic, or treatment claims can be made. This is a candidate catalog for research review, not a clinical product. Disease risk reporting requires clinical validation, regulatory approval, and professional oversight.	
wg-104	health_risk	Disease Risk (Sensitive)	complex_disease_risk	UPDATE Hypertension	UPDATE Hypertension	7	rs11634851;rs891511;rs4961;rs3821845;rs4980379;rs3754777;rs28394055	ADD1;CACNB2;CYP11B2;MTHFR;NOS3	structured_catalog_unvalidated	dbSNP/Ensembl validation; HGNC gene validation; ClinVar review; GWAS Catalog review; gnomAD population frequency; literature review	yes	yes	no	no	yes	yes	high	high	clinician_review_required	no	all rsIDs are externally unvalidated; disease risk claims require clinical evidence and regulatory approval	dbSNP validation; ClinVar review; GWAS replication; gnomAD frequency; clinical evidence review; regulatory approval	All genetic markers are externally unvalidated. No clinical, diagnostic, or treatment claims can be made. This is a candidate catalog for research review, not a clinical product. Disease risk reporting requires clinical validation, regulatory approval, and professional oversight.	
wg-106	health_risk	Disease Risk (Sensitive)	complex_disease_risk	UPDATE Hypothyroidism	UPDATE Hypothyroidism	7	rs9472137;rs9271365;rs3184504;rs2517532;rs7754251;rs6583048;rs2476601	CEP128;CTLA4;FAM227B;IL2RA;JAK1;PTPN22;RASGRP1;SH2B3;SLAMF6;SLC1A2;STAT4;TLR3;VAV3	structured_catalog_unvalidated	dbSNP/Ensembl validation; HGNC gene validation; ClinVar review; GWAS Catalog review; gnomAD population frequency; literature review	yes	yes	no	no	yes	yes	high	high	clinician_review_required	no	all rsIDs are externally unvalidated; disease risk claims require clinical evidence and regulatory approval	dbSNP validation; ClinVar review; GWAS replication; gnomAD frequency; clinical evidence review; regulatory approval	All genetic markers are externally unvalidated. No clinical, diagnostic, or treatment claims can be made. This is a candidate catalog for research review, not a clinical product. Disease risk reporting requires clinical validation, regulatory approval, and professional oversight.	
wg-58	health_risk	Disease Risk (Sensitive)	complex_disease_risk	UPDATE Keloid	UPDATE Keloid	7	rs7297246;rs873549;rs13051336;rs8032158;rs244755;rs940187;rs12568930	APOL1;BPESC1;CASC18;MTHFS;NEDD4;PHLDA3;PLA2R1;RPL3L	structured_catalog_unvalidated	dbSNP/Ensembl validation; HGNC gene validation; ClinVar review; GWAS Catalog review; gnomAD population frequency; literature review	yes	yes	no	no	yes	yes	high	high	clinician_review_required	no	all rsIDs are externally unvalidated; disease risk claims require clinical evidence and regulatory approval	dbSNP validation; ClinVar review; GWAS replication; gnomAD frequency; clinical evidence review; regulatory approval	All genetic markers are externally unvalidated. No clinical, diagnostic, or treatment claims can be made. This is a candidate catalog for research review, not a clinical product. Disease risk reporting requires clinical validation, regulatory approval, and professional oversight.	
wg-59	health_risk	Disease Risk (Sensitive)	complex_disease_risk	UPDATE Kidney Diseases	UPDATE Kidney Diseases (Genetic Association, Not Diagnostic)	6	rs2187668;rs3782886;rs3115665;rs873549;rs4664308;rs6495446	ADTRP;AHI1;APOL1;BACH2;BPESC1;BRAP;CASC18;CDKN2BAS;DAB1;IFIH1;LPP;MTHFS;MYO9B;NEDD4;PALLD;PHLDA3;PLA2R1;PON1;PUS10;RPL3L;SCML4;SNX19;SYNPR;THSD7A	structured_catalog_unvalidated	dbSNP/Ensembl validation; HGNC gene validation; ClinVar review; GWAS Catalog review; gnomAD population frequency; literature review	yes	yes	no	no	yes	yes	high	high	clinician_review_required	no	all rsIDs are externally unvalidated; disease risk claims require clinical evidence and regulatory approval	dbSNP validation; ClinVar review; GWAS replication; gnomAD frequency; clinical evidence review; regulatory approval	All genetic markers are externally unvalidated. No clinical, diagnostic, or treatment claims can be made. This is a candidate catalog for research review, not a clinical product. Disease risk reporting requires clinical validation, regulatory approval, and professional oversight.	
wg-1649	health_risk	Disease Risk (Sensitive)	complex_disease_risk	UPDATE Laryngocarcinoma	UPDATE Laryngocarcinoma	5	rs1056836;rs1056827;rs4975616;rs10774632;rs10419397	BRCA2;CYP1B1;FGFR4;FYCO1;PCAT19;TIMM23B	structured_catalog_unvalidated	dbSNP/Ensembl validation; HGNC gene validation; ClinVar review; GWAS Catalog review; gnomAD population frequency; literature review	yes	yes	no	no	yes	yes	high	high	clinician_review_required	no	all rsIDs are externally unvalidated; disease risk claims require clinical evidence and regulatory approval	dbSNP validation; ClinVar review; GWAS replication; gnomAD frequency; clinical evidence review; regulatory approval	All genetic markers are externally unvalidated. No clinical, diagnostic, or treatment claims can be made. This is a candidate catalog for research review, not a clinical product. Disease risk reporting requires clinical validation, regulatory approval, and professional oversight.	
wg-1646	health_risk	Disease Risk (Sensitive)	complex_disease_risk	UPDATE Liver Cancer	UPDATE Liver Cancer (Genetic Association, Not Diagnostic)	9	rs2294922;rs3794991;rs58542926;rs9267673;rs12100561;rs10401969;rs7574865;rs9275319;rs17401966	AGTR1;ALDH2;APOE;C2;EFCAB11;GTF2I;HMBS;ICAM1;IL12RB2;KIF1B;MICA;NOS3;PNPLA3;PPARGC1A;SERPINA1;SPIB;STAT4;TLR2;TM6SF2;TNFAIP3;TNFSF15;TNPO3	structured_catalog_unvalidated	dbSNP/Ensembl validation; HGNC gene validation; ClinVar review; GWAS Catalog review; gnomAD population frequency; literature review	yes	yes	no	no	yes	yes	high	high	clinician_review_required	no	all rsIDs are externally unvalidated; disease risk claims require clinical evidence and regulatory approval	dbSNP validation; ClinVar review; GWAS replication; gnomAD frequency; clinical evidence review; regulatory approval	All genetic markers are externally unvalidated. No clinical, diagnostic, or treatment claims can be made. This is a candidate catalog for research review, not a clinical product. Disease risk reporting requires clinical validation, regulatory approval, and professional oversight.	
wg-1650	health_risk	Disease Risk (Sensitive)	complex_disease_risk	UPDATE Lumbar Disc Herniation	UPDATE Lumbar Disc Herniation	5	rs1676486;rs9406328;rs9450607;rs6651255;rs143383	BTNL2;CILP;COG5;COL11A1;CRLF1;GDF5;GSDMC;IL1B;KIAA1217;MCF2L;NCAM1;PTPRD;SLC39A8;THBS2	structured_catalog_unvalidated	dbSNP/Ensembl validation; HGNC gene validation; ClinVar review; GWAS Catalog review; gnomAD population frequency; literature review	yes	yes	no	no	yes	yes	high	high	clinician_review_required	no	all rsIDs are externally unvalidated; disease risk claims require clinical evidence and regulatory approval	dbSNP validation; ClinVar review; GWAS replication; gnomAD frequency; clinical evidence review; regulatory approval	All genetic markers are externally unvalidated. No clinical, diagnostic, or treatment claims can be made. This is a candidate catalog for research review, not a clinical product. Disease risk reporting requires clinical validation, regulatory approval, and professional oversight.	
wg-91	health_risk	Disease Risk (Sensitive)	complex_disease_risk	UPDATE Lung Cancer	UPDATE Lung Cancer (Genetic Association, Not Diagnostic)	8	rs4268071;rs763317;rs17576;rs2464196;rs664143;rs2352028;rs2293347;rs11614913	ADAM33;AQP5;EGFR;GPC5;HNF1A;MMP9;MPO;TGFB1	structured_catalog_unvalidated	dbSNP/Ensembl validation; HGNC gene validation; ClinVar review; GWAS Catalog review; gnomAD population frequency; literature review	yes	yes	no	no	yes	yes	high	high	clinician_review_required	no	all rsIDs are externally unvalidated; disease risk claims require clinical evidence and regulatory approval	dbSNP validation; ClinVar review; GWAS replication; gnomAD frequency; clinical evidence review; regulatory approval	All genetic markers are externally unvalidated. No clinical, diagnostic, or treatment claims can be made. This is a candidate catalog for research review, not a clinical product. Disease risk reporting requires clinical validation, regulatory approval, and professional oversight.	
wg-114	health_risk	Disease Risk (Sensitive)	complex_disease_risk	UPDATE Narcolepsy	UPDATE Narcolepsy	6	rs198811;rs1154155;rs2305795;rs3815556;rs34593439;rs7553711	CD207;P2RY11;ZNF365	structured_catalog_unvalidated	dbSNP/Ensembl validation; HGNC gene validation; ClinVar review; GWAS Catalog review; gnomAD population frequency; literature review	yes	yes	no	no	yes	yes	high	high	clinician_review_required	no	all rsIDs are externally unvalidated; disease risk claims require clinical evidence and regulatory approval	dbSNP validation; ClinVar review; GWAS replication; gnomAD frequency; clinical evidence review; regulatory approval	All genetic markers are externally unvalidated. No clinical, diagnostic, or treatment claims can be made. This is a candidate catalog for research review, not a clinical product. Disease risk reporting requires clinical validation, regulatory approval, and professional oversight.	
wg-63	health_risk	Disease Risk (Sensitive)	complex_disease_risk	UPDATE Nasopharyngeal Carcinoma	UPDATE Nasopharyngeal Carcinoma	9	rs9260734;rs2844484;rs1611163;rs2894207;rs29232;rs9510787;rs31489;rs9268644;rs1412829	CLPTM1L;GABBR1;TNFRSF19	structured_catalog_unvalidated	dbSNP/Ensembl validation; HGNC gene validation; ClinVar review; GWAS Catalog review; gnomAD population frequency; literature review	yes	yes	no	no	yes	yes	high	high	clinician_review_required	no	all rsIDs are externally unvalidated; disease risk claims require clinical evidence and regulatory approval	dbSNP validation; ClinVar review; GWAS replication; gnomAD frequency; clinical evidence review; regulatory approval	All genetic markers are externally unvalidated. No clinical, diagnostic, or treatment claims can be made. This is a candidate catalog for research review, not a clinical product. Disease risk reporting requires clinical validation, regulatory approval, and professional oversight.	
wg-85	health_risk	Disease Risk (Sensitive)	complex_disease_risk	UPDATE Obsessive-Compulsive Disorder (OCD)	UPDATE Obsessive-Compulsive Disorder (OCD) (Genetic Association, Not Diagnostic)	5	rs4904738;rs4565946;rs25531;rs7856850;rs4702	FURIN;LSAMP;PTPRD;SLC6A4;TPH2	structured_catalog_unvalidated	dbSNP/Ensembl validation; HGNC gene validation; ClinVar review; GWAS Catalog review; gnomAD population frequency; literature review	yes	yes	no	no	yes	yes	high	high	clinician_review_required	no	all rsIDs are externally unvalidated; disease risk claims require clinical evidence and regulatory approval	dbSNP validation; ClinVar review; GWAS replication; gnomAD frequency; clinical evidence review; regulatory approval	All genetic markers are externally unvalidated. No clinical, diagnostic, or treatment claims can be made. This is a candidate catalog for research review, not a clinical product. Disease risk reporting requires clinical validation, regulatory approval, and professional oversight.	
wg-1765	health_risk	Disease Risk (Sensitive)	complex_disease_risk	UPDATE Obstructive Sleep Apnea	UPDATE Obstructive Sleep Apnea	7	rs11588454;rs12415421;rs6455893;rs2808630;rs2975100;rs10097555;rs9526240	GDNF;HTR2A;MACF1;NRG1	structured_catalog_unvalidated	dbSNP/Ensembl validation; HGNC gene validation; ClinVar review; GWAS Catalog review; gnomAD population frequency; literature review	yes	yes	no	no	yes	yes	high	high	clinician_review_required	no	all rsIDs are externally unvalidated; disease risk claims require clinical evidence and regulatory approval	dbSNP validation; ClinVar review; GWAS replication; gnomAD frequency; clinical evidence review; regulatory approval	All genetic markers are externally unvalidated. No clinical, diagnostic, or treatment claims can be made. This is a candidate catalog for research review, not a clinical product. Disease risk reporting requires clinical validation, regulatory approval, and professional oversight.	
wg-1648	health_risk	Disease Risk (Sensitive)	complex_disease_risk	UPDATE Oral Cancer	UPDATE Oral Cancer (Genetic Association, Not Diagnostic)	7	rs401775;rs5953210;rs2517452;rs3846449;rs928674;rs8181047;rs6547741	CLPTM1L;MAOA;TNXB	structured_catalog_unvalidated	dbSNP/Ensembl validation; HGNC gene validation; ClinVar review; GWAS Catalog review; gnomAD population frequency; literature review	yes	yes	no	no	yes	yes	high	high	clinician_review_required	no	all rsIDs are externally unvalidated; disease risk claims require clinical evidence and regulatory approval	dbSNP validation; ClinVar review; GWAS replication; gnomAD frequency; clinical evidence review; regulatory approval	All genetic markers are externally unvalidated. No clinical, diagnostic, or treatment claims can be made. This is a candidate catalog for research review, not a clinical product. Disease risk reporting requires clinical validation, regulatory approval, and professional oversight.	
wg-1485	health_risk	Disease Risk (Sensitive)	complex_disease_risk	UPDATE Otosclerosis	UPDATE Otosclerosis	7	rs39375;rs2118612;rs80339979;rs553652;rs10592836;rs791903;rs4877080	AHSG;RELN;SUPT3H	structured_catalog_unvalidated	dbSNP/Ensembl validation; HGNC gene validation; ClinVar review; GWAS Catalog review; gnomAD population frequency; literature review	yes	yes	no	no	yes	yes	high	high	clinician_review_required	no	all rsIDs are externally unvalidated; disease risk claims require clinical evidence and regulatory approval	dbSNP validation; ClinVar review; GWAS replication; gnomAD frequency; clinical evidence review; regulatory approval	All genetic markers are externally unvalidated. No clinical, diagnostic, or treatment claims can be made. This is a candidate catalog for research review, not a clinical product. Disease risk reporting requires clinical validation, regulatory approval, and professional oversight.	
wg-80	health_risk	Disease Risk (Sensitive)	complex_disease_risk	UPDATE Peripheral Artery Disease (PAD)	UPDATE Peripheral Artery Disease (PAD) (Genetic Association, Not Diagnostic)	7	rs62084752;rs7452960;rs1051730;rs1317286;rs505922;rs6025;rs322	ABO;ATM;CHRNA3;CHRNA4;CHRNA5;CNR1;DRD2;F2;F5;F9;GRP;HNF1B;HNF4G;LPL;NOC2L;NR5A2;OPRM1;PROCR;PTPN11	structured_catalog_unvalidated	dbSNP/Ensembl validation; HGNC gene validation; ClinVar review; GWAS Catalog review; gnomAD population frequency; literature review	yes	yes	no	no	yes	yes	high	high	clinician_review_required	no	all rsIDs are externally unvalidated; disease risk claims require clinical evidence and regulatory approval	dbSNP validation; ClinVar review; GWAS replication; gnomAD frequency; clinical evidence review; regulatory approval	All genetic markers are externally unvalidated. No clinical, diagnostic, or treatment claims can be made. This is a candidate catalog for research review, not a clinical product. Disease risk reporting requires clinical validation, regulatory approval, and professional oversight.	
wg-1770	health_risk	Disease Risk (Sensitive)	complex_disease_risk	UPDATE Post-Traumatic Stress Disorder (PTSD)	UPDATE Post-Traumatic Stress Disorder (PTSD) (Genetic Association, Not Diagnostic)	5	rs34517852;rs386231;rs3800872;rs1033962;rs34465541	FOXP2;NOS1AP;PRTFDC1	structured_catalog_unvalidated	dbSNP/Ensembl validation; HGNC gene validation; ClinVar review; GWAS Catalog review; gnomAD population frequency; literature review	yes	yes	no	no	yes	yes	high	high	clinician_review_required	no	all rsIDs are externally unvalidated; disease risk claims require clinical evidence and regulatory approval	dbSNP validation; ClinVar review; GWAS replication; gnomAD frequency; clinical evidence review; regulatory approval	All genetic markers are externally unvalidated. No clinical, diagnostic, or treatment claims can be made. This is a candidate catalog for research review, not a clinical product. Disease risk reporting requires clinical validation, regulatory approval, and professional oversight.	
wg-1749	health_risk	Disease Risk (Sensitive)	complex_disease_risk	UPDATE Primary Adrenal Insufficiency	UPDATE Primary Adrenal Insufficiency	7	rs10806425;rs2075876;rs7137828;rs11571303;rs7565213;rs11203203;rs3757247	AIRE;BACH2;CTLA4;IL2RA;LPP;PTPN22;RNASET2;SLAMF6;SMOC2;STAT4;TLR3;TYR;UBASH3A	structured_catalog_unvalidated	dbSNP/Ensembl validation; HGNC gene validation; ClinVar review; GWAS Catalog review; gnomAD population frequency; literature review	yes	yes	no	no	yes	yes	high	high	clinician_review_required	no	all rsIDs are externally unvalidated; disease risk claims require clinical evidence and regulatory approval	dbSNP validation; ClinVar review; GWAS replication; gnomAD frequency; clinical evidence review; regulatory approval	All genetic markers are externally unvalidated. No clinical, diagnostic, or treatment claims can be made. This is a candidate catalog for research review, not a clinical product. Disease risk reporting requires clinical validation, regulatory approval, and professional oversight.	
wg-1751	health_risk	Disease Risk (Sensitive)	complex_disease_risk	UPDATE Primary Sclerosing Cholangitis (PSC)	UPDATE Primary Sclerosing Cholangitis (PSC)	6	rs3749171;rs3197999;rs602662;rs3748816;rs4077515;rs4676410	BCL2L11;FUT2;GPR35;MST1	structured_catalog_unvalidated	dbSNP/Ensembl validation; HGNC gene validation; ClinVar review; GWAS Catalog review; gnomAD population frequency; literature review	yes	yes	no	no	yes	yes	high	high	clinician_review_required	no	all rsIDs are externally unvalidated; disease risk claims require clinical evidence and regulatory approval	dbSNP validation; ClinVar review; GWAS replication; gnomAD frequency; clinical evidence review; regulatory approval	All genetic markers are externally unvalidated. No clinical, diagnostic, or treatment claims can be made. This is a candidate catalog for research review, not a clinical product. Disease risk reporting requires clinical validation, regulatory approval, and professional oversight.	
wg-108	health_risk	Disease Risk (Sensitive)	complex_disease_risk	UPDATE Progressive Supranuclear Palsy (PSP)	UPDATE Progressive Supranuclear Palsy (PSP)	6	rs6687758;rs242557;rs12197948;rs1411478;rs631312;rs9468	MAPT;SLCO1A2;STX6	structured_catalog_unvalidated	dbSNP/Ensembl validation; HGNC gene validation; ClinVar review; GWAS Catalog review; gnomAD population frequency; literature review	yes	yes	no	no	yes	yes	high	high	clinician_review_required	no	all rsIDs are externally unvalidated; disease risk claims require clinical evidence and regulatory approval	dbSNP validation; ClinVar review; GWAS replication; gnomAD frequency; clinical evidence review; regulatory approval	All genetic markers are externally unvalidated. No clinical, diagnostic, or treatment claims can be made. This is a candidate catalog for research review, not a clinical product. Disease risk reporting requires clinical validation, regulatory approval, and professional oversight.	
wg-90	health_risk	Disease Risk (Sensitive)	complex_disease_risk	UPDATE Psoriasis	UPDATE Psoriasis	7	rs492602;rs1265181;rs10484554;rs12650590;rs1576;rs3212227;rs2395029	ADH1B;ERAP1;HCP5;IL12B;IL23R;SLC6A3;TYK2	structured_catalog_unvalidated	dbSNP/Ensembl validation; HGNC gene validation; ClinVar review; GWAS Catalog review; gnomAD population frequency; literature review	yes	yes	no	no	yes	yes	high	high	clinician_review_required	no	all rsIDs are externally unvalidated; disease risk claims require clinical evidence and regulatory approval	dbSNP validation; ClinVar review; GWAS replication; gnomAD frequency; clinical evidence review; regulatory approval	All genetic markers are externally unvalidated. No clinical, diagnostic, or treatment claims can be made. This is a candidate catalog for research review, not a clinical product. Disease risk reporting requires clinical validation, regulatory approval, and professional oversight.	
wg-75	health_risk	Disease Risk (Sensitive)	complex_disease_risk	UPDATE Renal Calculi	UPDATE Renal Calculi	8	rs670676;rs17216707;rs1256328;rs7627468;rs729761;rs11746443;rs1000597;rs4142110	ALPL;CLDN14;DGKH;RGS14;UMOD	structured_catalog_unvalidated	dbSNP/Ensembl validation; HGNC gene validation; ClinVar review; GWAS Catalog review; gnomAD population frequency; literature review	yes	yes	no	no	yes	yes	high	high	clinician_review_required	no	all rsIDs are externally unvalidated; disease risk claims require clinical evidence and regulatory approval	dbSNP validation; ClinVar review; GWAS replication; gnomAD frequency; clinical evidence review; regulatory approval	All genetic markers are externally unvalidated. No clinical, diagnostic, or treatment claims can be made. This is a candidate catalog for research review, not a clinical product. Disease risk reporting requires clinical validation, regulatory approval, and professional oversight.	
wg-46	health_risk	Disease Risk (Sensitive)	complex_disease_risk	UPDATE Restless Leg Syndrome (RLS)	UPDATE Restless Leg Syndrome (RLS) (Genetic Association, Not Diagnostic)	6	rs1389581;rs3923809;rs1975197;rs1848460;rs45544231;rs80319144	BTBD9;CITED1;PTPRD	structured_catalog_unvalidated	dbSNP/Ensembl validation; HGNC gene validation; ClinVar review; GWAS Catalog review; gnomAD population frequency; literature review	yes	yes	no	no	yes	yes	high	high	clinician_review_required	no	all rsIDs are externally unvalidated; disease risk claims require clinical evidence and regulatory approval	dbSNP validation; ClinVar review; GWAS replication; gnomAD frequency; clinical evidence review; regulatory approval	All genetic markers are externally unvalidated. No clinical, diagnostic, or treatment claims can be made. This is a candidate catalog for research review, not a clinical product. Disease risk reporting requires clinical validation, regulatory approval, and professional oversight.	
wg-117	health_risk	Disease Risk (Sensitive)	complex_disease_risk	UPDATE Sarcoidosis	UPDATE Sarcoidosis	8	rs2076530;rs3129888;rs9269233;rs9271346;rs35656642;rs1049550;rs2302006;rs112463197	ANXA11;BRD2;BTNL2;CCL24	structured_catalog_unvalidated	dbSNP/Ensembl validation; HGNC gene validation; ClinVar review; GWAS Catalog review; gnomAD population frequency; literature review	yes	yes	no	no	yes	yes	high	high	clinician_review_required	no	all rsIDs are externally unvalidated; disease risk claims require clinical evidence and regulatory approval	dbSNP validation; ClinVar review; GWAS replication; gnomAD frequency; clinical evidence review; regulatory approval	All genetic markers are externally unvalidated. No clinical, diagnostic, or treatment claims can be made. This is a candidate catalog for research review, not a clinical product. Disease risk reporting requires clinical validation, regulatory approval, and professional oversight.	
wg-51	health_risk	Disease Risk (Sensitive)	complex_disease_risk	UPDATE Scleroderma	UPDATE Scleroderma	8	rs2056626;rs1044507;rs3821236;rs2651804;rs11117420;rs443198;rs35677470;rs230534	DNASE1L3;NFKB1;NOTCH4;STAT4	structured_catalog_unvalidated	dbSNP/Ensembl validation; HGNC gene validation; ClinVar review; GWAS Catalog review; gnomAD population frequency; literature review	yes	yes	no	no	yes	yes	high	high	clinician_review_required	no	all rsIDs are externally unvalidated; disease risk claims require clinical evidence and regulatory approval	dbSNP validation; ClinVar review; GWAS replication; gnomAD frequency; clinical evidence review; regulatory approval	All genetic markers are externally unvalidated. No clinical, diagnostic, or treatment claims can be made. This is a candidate catalog for research review, not a clinical product. Disease risk reporting requires clinical validation, regulatory approval, and professional oversight.	
wg-65	health_risk	Disease Risk (Sensitive)	complex_disease_risk	UPDATE Sjögren's Syndrome	UPDATE Sjögren's Syndrome (Genetic Association, Not Diagnostic)	9	rs2069235;rs3757387;rs6579837;rs4282438;rs583911;rs10488631;rs7574865;rs117026326;rs2488457	C2;EFCAB11;GTF2I;ICAM1;IL12RB2;ITGAM;KIF1B;MICA;NOS3;SPIB;STAT4;TLR2;TNFAIP3;TNFSF15;TNPO3;TYK2	structured_catalog_unvalidated	dbSNP/Ensembl validation; HGNC gene validation; ClinVar review; GWAS Catalog review; gnomAD population frequency; literature review	yes	yes	no	no	yes	yes	high	high	clinician_review_required	no	all rsIDs are externally unvalidated; disease risk claims require clinical evidence and regulatory approval	dbSNP validation; ClinVar review; GWAS replication; gnomAD frequency; clinical evidence review; regulatory approval	All genetic markers are externally unvalidated. No clinical, diagnostic, or treatment claims can be made. This is a candidate catalog for research review, not a clinical product. Disease risk reporting requires clinical validation, regulatory approval, and professional oversight.	
wg-121	health_risk	Disease Risk (Sensitive)	complex_disease_risk	UPDATE Stroke	UPDATE Stroke	7	rs6891174;rs12932445;rs2943634;rs966221;rs12425791;rs3783799;rs2200733	ABCG2;ALOX5AP;CAV1;HAND2;PDE4D;PRKCH;PRRX1;RPL3L;WNT8A	structured_catalog_unvalidated	dbSNP/Ensembl validation; HGNC gene validation; ClinVar review; GWAS Catalog review; gnomAD population frequency; literature review	yes	yes	no	no	yes	yes	high	high	clinician_review_required	no	all rsIDs are externally unvalidated; disease risk claims require clinical evidence and regulatory approval	dbSNP validation; ClinVar review; GWAS replication; gnomAD frequency; clinical evidence review; regulatory approval	All genetic markers are externally unvalidated. No clinical, diagnostic, or treatment claims can be made. This is a candidate catalog for research review, not a clinical product. Disease risk reporting requires clinical validation, regulatory approval, and professional oversight.	
wg-56	health_risk	Disease Risk (Sensitive)	complex_disease_risk	UPDATE Vitiligo	UPDATE Vitiligo	11	rs10774624;rs229527;rs2304206;rs12421615;rs12771452;rs11203203;rs13076312;rs13208776;rs1393350;rs2236313;rs9468925	AIRE;BACH2;BNC2;CTLA4;LPP;NCOA6;PTPN22;RNASET2;SMOC2;TYR;UBASH3A	structured_catalog_unvalidated	dbSNP/Ensembl validation; HGNC gene validation; ClinVar review; GWAS Catalog review; gnomAD population frequency; literature review	yes	yes	no	no	yes	yes	high	high	clinician_review_required	no	all rsIDs are externally unvalidated; disease risk claims require clinical evidence and regulatory approval	dbSNP validation; ClinVar review; GWAS replication; gnomAD frequency; clinical evidence review; regulatory approval	All genetic markers are externally unvalidated. No clinical, diagnostic, or treatment claims can be made. This is a candidate catalog for research review, not a clinical product. Disease risk reporting requires clinical validation, regulatory approval, and professional oversight.	
wg-94	health_risk	Disease Risk (Sensitive)	complex_disease_risk	Ulcerative Colitis	Ulcerative Colitis	8	rs9858542;rs16940186;rs9271366;rs1801274;rs4654903;rs10883365;rs11209026;rs2395185	AHI1;ATG16L1;BSN;CCHCR1;CENPU;FCGR2A;ICAM1;IFIH1;IL23R;ITPKC;NOD2;NOS3;PELI1;PTPN2;TLR2	structured_catalog_unvalidated	dbSNP/Ensembl validation; HGNC gene validation; ClinVar review; GWAS Catalog review; gnomAD population frequency; literature review	yes	yes	no	no	yes	yes	high	high	clinician_review_required	no	all rsIDs are externally unvalidated; disease risk claims require clinical evidence and regulatory approval	dbSNP validation; ClinVar review; GWAS replication; gnomAD frequency; clinical evidence review; regulatory approval	All genetic markers are externally unvalidated. No clinical, diagnostic, or treatment claims can be made. This is a candidate catalog for research review, not a clinical product. Disease risk reporting requires clinical validation, regulatory approval, and professional oversight.	
wg-1573	genetic_disease	Disease Risk (Sensitive)	complex_disease_risk	Usher Syndrome	Usher Syndrome (Genetic Association, Not Diagnostic)	6	rs11103;rs80338;rs39812;rs373780305;rs121909762;rs397517436	AGL;ANO5;ARSB;BCKDH;BCKDHA;BCKDHB;BMPR1A;BTD;CDAN1;DBT;DMD;DYSF;FOXI1;G6PC;G6PC1;GAA;GALNS;GBA;GBA1;GBE1;GLB1;GNPTA;GNPTAB;GNPTG;IDS;IDUA;MCOLN;MCOLN1;MSH6;MYO7A;PCDH15;PYGM;SEC23B;SGSH;SLC26A;SLC26A4;SMAD4;USH1C;USH1G;USH2A	structured_catalog_unvalidated	dbSNP/Ensembl validation; HGNC gene validation; ClinVar review; GWAS Catalog review; gnomAD population frequency; literature review	yes	yes	no	no	yes	yes	high	high	clinician_review_required	no	all rsIDs are externally unvalidated; disease risk claims require clinical evidence and regulatory approval	dbSNP validation; ClinVar review; GWAS replication; gnomAD frequency; clinical evidence review; regulatory approval	All genetic markers are externally unvalidated. No clinical, diagnostic, or treatment claims can be made. This is a candidate catalog for research review, not a clinical product. Disease risk reporting requires clinical validation, regulatory approval, and professional oversight.	
wg-1763	health_risk	Disease Risk (Sensitive)	complex_disease_risk	Vascular Dementia	Vascular Dementia	5	rs1333049;rs16952362;rs1801133;rs290227;rs429358	ADA;ADAMTS1;ADH1B;ALDH2;APC;APOE;CADM2;CHRNA;COMT;CYP4A1;CYP4A11;FGF21;FUT2;GNAS;IL1B;MMP9;MTHFR;MTRR;NLRP3;PER2;SELE;SYK	structured_catalog_unvalidated	dbSNP/Ensembl validation; HGNC gene validation; ClinVar review; GWAS Catalog review; gnomAD population frequency; literature review	yes	yes	no	no	yes	yes	high	high	clinician_review_required	no	all rsIDs are externally unvalidated; disease risk claims require clinical evidence and regulatory approval	dbSNP validation; ClinVar review; GWAS replication; gnomAD frequency; clinical evidence review; regulatory approval	All genetic markers are externally unvalidated. No clinical, diagnostic, or treatment claims can be made. This is a candidate catalog for research review, not a clinical product. Disease risk reporting requires clinical validation, regulatory approval, and professional oversight.	
wg-89	health_risk	Disease Risk (Sensitive)	complex_disease_risk	Venous Thromboembolism (VTE)	Venous Thromboembolism (VTE)	8	rs1799963;rs191945075;rs687289;rs2066864;rs6025;rs6048;rs1799889;rs2227589	CHRNA3;F2;F5;F9;LPL;PROCR;PTPN11	structured_catalog_unvalidated	dbSNP/Ensembl validation; HGNC gene validation; ClinVar review; GWAS Catalog review; gnomAD population frequency; literature review	yes	yes	no	no	yes	yes	high	high	clinician_review_required	no	all rsIDs are externally unvalidated; disease risk claims require clinical evidence and regulatory approval	dbSNP validation; ClinVar review; GWAS replication; gnomAD frequency; clinical evidence review; regulatory approval	All genetic markers are externally unvalidated. No clinical, diagnostic, or treatment claims can be made. This is a candidate catalog for research review, not a clinical product. Disease risk reporting requires clinical validation, regulatory approval, and professional oversight.	
wg-1958	health_risk	Disease Risk (Sensitive)	complex_disease_risk	Vertigo	Vertigo	6	rs10862089;rs2272744;rs6753393;rs612969;rs428549;rs7130190	OTOG;OTOGL;TECTA	structured_catalog_unvalidated	dbSNP/Ensembl validation; HGNC gene validation; ClinVar review; GWAS Catalog review; gnomAD population frequency; literature review	yes	yes	no	no	yes	yes	high	high	clinician_review_required	no	all rsIDs are externally unvalidated; disease risk claims require clinical evidence and regulatory approval	dbSNP validation; ClinVar review; GWAS replication; gnomAD frequency; clinical evidence review; regulatory approval	All genetic markers are externally unvalidated. No clinical, diagnostic, or treatment claims can be made. This is a candidate catalog for research review, not a clinical product. Disease risk reporting requires clinical validation, regulatory approval, and professional oversight.	
wg-1985	genetic_disease	Disease Risk (Sensitive)	complex_disease_risk	Vitreoretinochoroidopathy (VRCP)	Vitreoretinochoroidopathy (VRCP)	1	rs281865238	BEST1	structured_catalog_unvalidated	dbSNP/Ensembl validation; HGNC gene validation; ClinVar review; GWAS Catalog review; gnomAD population frequency; literature review	yes	yes	no	no	yes	yes	high	high	clinician_review_required	no	all rsIDs are externally unvalidated; disease risk claims require clinical evidence and regulatory approval	dbSNP validation; ClinVar review; GWAS replication; gnomAD frequency; clinical evidence review; regulatory approval	All genetic markers are externally unvalidated. No clinical, diagnostic, or treatment claims can be made. This is a candidate catalog for research review, not a clinical product. Disease risk reporting requires clinical validation, regulatory approval, and professional oversight.	
wg-2236	genetic_disease	Disease Risk (Sensitive)	complex_disease_risk	Warburg Micro Syndrome (WARBM)	Warburg Micro Syndrome (WARBM) (Genetic Association, Not Diagnostic)	2	rs766629205;rs797045905	RAB3GAP;RAB3GAP1	structured_catalog_unvalidated	dbSNP/Ensembl validation; HGNC gene validation; ClinVar review; GWAS Catalog review; gnomAD population frequency; literature review	yes	yes	no	no	yes	yes	high	high	clinician_review_required	no	all rsIDs are externally unvalidated; disease risk claims require clinical evidence and regulatory approval	dbSNP validation; ClinVar review; GWAS replication; gnomAD frequency; clinical evidence review; regulatory approval	All genetic markers are externally unvalidated. No clinical, diagnostic, or treatment claims can be made. This is a candidate catalog for research review, not a clinical product. Disease risk reporting requires clinical validation, regulatory approval, and professional oversight.	
wg-2237	genetic_disease	Disease Risk (Sensitive)	complex_disease_risk	Weill-Marchesani Syndrome (WMS)	Weill-Marchesani Syndrome (WMS) (Genetic Association, Not Diagnostic)	4	rs13785;rs111401431;rs113871094;rs112645512	ATP7B;F8;F9;FBN1;G6PD;HCN4;SCN5A	structured_catalog_unvalidated	dbSNP/Ensembl validation; HGNC gene validation; ClinVar review; GWAS Catalog review; gnomAD population frequency; literature review	yes	yes	no	no	yes	yes	high	high	clinician_review_required	no	all rsIDs are externally unvalidated; disease risk claims require clinical evidence and regulatory approval	dbSNP validation; ClinVar review; GWAS replication; gnomAD frequency; clinical evidence review; regulatory approval	All genetic markers are externally unvalidated. No clinical, diagnostic, or treatment claims can be made. This is a candidate catalog for research review, not a clinical product. Disease risk reporting requires clinical validation, regulatory approval, and professional oversight.	
wg-2238	genetic_disease	Disease Risk (Sensitive)	complex_disease_risk	Werner Syndrome	Werner Syndrome (Genetic Association, Not Diagnostic)	3	rs121908446;rs1339616347;rs281865160	WRN	structured_catalog_unvalidated	dbSNP/Ensembl validation; HGNC gene validation; ClinVar review; GWAS Catalog review; gnomAD population frequency; literature review	yes	yes	no	no	yes	yes	high	high	clinician_review_required	no	all rsIDs are externally unvalidated; disease risk claims require clinical evidence and regulatory approval	dbSNP validation; ClinVar review; GWAS replication; gnomAD frequency; clinical evidence review; regulatory approval	All genetic markers are externally unvalidated. No clinical, diagnostic, or treatment claims can be made. This is a candidate catalog for research review, not a clinical product. Disease risk reporting requires clinical validation, regulatory approval, and professional oversight.	
wg-2265	exposure_risk	Disease Risk (Sensitive)	complex_disease_risk	Wheat Products	Wheat Products	2	rs59325236;rs9271588		structured_catalog_unvalidated	dbSNP/Ensembl validation; HGNC gene validation; ClinVar review; GWAS Catalog review; gnomAD population frequency; literature review	yes	yes	no	no	yes	yes	high	high	clinician_review_required	no	all rsIDs are externally unvalidated; disease risk claims require clinical evidence and regulatory approval	dbSNP validation; ClinVar review; GWAS replication; gnomAD frequency; clinical evidence review; regulatory approval	All genetic markers are externally unvalidated. No clinical, diagnostic, or treatment claims can be made. This is a candidate catalog for research review, not a clinical product. Disease risk reporting requires clinical validation, regulatory approval, and professional oversight.	
wg-2240	genetic_disease	Disease Risk (Sensitive)	complex_disease_risk	Wiskott-Aldrich Syndrome (WAS)	Wiskott-Aldrich Syndrome (WAS) (Genetic Association, Not Diagnostic)	3	rs132630268;rs132630273;rs193922414	WAS	structured_catalog_unvalidated	dbSNP/Ensembl validation; HGNC gene validation; ClinVar review; GWAS Catalog review; gnomAD population frequency; literature review	yes	yes	no	no	yes	yes	high	high	clinician_review_required	no	all rsIDs are externally unvalidated; disease risk claims require clinical evidence and regulatory approval	dbSNP validation; ClinVar review; GWAS replication; gnomAD frequency; clinical evidence review; regulatory approval	All genetic markers are externally unvalidated. No clinical, diagnostic, or treatment claims can be made. This is a candidate catalog for research review, not a clinical product. Disease risk reporting requires clinical validation, regulatory approval, and professional oversight.	
wg-1728	genetic_disease	Disease Risk (Sensitive)	complex_disease_risk	Wolff-Parkinson-White Syndrome	Wolff-Parkinson-White Syndrome (Genetic Association, Not Diagnostic)	2	rs121908;rs321871	MYH7;PRKAG2	structured_catalog_unvalidated	dbSNP/Ensembl validation; HGNC gene validation; ClinVar review; GWAS Catalog review; gnomAD population frequency; literature review	yes	yes	no	no	yes	yes	high	high	clinician_review_required	no	all rsIDs are externally unvalidated; disease risk claims require clinical evidence and regulatory approval	dbSNP validation; ClinVar review; GWAS replication; gnomAD frequency; clinical evidence review; regulatory approval	All genetic markers are externally unvalidated. No clinical, diagnostic, or treatment claims can be made. This is a candidate catalog for research review, not a clinical product. Disease risk reporting requires clinical validation, regulatory approval, and professional oversight.	
wg-2241	genetic_disease	Disease Risk (Sensitive)	complex_disease_risk	Wolfram Syndrome	Wolfram Syndrome (Genetic Association, Not Diagnostic)	3	rs104893879;rs104893881;rs28937891	WFS1	structured_catalog_unvalidated	dbSNP/Ensembl validation; HGNC gene validation; ClinVar review; GWAS Catalog review; gnomAD population frequency; literature review	yes	yes	no	no	yes	yes	high	high	clinician_review_required	no	all rsIDs are externally unvalidated; disease risk claims require clinical evidence and regulatory approval	dbSNP validation; ClinVar review; GWAS replication; gnomAD frequency; clinical evidence review; regulatory approval	All genetic markers are externally unvalidated. No clinical, diagnostic, or treatment claims can be made. This is a candidate catalog for research review, not a clinical product. Disease risk reporting requires clinical validation, regulatory approval, and professional oversight.	
wg-1575	genetic_disease	Disease Risk (Sensitive)	complex_disease_risk	X-Linked Non-Syndromic Hereditary Deafness	X-Linked Non-Syndromic Hereditary Deafness	1	rs397516335	POU3F4	structured_catalog_unvalidated	dbSNP/Ensembl validation; HGNC gene validation; ClinVar review; GWAS Catalog review; gnomAD population frequency; literature review	yes	yes	no	no	yes	yes	high	high	clinician_review_required	no	all rsIDs are externally unvalidated; disease risk claims require clinical evidence and regulatory approval	dbSNP validation; ClinVar review; GWAS replication; gnomAD frequency; clinical evidence review; regulatory approval	All genetic markers are externally unvalidated. No clinical, diagnostic, or treatment claims can be made. This is a candidate catalog for research review, not a clinical product. Disease risk reporting requires clinical validation, regulatory approval, and professional oversight.	
wg-2139	genetic_disease	Disease Risk (Sensitive)	complex_disease_risk	Xeroderma Pigmentosum (XP)	Xeroderma Pigmentosum (XP)	3	rs121913020;rs121913024;rs121913026	ERCC2;XPC	structured_catalog_unvalidated	dbSNP/Ensembl validation; HGNC gene validation; ClinVar review; GWAS Catalog review; gnomAD population frequency; literature review	yes	yes	no	no	yes	yes	high	high	clinician_review_required	no	all rsIDs are externally unvalidated; disease risk claims require clinical evidence and regulatory approval	dbSNP validation; ClinVar review; GWAS replication; gnomAD frequency; clinical evidence review; regulatory approval	All genetic markers are externally unvalidated. No clinical, diagnostic, or treatment claims can be made. This is a candidate catalog for research review, not a clinical product. Disease risk reporting requires clinical validation, regulatory approval, and professional oversight.	
wg-2242	genetic_disease	Disease Risk (Sensitive)	complex_disease_risk	Yunis-Varon Syndrome (YVS)	Yunis-Varon Syndrome (YVS) (Genetic Association, Not Diagnostic)	1	rs786200937	FIG4	structured_catalog_unvalidated	dbSNP/Ensembl validation; HGNC gene validation; ClinVar review; GWAS Catalog review; gnomAD population frequency; literature review	yes	yes	no	no	yes	yes	high	high	clinician_review_required	no	all rsIDs are externally unvalidated; disease risk claims require clinical evidence and regulatory approval	dbSNP validation; ClinVar review; GWAS replication; gnomAD frequency; clinical evidence review; regulatory approval	All genetic markers are externally unvalidated. No clinical, diagnostic, or treatment claims can be made. This is a candidate catalog for research review, not a clinical product. Disease risk reporting requires clinical validation, regulatory approval, and professional oversight.	
wg-214	genetic_disease	Disease Risk (Sensitive)	complex_disease_risk	Zellweger Syndrome Spectrum	Zellweger Syndrome Spectrum (Genetic Association, Not Diagnostic)	1	rs61750420	PEX1	structured_catalog_unvalidated	dbSNP/Ensembl validation; HGNC gene validation; ClinVar review; GWAS Catalog review; gnomAD population frequency; literature review	yes	yes	no	no	yes	yes	high	high	clinician_review_required	no	all rsIDs are externally unvalidated; disease risk claims require clinical evidence and regulatory approval	dbSNP validation; ClinVar review; GWAS replication; gnomAD frequency; clinical evidence review; regulatory approval	All genetic markers are externally unvalidated. No clinical, diagnostic, or treatment claims can be made. This is a candidate catalog for research review, not a clinical product. Disease risk reporting requires clinical validation, regulatory approval, and professional oversight.	
wg-1527	skin_characteristics	Skin & Appearance	dermatology_or_cosmetic_medical	Ability To Resist Acne	Genetic Association with Resistance to Acne	6	rs38055;rs478304;rs1159268;rs1060573;rs747650;rs7531806	F3;MIR548;MIR548F3	structured_catalog_unvalidated	dbSNP/Ensembl validation; HGNC gene validation; GWAS Catalog review; dermatology literature review; cosmetic safety review	no	yes	no	no	yes	yes	moderate	moderate	possible_consumer_with_strong_disclaimer_after_validation	no	all rsIDs are externally unvalidated; cosmetic/medical claims require dermatology review	dbSNP validation; GWAS replication; gnomAD frequency; dermatology literature review; cosmetic safety review	All genetic markers are externally unvalidated. No clinical, diagnostic, or treatment claims can be made. This is a candidate catalog for research review, not a clinical product. Cosmetic/dermatological claims require dermatology review and must not imply medical diagnosis or treatment.	 QC downgraded from Tier A to Tier C.
wg-1568	skin_characteristics	Skin & Appearance	dermatology_or_cosmetic_medical	Ability To Resist Cellulite	Genetic Association with Resistance to Cellulite	1	rs11549465	HIF1A	structured_catalog_unvalidated	dbSNP/Ensembl validation; HGNC gene validation; GWAS Catalog review; dermatology literature review; cosmetic safety review	no	yes	no	no	yes	yes	moderate	moderate	possible_consumer_with_strong_disclaimer_after_validation	no	all rsIDs are externally unvalidated; cosmetic/medical claims require dermatology review	dbSNP validation; GWAS replication; gnomAD frequency; dermatology literature review; cosmetic safety review	All genetic markers are externally unvalidated. No clinical, diagnostic, or treatment claims can be made. This is a candidate catalog for research review, not a clinical product. Cosmetic/dermatological claims require dermatology review and must not imply medical diagnosis or treatment.	 QC downgraded from Tier A to Tier C.
wg-1567	skin_characteristics	Skin & Appearance	dermatology_or_cosmetic_medical	Ability To Resist Rosacea	Genetic Association with Resistance to Rosacea	1	rs763035		structured_catalog_unvalidated	dbSNP/Ensembl validation; HGNC gene validation; GWAS Catalog review; dermatology literature review; cosmetic safety review	no	yes	no	no	yes	yes	moderate	moderate	possible_consumer_with_strong_disclaimer_after_validation	no	all rsIDs are externally unvalidated; cosmetic/medical claims require dermatology review	dbSNP validation; GWAS replication; gnomAD frequency; dermatology literature review; cosmetic safety review	All genetic markers are externally unvalidated. No clinical, diagnostic, or treatment claims can be made. This is a candidate catalog for research review, not a clinical product. Cosmetic/dermatological claims require dermatology review and must not imply medical diagnosis or treatment.	 QC downgraded from Tier A to Tier C.
wg-1556	skin_characteristics	Skin & Appearance	dermatology_or_cosmetic_medical	Ability To Resist Senile Plaques	Genetic Association with Resistance to Senile Plaques	3	rs251468;rs35563099;rs61866017	PPARGC1;PPARGC1B	structured_catalog_unvalidated	dbSNP/Ensembl validation; HGNC gene validation; GWAS Catalog review; dermatology literature review; cosmetic safety review	no	yes	no	no	yes	yes	moderate	moderate	possible_consumer_with_strong_disclaimer_after_validation	no	all rsIDs are externally unvalidated; cosmetic/medical claims require dermatology review	dbSNP validation; GWAS replication; gnomAD frequency; dermatology literature review; cosmetic safety review	All genetic markers are externally unvalidated. No clinical, diagnostic, or treatment claims can be made. This is a candidate catalog for research review, not a clinical product. Cosmetic/dermatological claims require dermatology review and must not imply medical diagnosis or treatment.	 QC downgraded from Tier A to Tier C.
wg-1565	skin_characteristics	Skin & Appearance	dermatology_or_cosmetic_medical	Ability To Resist Sunburn	Genetic Association with Resistance to Sunburn	3	rs625435;rs12203592;rs35063026	BNC2;IRF4	structured_catalog_unvalidated	dbSNP/Ensembl validation; HGNC gene validation; GWAS Catalog review; dermatology literature review; cosmetic safety review	no	yes	no	no	yes	yes	moderate	moderate	possible_consumer_with_strong_disclaimer_after_validation	no	all rsIDs are externally unvalidated; cosmetic/medical claims require dermatology review	dbSNP validation; GWAS replication; gnomAD frequency; dermatology literature review; cosmetic safety review	All genetic markers are externally unvalidated. No clinical, diagnostic, or treatment claims can be made. This is a candidate catalog for research review, not a clinical product. Cosmetic/dermatological claims require dermatology review and must not imply medical diagnosis or treatment.	 QC downgraded from Tier A to Tier C.
wg-1569	skin_characteristics	Skin & Appearance	dermatology_or_cosmetic_medical	Ability To Resist Varicose Veins	Genetic Association with Resistance to Varicose Veins	2	rs1801131;rs1801133	ADA;ADAMTS1;ADH1B;ALDH2;APC;APOE;CHRNA;COMT;CYP4A1;CYP4A11;GNAS;IL1B;MMP9;MTHFR;MTRR;NLRP3;PER2;SELE;SYK	structured_catalog_unvalidated	dbSNP/Ensembl validation; HGNC gene validation; GWAS Catalog review; dermatology literature review; cosmetic safety review	no	yes	no	no	yes	yes	moderate	moderate	possible_consumer_with_strong_disclaimer_after_validation	no	all rsIDs are externally unvalidated; cosmetic/medical claims require dermatology review	dbSNP validation; GWAS replication; gnomAD frequency; dermatology literature review; cosmetic safety review	All genetic markers are externally unvalidated. No clinical, diagnostic, or treatment claims can be made. This is a candidate catalog for research review, not a clinical product. Cosmetic/dermatological claims require dermatology review and must not imply medical diagnosis or treatment.	 QC downgraded from Tier A to Tier C.
wg-1525	skin_characteristics	Skin & Appearance	dermatology_or_cosmetic_medical	Anti-Freckle Ability	Anti-Freckle Ability	5	rs2153271;rs4911414;rs4911442;rs1042602;rs1393350	BNC2;LPP;NCOA6;RNASET2;SMOC2;TYR;UBASH3A	structured_catalog_unvalidated	dbSNP/Ensembl validation; HGNC gene validation; GWAS Catalog review; dermatology literature review; cosmetic safety review	no	yes	no	no	yes	yes	moderate	moderate	possible_consumer_with_strong_disclaimer_after_validation	no	all rsIDs are externally unvalidated; cosmetic/medical claims require dermatology review	dbSNP validation; GWAS replication; gnomAD frequency; dermatology literature review; cosmetic safety review	All genetic markers are externally unvalidated. No clinical, diagnostic, or treatment claims can be made. This is a candidate catalog for research review, not a clinical product. Cosmetic/dermatological claims require dermatology review and must not imply medical diagnosis or treatment.	 QC downgraded from Tier A to Tier C.
wg-1524	skin_characteristics	Skin & Appearance	dermatology_or_cosmetic_medical	Anti-Glycation Ability	Anti-Glycation Ability	2	rs1800624;rs1800625	AGER;PBX2	structured_catalog_unvalidated	dbSNP/Ensembl validation; HGNC gene validation; GWAS Catalog review; dermatology literature review; cosmetic safety review	no	yes	no	no	yes	yes	moderate	moderate	possible_consumer_with_strong_disclaimer_after_validation	no	all rsIDs are externally unvalidated; cosmetic/medical claims require dermatology review	dbSNP validation; GWAS replication; gnomAD frequency; dermatology literature review; cosmetic safety review	All genetic markers are externally unvalidated. No clinical, diagnostic, or treatment claims can be made. This is a candidate catalog for research review, not a clinical product. Cosmetic/dermatological claims require dermatology review and must not imply medical diagnosis or treatment.	 QC downgraded from Tier A to Tier C.
wg-1694	skin_characteristics	Skin & Appearance	dermatology_or_cosmetic_medical	Anti-Sagging Eyelid Ability	Anti-Sagging Eyelid Ability	2	rs11876749;rs11979919	DLGAP1	structured_catalog_unvalidated	dbSNP/Ensembl validation; HGNC gene validation; GWAS Catalog review; dermatology literature review; cosmetic safety review	no	yes	no	no	yes	yes	moderate	moderate	possible_consumer_with_strong_disclaimer_after_validation	no	all rsIDs are externally unvalidated; cosmetic/medical claims require dermatology review	dbSNP validation; GWAS replication; gnomAD frequency; dermatology literature review; cosmetic safety review	All genetic markers are externally unvalidated. No clinical, diagnostic, or treatment claims can be made. This is a candidate catalog for research review, not a clinical product. Cosmetic/dermatological claims require dermatology review and must not imply medical diagnosis or treatment.	 QC downgraded from Tier A to Tier C.
wg-1664	skin_characteristics	Skin & Appearance	dermatology_or_cosmetic_medical	Anti-Skin Photoaging Ability	Anti-Skin Photoaging Ability	3	rs18050;rs11547464;rs322458	MC1R	structured_catalog_unvalidated	dbSNP/Ensembl validation; HGNC gene validation; GWAS Catalog review; dermatology literature review; cosmetic safety review	no	yes	no	no	yes	yes	moderate	moderate	possible_consumer_with_strong_disclaimer_after_validation	no	all rsIDs are externally unvalidated; cosmetic/medical claims require dermatology review	dbSNP validation; GWAS replication; gnomAD frequency; dermatology literature review; cosmetic safety review	All genetic markers are externally unvalidated. No clinical, diagnostic, or treatment claims can be made. This is a candidate catalog for research review, not a clinical product. Cosmetic/dermatological claims require dermatology review and must not imply medical diagnosis or treatment.	 QC downgraded from Tier A to Tier C.
wg-1693	skin_characteristics	Skin & Appearance	dermatology_or_cosmetic_medical	Anti-Skin Wrinkle Ability	Anti-Skin Wrinkle Ability	1	rs2066853	AHR	structured_catalog_unvalidated	dbSNP/Ensembl validation; HGNC gene validation; GWAS Catalog review; dermatology literature review; cosmetic safety review	no	yes	no	no	yes	yes	moderate	moderate	possible_consumer_with_strong_disclaimer_after_validation	no	all rsIDs are externally unvalidated; cosmetic/medical claims require dermatology review	dbSNP validation; GWAS replication; gnomAD frequency; dermatology literature review; cosmetic safety review	All genetic markers are externally unvalidated. No clinical, diagnostic, or treatment claims can be made. This is a candidate catalog for research review, not a clinical product. Cosmetic/dermatological claims require dermatology review and must not imply medical diagnosis or treatment.	 QC downgraded from Tier A to Tier C.
wg-1522	skin_characteristics	Skin & Appearance	dermatology_or_cosmetic_medical	Anti-Tanning Reaction Ability	Anti-Tanning Reaction Ability	5	rs10153;rs11703;rs95615;rs16891982;rs12913832	ATP11A;CASC15;CASP8;DCT;HERC2;IRF4;KIAA09;PDGFRA;PIGU;SLC45A2;TYR	structured_catalog_unvalidated	dbSNP/Ensembl validation; HGNC gene validation; GWAS Catalog review; dermatology literature review; cosmetic safety review	no	yes	no	no	yes	yes	moderate	moderate	possible_consumer_with_strong_disclaimer_after_validation	no	all rsIDs are externally unvalidated; cosmetic/medical claims require dermatology review	dbSNP validation; GWAS replication; gnomAD frequency; dermatology literature review; cosmetic safety review	All genetic markers are externally unvalidated. No clinical, diagnostic, or treatment claims can be made. This is a candidate catalog for research review, not a clinical product. Cosmetic/dermatological claims require dermatology review and must not imply medical diagnosis or treatment.	 QC downgraded from Tier A to Tier C.
wg-1695	skin_characteristics	Skin & Appearance	dermatology_or_cosmetic_medical	Collagen Retention Ability	Collagen Retention Ability	2	rs1800795;rs3918242	PON1	structured_catalog_unvalidated	dbSNP/Ensembl validation; HGNC gene validation; GWAS Catalog review; dermatology literature review; cosmetic safety review	no	yes	no	no	yes	yes	moderate	moderate	possible_consumer_with_strong_disclaimer_after_validation	no	all rsIDs are externally unvalidated; cosmetic/medical claims require dermatology review	dbSNP validation; GWAS replication; gnomAD frequency; dermatology literature review; cosmetic safety review	All genetic markers are externally unvalidated. No clinical, diagnostic, or treatment claims can be made. This is a candidate catalog for research review, not a clinical product. Cosmetic/dermatological claims require dermatology review and must not imply medical diagnosis or treatment.	 QC downgraded from Tier A to Tier C.
wg-1526	skin_characteristics	Skin & Appearance	dermatology_or_cosmetic_medical	Skin Moisturizing Ability	Skin Moisturizing Ability	4	rs17553719;rs137852931;rs61816761;rs11103631	AQP3;FLG;ST14	structured_catalog_unvalidated	dbSNP/Ensembl validation; HGNC gene validation; GWAS Catalog review; dermatology literature review; cosmetic safety review	no	yes	no	no	yes	yes	moderate	moderate	possible_consumer_with_strong_disclaimer_after_validation	no	all rsIDs are externally unvalidated; cosmetic/medical claims require dermatology review	dbSNP validation; GWAS replication; gnomAD frequency; dermatology literature review; cosmetic safety review	All genetic markers are externally unvalidated. No clinical, diagnostic, or treatment claims can be made. This is a candidate catalog for research review, not a clinical product. Cosmetic/dermatological claims require dermatology review and must not imply medical diagnosis or treatment.	 QC downgraded from Tier A to Tier C.
wg-1566	skin_characteristics	Skin & Appearance	dermatology_or_cosmetic_medical	Skin Oil Control Ability	Skin Oil Control Ability	3	rs174547;rs743572;rs1801282	CYP17A1;FADS1;KCNJ11;MTNR1B;PPARG;SLC30A8;TCF7L2;WFS1	structured_catalog_unvalidated	dbSNP/Ensembl validation; HGNC gene validation; GWAS Catalog review; dermatology literature review; cosmetic safety review	no	yes	no	no	yes	yes	moderate	moderate	possible_consumer_with_strong_disclaimer_after_validation	no	all rsIDs are externally unvalidated; cosmetic/medical claims require dermatology review	dbSNP validation; GWAS replication; gnomAD frequency; dermatology literature review; cosmetic safety review	All genetic markers are externally unvalidated. No clinical, diagnostic, or treatment claims can be made. This is a candidate catalog for research review, not a clinical product. Cosmetic/dermatological claims require dermatology review and must not imply medical diagnosis or treatment.	 QC downgraded from Tier A to Tier C.
wg-2062	genetic_disease	Disease Risk (Sensitive)	dermatology_or_cosmetic_medical	Skin/Hair/Eye Pigmentation (SHEP)	Skin/Hair/Eye Pigmentation (SHEP)	3	rs104894314;rs121908011;rs28940876	OCA2;TYR	structured_catalog_unvalidated	dbSNP/Ensembl validation; HGNC gene validation; GWAS Catalog review; dermatology literature review; cosmetic safety review	no	yes	no	no	yes	yes	moderate	moderate	possible_consumer_with_strong_disclaimer_after_validation	no	all rsIDs are externally unvalidated; cosmetic/medical claims require dermatology review	dbSNP validation; GWAS replication; gnomAD frequency; dermatology literature review; cosmetic safety review	All genetic markers are externally unvalidated. No clinical, diagnostic, or treatment claims can be made. This is a candidate catalog for research review, not a clinical product. Cosmetic/dermatological claims require dermatology review and must not imply medical diagnosis or treatment.	
wg-84	health_risk	Disease Risk (Sensitive)	dermatology_or_cosmetic_medical	Tardive Dyskinesia	Tardive Dyskinesia	1	rs1800497	ANKK1	structured_catalog_unvalidated	dbSNP/Ensembl validation; HGNC gene validation; GWAS Catalog review; dermatology literature review; cosmetic safety review	no	yes	no	no	yes	yes	moderate	moderate	possible_consumer_with_strong_disclaimer_after_validation	no	all rsIDs are externally unvalidated; cosmetic/medical claims require dermatology review	dbSNP validation; GWAS replication; gnomAD frequency; dermatology literature review; cosmetic safety review	All genetic markers are externally unvalidated. No clinical, diagnostic, or treatment claims can be made. This is a candidate catalog for research review, not a clinical product. Cosmetic/dermatological claims require dermatology review and must not imply medical diagnosis or treatment.	
wg-2151	genetic_disease	Disease Risk (Sensitive)	dermatology_or_cosmetic_medical	Wrinkly Skin Syndrome (WSS)	Wrinkly Skin Syndrome (WSS) (Genetic Association, Not Diagnostic)	1	rs374480381	ATP6V0A2	structured_catalog_unvalidated	dbSNP/Ensembl validation; HGNC gene validation; GWAS Catalog review; dermatology literature review; cosmetic safety review	no	yes	no	no	yes	yes	moderate	moderate	possible_consumer_with_strong_disclaimer_after_validation	no	all rsIDs are externally unvalidated; cosmetic/medical claims require dermatology review	dbSNP validation; GWAS replication; gnomAD frequency; dermatology literature review; cosmetic safety review	All genetic markers are externally unvalidated. No clinical, diagnostic, or treatment claims can be made. This is a candidate catalog for research review, not a clinical product. Cosmetic/dermatological claims require dermatology review and must not imply medical diagnosis or treatment.	
wg-1539	genetic_disease	Disease Risk (Sensitive)	nutrition_deficiency_or_metabolism	3-Methylcrotonyl CoA Carboxylase 2 Deficiency	3-Methylcrotonyl CoA Carboxylase 2 Deficiency	1	rs119103226	MCCC2	structured_catalog_unvalidated	dbSNP/Ensembl validation; HGNC gene validation; GWAS Catalog review; gnomAD population frequency; nutritional science literature review	no	yes	no	no	yes	yes	high	moderate	possible_consumer_with_strong_disclaimer_after_validation	no	all rsIDs are externally unvalidated; nutritional deficiency claims require clinical validation	dbSNP validation; GWAS replication; gnomAD frequency; nutritional science literature review; clinical validation	All genetic markers are externally unvalidated. No clinical, diagnostic, or treatment claims can be made. This is a candidate catalog for research review, not a clinical product. Nutritional deficiency claims require clinical validation and must not imply diagnosis or treatment recommendations.	
wg-2111	genetic_disease	Disease Risk (Sensitive)	nutrition_deficiency_or_metabolism	Acyl-Coenzyme A Dehydrogenase Deficiency	Acyl-Coenzyme A Dehydrogenase Deficiency	5	rs75875;rs796051901;rs121434275;rs121434277;rs121434278	ACADM	structured_catalog_unvalidated	dbSNP/Ensembl validation; HGNC gene validation; GWAS Catalog review; gnomAD population frequency; nutritional science literature review	no	yes	no	no	yes	yes	high	moderate	possible_consumer_with_strong_disclaimer_after_validation	no	all rsIDs are externally unvalidated; nutritional deficiency claims require clinical validation	dbSNP validation; GWAS replication; gnomAD frequency; nutritional science literature review; clinical validation	All genetic markers are externally unvalidated. No clinical, diagnostic, or treatment claims can be made. This is a candidate catalog for research review, not a clinical product. Nutritional deficiency claims require clinical validation and must not imply diagnosis or treatment recommendations.	
wg-2243	genetic_disease	Disease Risk (Sensitive)	nutrition_deficiency_or_metabolism	Alpha-N-Acetylgalactosaminidase Deficiency (α-NAGA)	Alpha-N-Acetylgalactosaminidase Deficiency (α-NAGA)	0			no_rsids	dbSNP/Ensembl validation; HGNC gene validation; GWAS Catalog review; gnomAD population frequency; nutritional science literature review	no	no	no	no	no	no	high	moderate	possible_consumer_with_strong_disclaimer_after_validation	no	all rsIDs are externally unvalidated; nutritional deficiency claims require clinical validation; no genetic markers identified	dbSNP validation; GWAS replication; gnomAD frequency; nutritional science literature review; clinical validation	All genetic markers are externally unvalidated. No clinical, diagnostic, or treatment claims can be made. This is a candidate catalog for research review, not a clinical product. Nutritional deficiency claims require clinical validation and must not imply diagnosis or treatment recommendations.	No rsIDs linked to this trait.
wg-1523	skin_characteristics	Skin & Appearance	nutrition_deficiency_or_metabolism	Antioxidant Ability	Antioxidant Ability	4	rs1050450;rs35652124;rs1800566;rs4880	GPX1;NFE2L2;NQO1;SOD2	structured_catalog_unvalidated	dbSNP/Ensembl validation; HGNC gene validation; GWAS Catalog review; gnomAD population frequency; nutritional science literature review	no	yes	no	no	yes	yes	moderate	moderate	possible_consumer_with_strong_disclaimer_after_validation	no	all rsIDs are externally unvalidated; nutritional deficiency claims require clinical validation	dbSNP validation; GWAS replication; gnomAD frequency; nutritional science literature review; clinical validation	All genetic markers are externally unvalidated. No clinical, diagnostic, or treatment claims can be made. This is a candidate catalog for research review, not a clinical product. Nutritional deficiency claims require clinical validation and must not imply diagnosis or treatment recommendations.	 QC downgraded from Tier A to Tier C.
wg-2042	genetic_disease	Disease Risk (Sensitive)	nutrition_deficiency_or_metabolism	Arginase Deficiency (ARG)	Arginase Deficiency (ARG)	3	rs104893944;rs104893947;rs104893948	ARG1	structured_catalog_unvalidated	dbSNP/Ensembl validation; HGNC gene validation; GWAS Catalog review; gnomAD population frequency; nutritional science literature review	no	yes	no	no	yes	yes	high	moderate	possible_consumer_with_strong_disclaimer_after_validation	no	all rsIDs are externally unvalidated; nutritional deficiency claims require clinical validation	dbSNP validation; GWAS replication; gnomAD frequency; nutritional science literature review; clinical validation	All genetic markers are externally unvalidated. No clinical, diagnostic, or treatment claims can be made. This is a candidate catalog for research review, not a clinical product. Nutritional deficiency claims require clinical validation and must not imply diagnosis or treatment recommendations.	
wg-1541	genetic_disease	Disease Risk (Sensitive)	nutrition_deficiency_or_metabolism	Argininosuccinate Lyase Deficiency	Argininosuccinate Lyase Deficiency	3	rs367543006;rs367543005;rs28940286	ASL	structured_catalog_unvalidated	dbSNP/Ensembl validation; HGNC gene validation; GWAS Catalog review; gnomAD population frequency; nutritional science literature review	no	yes	no	no	yes	yes	high	moderate	possible_consumer_with_strong_disclaimer_after_validation	no	all rsIDs are externally unvalidated; nutritional deficiency claims require clinical validation	dbSNP validation; GWAS replication; gnomAD frequency; nutritional science literature review; clinical validation	All genetic markers are externally unvalidated. No clinical, diagnostic, or treatment claims can be made. This is a candidate catalog for research review, not a clinical product. Nutritional deficiency claims require clinical validation and must not imply diagnosis or treatment recommendations.	
wg-2080	genetic_disease	Disease Risk (Sensitive)	nutrition_deficiency_or_metabolism	Biotinidase Deficiency (BTD)	Biotinidase Deficiency (BTD)	5	rs39812;rs39751;rs104893687;rs146136265;rs200507575	ACTA2;AGL;ANO5;APC;ARSB;BCKDH;BCKDHA;BCKDHB;BTD;CDAN1;CLPB;DBT;DMD;DYSF;G6PC;G6PC1;GAA;GALNS;GBA;GBA1;GBE1;GLB1;GNPTA;GNPTAB;GNPTG;IDS;IDUA;LOX;MCOLN;MCOLN1;MSH6;MYH11;MYLK;MYO7A;PCDH15;PRKG1;PYGM;SEC23B;SERAC1;SGSH;SLC26A;SLC26A4;TAFAZZIN;USH1C;USH1G;USH2A	structured_catalog_unvalidated	dbSNP/Ensembl validation; HGNC gene validation; GWAS Catalog review; gnomAD population frequency; nutritional science literature review	no	yes	no	no	yes	yes	high	moderate	possible_consumer_with_strong_disclaimer_after_validation	no	all rsIDs are externally unvalidated; nutritional deficiency claims require clinical validation	dbSNP validation; GWAS replication; gnomAD frequency; nutritional science literature review; clinical validation	All genetic markers are externally unvalidated. No clinical, diagnostic, or treatment claims can be made. This is a candidate catalog for research review, not a clinical product. Nutritional deficiency claims require clinical validation and must not imply diagnosis or treatment recommendations.	
wg-247	nutrition_metabolism	Nutrition & Metabolism	nutrition_deficiency_or_metabolism	Calcium Nutritional Requirement	Calcium Nutritional Association	2	rs1544410;rs1042636	CASR;VDR	structured_catalog_unvalidated	dbSNP/Ensembl validation; HGNC gene validation; GWAS Catalog review; gnomAD population frequency; nutritional science literature review	no	yes	no	no	yes	yes	high	moderate	possible_consumer_with_strong_disclaimer_after_validation	no	all rsIDs are externally unvalidated; nutritional deficiency claims require clinical validation	dbSNP validation; GWAS replication; gnomAD frequency; nutritional science literature review; clinical validation	All genetic markers are externally unvalidated. No clinical, diagnostic, or treatment claims can be made. This is a candidate catalog for research review, not a clinical product. Nutritional deficiency claims require clinical validation and must not imply diagnosis or treatment recommendations.	 QC downgraded from Tier A to Tier C.
wg-2101	genetic_disease	Disease Risk (Sensitive)	nutrition_deficiency_or_metabolism	Coenzyme Q10 Deficiency, Primary (COQ10D)	Coenzyme Q10 Deficiency, Primary (COQ10D)	1	rs121918231	COQ2	structured_catalog_unvalidated	dbSNP/Ensembl validation; HGNC gene validation; GWAS Catalog review; gnomAD population frequency; nutritional science literature review	no	yes	no	no	yes	yes	high	moderate	possible_consumer_with_strong_disclaimer_after_validation	no	all rsIDs are externally unvalidated; nutritional deficiency claims require clinical validation	dbSNP validation; GWAS replication; gnomAD frequency; nutritional science literature review; clinical validation	All genetic markers are externally unvalidated. No clinical, diagnostic, or treatment claims can be made. This is a candidate catalog for research review, not a clinical product. Nutritional deficiency claims require clinical validation and must not imply diagnosis or treatment recommendations.	
wg-2002	genetic_disease	Disease Risk (Sensitive)	nutrition_deficiency_or_metabolism	Combined Oxidative Phosphorylation Deficiency (COXPD)	Combined Oxidative Phosphorylation Deficiency (COXPD)	3	rs1370579526;rs1562168768;rs184469579		structured_catalog_unvalidated	dbSNP/Ensembl validation; HGNC gene validation; GWAS Catalog review; gnomAD population frequency; nutritional science literature review	no	yes	no	no	yes	yes	high	moderate	possible_consumer_with_strong_disclaimer_after_validation	no	all rsIDs are externally unvalidated; nutritional deficiency claims require clinical validation	dbSNP validation; GWAS replication; gnomAD frequency; nutritional science literature review; clinical validation	All genetic markers are externally unvalidated. No clinical, diagnostic, or treatment claims can be made. This is a candidate catalog for research review, not a clinical product. Nutritional deficiency claims require clinical validation and must not imply diagnosis or treatment recommendations.	
wg-2046	genetic_disease	Disease Risk (Sensitive)	nutrition_deficiency_or_metabolism	Combined Pituitary Hormone Deficiency (CPHD)	Combined Pituitary Hormone Deficiency (CPHD)	3	rs104893763;rs104893764;rs104893765	HESX1;POU1F1;PROP1	structured_catalog_unvalidated	dbSNP/Ensembl validation; HGNC gene validation; GWAS Catalog review; gnomAD population frequency; nutritional science literature review	no	yes	no	no	yes	yes	high	moderate	possible_consumer_with_strong_disclaimer_after_validation	no	all rsIDs are externally unvalidated; nutritional deficiency claims require clinical validation	dbSNP validation; GWAS replication; gnomAD frequency; nutritional science literature review; clinical validation	All genetic markers are externally unvalidated. No clinical, diagnostic, or treatment claims can be made. This is a candidate catalog for research review, not a clinical product. Nutritional deficiency claims require clinical validation and must not imply diagnosis or treatment recommendations.	
wg-2059	genetic_disease	Disease Risk (Sensitive)	nutrition_deficiency_or_metabolism	Factor V Deficiency	Factor V Deficiency	1	rs118203907	F5	structured_catalog_unvalidated	dbSNP/Ensembl validation; HGNC gene validation; GWAS Catalog review; gnomAD population frequency; nutritional science literature review	no	yes	no	no	yes	yes	high	moderate	possible_consumer_with_strong_disclaimer_after_validation	no	all rsIDs are externally unvalidated; nutritional deficiency claims require clinical validation	dbSNP validation; GWAS replication; gnomAD frequency; nutritional science literature review; clinical validation	All genetic markers are externally unvalidated. No clinical, diagnostic, or treatment claims can be made. This is a candidate catalog for research review, not a clinical product. Nutritional deficiency claims require clinical validation and must not imply diagnosis or treatment recommendations.	
wg-2060	genetic_disease	Disease Risk (Sensitive)	nutrition_deficiency_or_metabolism	Factor VII Deficiency	Factor VII Deficiency	1	rs755377592	F7	structured_catalog_unvalidated	dbSNP/Ensembl validation; HGNC gene validation; GWAS Catalog review; gnomAD population frequency; nutritional science literature review	no	yes	no	no	yes	yes	high	moderate	possible_consumer_with_strong_disclaimer_after_validation	no	all rsIDs are externally unvalidated; nutritional deficiency claims require clinical validation	dbSNP validation; GWAS replication; gnomAD frequency; nutritional science literature review; clinical validation	All genetic markers are externally unvalidated. No clinical, diagnostic, or treatment claims can be made. This is a candidate catalog for research review, not a clinical product. Nutritional deficiency claims require clinical validation and must not imply diagnosis or treatment recommendations.	
wg-2061	genetic_disease	Disease Risk (Sensitive)	nutrition_deficiency_or_metabolism	Factor XI Deficiency	Factor XI Deficiency	3	rs121965066;rs139695003;rs281875250	F11	structured_catalog_unvalidated	dbSNP/Ensembl validation; HGNC gene validation; GWAS Catalog review; gnomAD population frequency; nutritional science literature review	no	yes	no	no	yes	yes	high	moderate	possible_consumer_with_strong_disclaimer_after_validation	no	all rsIDs are externally unvalidated; nutritional deficiency claims require clinical validation	dbSNP validation; GWAS replication; gnomAD frequency; nutritional science literature review; clinical validation	All genetic markers are externally unvalidated. No clinical, diagnostic, or treatment claims can be made. This is a candidate catalog for research review, not a clinical product. Nutritional deficiency claims require clinical validation and must not imply diagnosis or treatment recommendations.	
wg-225	nutrition_metabolism	Nutrition & Metabolism	nutrition_deficiency_or_metabolism	Folate Nutritional Requirement	Folate Nutritional Association	3	rs1801133;rs1801131;rs1801394	ADA;ADAMTS1;ADH1B;ALDH2;APC;APOE;BRIP1;CASC10;CHRNA;COMT;CYP4A1;CYP4A11;GNAS;IL1B;MLLT10;MMP9;MTHFR;MTRR;NLRP3;PER2;SELE;SYK	structured_catalog_unvalidated	dbSNP/Ensembl validation; HGNC gene validation; GWAS Catalog review; gnomAD population frequency; nutritional science literature review	no	yes	no	no	yes	yes	high	moderate	possible_consumer_with_strong_disclaimer_after_validation	no	all rsIDs are externally unvalidated; nutritional deficiency claims require clinical validation	dbSNP validation; GWAS replication; gnomAD frequency; nutritional science literature review; clinical validation	All genetic markers are externally unvalidated. No clinical, diagnostic, or treatment claims can be made. This is a candidate catalog for research review, not a clinical product. Nutritional deficiency claims require clinical validation and must not imply diagnosis or treatment recommendations.	 QC downgraded from Tier A to Tier C.
wg-2065	genetic_disease	Disease Risk (Sensitive)	nutrition_deficiency_or_metabolism	GLUT1 Deficiency Syndrome	GLUT1 Deficiency Syndrome (Genetic Association, Not Diagnostic)	3	rs121909739;rs121909740;rs267607061	SLC2A1	structured_catalog_unvalidated	dbSNP/Ensembl validation; HGNC gene validation; GWAS Catalog review; gnomAD population frequency; nutritional science literature review	no	yes	no	no	yes	yes	high	moderate	possible_consumer_with_strong_disclaimer_after_validation	no	all rsIDs are externally unvalidated; nutritional deficiency claims require clinical validation	dbSNP validation; GWAS replication; gnomAD frequency; nutritional science literature review; clinical validation	All genetic markers are externally unvalidated. No clinical, diagnostic, or treatment claims can be made. This is a candidate catalog for research review, not a clinical product. Nutritional deficiency claims require clinical validation and must not imply diagnosis or treatment recommendations.	
wg-190	genetic_disease	Disease Risk (Sensitive)	nutrition_deficiency_or_metabolism	Glucose-6-Phosphate Dehydrogenase Deficiency (G6PD)	Glucose-6-Phosphate Dehydrogenase Deficiency (G6PD)	5	rs72554;rs13785;rs1050828;rs1050829;rs398123546	ATP7B;F8;F9;FBN1;G6PD;HCN4;SCN5A	structured_catalog_unvalidated	dbSNP/Ensembl validation; HGNC gene validation; GWAS Catalog review; gnomAD population frequency; nutritional science literature review	no	yes	no	no	yes	yes	high	moderate	possible_consumer_with_strong_disclaimer_after_validation	no	all rsIDs are externally unvalidated; nutritional deficiency claims require clinical validation	dbSNP validation; GWAS replication; gnomAD frequency; nutritional science literature review; clinical validation	All genetic markers are externally unvalidated. No clinical, diagnostic, or treatment claims can be made. This is a candidate catalog for research review, not a clinical product. Nutritional deficiency claims require clinical validation and must not imply diagnosis or treatment recommendations.	
wg-2069	genetic_disease	Disease Risk (Sensitive)	nutrition_deficiency_or_metabolism	Holocarboxylase Synthetase Deficiency (HCSD)	Holocarboxylase Synthetase Deficiency (HCSD)	3	rs119103227;rs119103229;rs119103230	HLCS	structured_catalog_unvalidated	dbSNP/Ensembl validation; HGNC gene validation; GWAS Catalog review; gnomAD population frequency; nutritional science literature review	no	yes	no	no	yes	yes	high	moderate	possible_consumer_with_strong_disclaimer_after_validation	no	all rsIDs are externally unvalidated; nutritional deficiency claims require clinical validation	dbSNP validation; GWAS replication; gnomAD frequency; nutritional science literature review; clinical validation	All genetic markers are externally unvalidated. No clinical, diagnostic, or treatment claims can be made. This is a candidate catalog for research review, not a clinical product. Nutritional deficiency claims require clinical validation and must not imply diagnosis or treatment recommendations.	
wg-2052	genetic_disease	Disease Risk (Sensitive)	nutrition_deficiency_or_metabolism	Immunodeficiency	Immunodeficiency	4	rs58777;rs104893893;rs121918659;rs193922641	CLP1;EXOSC3;FBN1;FBXL4;IL7R;MPV17;PGM3;PIK3R1;POLG;RARS2;SEPSEC;SLC25A;STAT1;SUCLG1;TK2;TSEN54;TYMP;VRK1	structured_catalog_unvalidated	dbSNP/Ensembl validation; HGNC gene validation; GWAS Catalog review; gnomAD population frequency; nutritional science literature review	no	yes	no	no	yes	yes	high	moderate	possible_consumer_with_strong_disclaimer_after_validation	no	all rsIDs are externally unvalidated; nutritional deficiency claims require clinical validation	dbSNP validation; GWAS replication; gnomAD frequency; nutritional science literature review; clinical validation	All genetic markers are externally unvalidated. No clinical, diagnostic, or treatment claims can be made. This is a candidate catalog for research review, not a clinical product. Nutritional deficiency claims require clinical validation and must not imply diagnosis or treatment recommendations.	
wg-251	nutrition_metabolism	Nutrition & Metabolism	nutrition_deficiency_or_metabolism	Iron Nutritional Requirement	Iron Nutritional Association	4	rs12718;rs18009;rs4820268;rs855791	HNF4A;IKZF1;SLCO1B1;TMPRSS6;TMPRSSGG	structured_catalog_unvalidated	dbSNP/Ensembl validation; HGNC gene validation; GWAS Catalog review; gnomAD population frequency; nutritional science literature review	no	yes	no	no	yes	yes	high	moderate	possible_consumer_with_strong_disclaimer_after_validation	no	all rsIDs are externally unvalidated; nutritional deficiency claims require clinical validation	dbSNP validation; GWAS replication; gnomAD frequency; nutritional science literature review; clinical validation	All genetic markers are externally unvalidated. No clinical, diagnostic, or treatment claims can be made. This is a candidate catalog for research review, not a clinical product. Nutritional deficiency claims require clinical validation and must not imply diagnosis or treatment recommendations.	 QC downgraded from Tier A to Tier C.
wg-2086	genetic_disease	Disease Risk (Sensitive)	nutrition_deficiency_or_metabolism	Isolated Growth Hormone Deficiency (IGHD)	Isolated Growth Hormone Deficiency (IGHD)	3	rs121918117;rs121918121;rs483352872	GHRHR	structured_catalog_unvalidated	dbSNP/Ensembl validation; HGNC gene validation; GWAS Catalog review; gnomAD population frequency; nutritional science literature review	no	yes	no	no	yes	yes	high	moderate	possible_consumer_with_strong_disclaimer_after_validation	no	all rsIDs are externally unvalidated; nutritional deficiency claims require clinical validation	dbSNP validation; GWAS replication; gnomAD frequency; nutritional science literature review; clinical validation	All genetic markers are externally unvalidated. No clinical, diagnostic, or treatment claims can be made. This is a candidate catalog for research review, not a clinical product. Nutritional deficiency claims require clinical validation and must not imply diagnosis or treatment recommendations.	
wg-1707	nutrition_metabolism	Nutrition & Metabolism	nutrition_deficiency_or_metabolism	Magnesium Nutritional Requirement	Magnesium Nutritional Association	3	rs40720;rs13146355;rs3925584	M3;MUC1;SHROO;SHROOM3	structured_catalog_unvalidated	dbSNP/Ensembl validation; HGNC gene validation; GWAS Catalog review; gnomAD population frequency; nutritional science literature review	no	yes	no	no	yes	yes	high	moderate	possible_consumer_with_strong_disclaimer_after_validation	no	all rsIDs are externally unvalidated; nutritional deficiency claims require clinical validation	dbSNP validation; GWAS replication; gnomAD frequency; nutritional science literature review; clinical validation	All genetic markers are externally unvalidated. No clinical, diagnostic, or treatment claims can be made. This is a candidate catalog for research review, not a clinical product. Nutritional deficiency claims require clinical validation and must not imply diagnosis or treatment recommendations.	 QC downgraded from Tier A to Tier C.
wg-2114	genetic_disease	Disease Risk (Sensitive)	nutrition_deficiency_or_metabolism	Mitochondrial Complex II Deficiency (MC2D)	Mitochondrial Complex II Deficiency (MC2D)	3	rs151170408;rs202198133;rs587782077	SDHA;SDHD	structured_catalog_unvalidated	dbSNP/Ensembl validation; HGNC gene validation; GWAS Catalog review; gnomAD population frequency; nutritional science literature review	no	yes	no	no	yes	yes	high	moderate	possible_consumer_with_strong_disclaimer_after_validation	no	all rsIDs are externally unvalidated; nutritional deficiency claims require clinical validation	dbSNP validation; GWAS replication; gnomAD frequency; nutritional science literature review; clinical validation	All genetic markers are externally unvalidated. No clinical, diagnostic, or treatment claims can be made. This is a candidate catalog for research review, not a clinical product. Nutritional deficiency claims require clinical validation and must not imply diagnosis or treatment recommendations.	
wg-1994	genetic_disease	Disease Risk (Sensitive)	nutrition_deficiency_or_metabolism	Multiple Sulfatase Deficiency (MSD)	Multiple Sulfatase Deficiency (MSD)	3	rs137852847;rs137852849;rs770241913	SUMF1	structured_catalog_unvalidated	dbSNP/Ensembl validation; HGNC gene validation; GWAS Catalog review; gnomAD population frequency; nutritional science literature review	no	yes	no	no	yes	yes	high	moderate	possible_consumer_with_strong_disclaimer_after_validation	no	all rsIDs are externally unvalidated; nutritional deficiency claims require clinical validation	dbSNP validation; GWAS replication; gnomAD frequency; nutritional science literature review; clinical validation	All genetic markers are externally unvalidated. No clinical, diagnostic, or treatment claims can be made. This is a candidate catalog for research review, not a clinical product. Nutritional deficiency claims require clinical validation and must not imply diagnosis or treatment recommendations.	
wg-2074	genetic_disease	Disease Risk (Sensitive)	nutrition_deficiency_or_metabolism	Neurodegeneration with Brain Iron Accumulation (NBIA)	Neurodegeneration with Brain Iron Accumulation (NBIA)	5	rs79704;rs587784343;rs121908681;rs121908686;rs145108650	APOB;ATF6;BRAF;CC2D2A;CEP290;CNGA3;CNGB3;COASY;GNPTA;GNPTAB;GNPTG;KRAS;MAP2K1;MAP2K2;MCOLN;MCOLN1;MKS1;OCA2;PDE6C;PLA2G6;RPGRIP;SLC45A2;TMEM2;TMEM216;TMEM67;TYR;TYRP1;UBE3A;WDR45	structured_catalog_unvalidated	dbSNP/Ensembl validation; HGNC gene validation; GWAS Catalog review; gnomAD population frequency; nutritional science literature review	no	yes	no	no	yes	yes	moderate	moderate	possible_consumer_with_strong_disclaimer_after_validation	no	all rsIDs are externally unvalidated; nutritional deficiency claims require clinical validation	dbSNP validation; GWAS replication; gnomAD frequency; nutritional science literature review; clinical validation	All genetic markers are externally unvalidated. No clinical, diagnostic, or treatment claims can be made. This is a candidate catalog for research review, not a clinical product. Nutritional deficiency claims require clinical validation and must not imply diagnosis or treatment recommendations.	
wg-2058	genetic_disease	Disease Risk (Sensitive)	nutrition_deficiency_or_metabolism	Ornithine Aminotransferase Deficiency (OAT)	Ornithine Aminotransferase Deficiency (OAT)	3	rs121965047;rs121965057;rs200068769	OAT	structured_catalog_unvalidated	dbSNP/Ensembl validation; HGNC gene validation; GWAS Catalog review; gnomAD population frequency; nutritional science literature review	no	yes	no	no	yes	yes	high	moderate	possible_consumer_with_strong_disclaimer_after_validation	no	all rsIDs are externally unvalidated; nutritional deficiency claims require clinical validation	dbSNP validation; GWAS replication; gnomAD frequency; nutritional science literature review; clinical validation	All genetic markers are externally unvalidated. No clinical, diagnostic, or treatment claims can be made. This is a candidate catalog for research review, not a clinical product. Nutritional deficiency claims require clinical validation and must not imply diagnosis or treatment recommendations.	
wg-1983	genetic_disease	Disease Risk (Sensitive)	nutrition_deficiency_or_metabolism	Pyruvate Carboxylase Deficiency (PCD)	Pyruvate Carboxylase Deficiency (PCD)	2	rs113994145;rs28940591	PC	structured_catalog_unvalidated	dbSNP/Ensembl validation; HGNC gene validation; GWAS Catalog review; gnomAD population frequency; nutritional science literature review	no	yes	no	no	yes	yes	high	moderate	possible_consumer_with_strong_disclaimer_after_validation	no	all rsIDs are externally unvalidated; nutritional deficiency claims require clinical validation	dbSNP validation; GWAS replication; gnomAD frequency; nutritional science literature review; clinical validation	All genetic markers are externally unvalidated. No clinical, diagnostic, or treatment claims can be made. This is a candidate catalog for research review, not a clinical product. Nutritional deficiency claims require clinical validation and must not imply diagnosis or treatment recommendations.	
wg-1982	genetic_disease	Disease Risk (Sensitive)	nutrition_deficiency_or_metabolism	Pyruvate Kinase Deficiency (PKD)	Pyruvate Kinase Deficiency (PKD)	1	rs201953584	PKLR	structured_catalog_unvalidated	dbSNP/Ensembl validation; HGNC gene validation; GWAS Catalog review; gnomAD population frequency; nutritional science literature review	no	yes	no	no	yes	yes	high	moderate	possible_consumer_with_strong_disclaimer_after_validation	no	all rsIDs are externally unvalidated; nutritional deficiency claims require clinical validation	dbSNP validation; GWAS replication; gnomAD frequency; nutritional science literature review; clinical validation	All genetic markers are externally unvalidated. No clinical, diagnostic, or treatment claims can be made. This is a candidate catalog for research review, not a clinical product. Nutritional deficiency claims require clinical validation and must not imply diagnosis or treatment recommendations.	
wg-2150	genetic_disease	Disease Risk (Sensitive)	nutrition_deficiency_or_metabolism	Severe Combined Immunodeficiency (SCID)	Severe Combined Immunodeficiency (SCID)	3	rs111033617;rs111033620;rs111033622	IL2RG	structured_catalog_unvalidated	dbSNP/Ensembl validation; HGNC gene validation; GWAS Catalog review; gnomAD population frequency; nutritional science literature review	no	yes	no	no	yes	yes	high	moderate	possible_consumer_with_strong_disclaimer_after_validation	no	all rsIDs are externally unvalidated; nutritional deficiency claims require clinical validation	dbSNP validation; GWAS replication; gnomAD frequency; nutritional science literature review; clinical validation	All genetic markers are externally unvalidated. No clinical, diagnostic, or treatment claims can be made. This is a candidate catalog for research review, not a clinical product. Nutritional deficiency claims require clinical validation and must not imply diagnosis or treatment recommendations.	
wg-2072	genetic_disease	Disease Risk (Sensitive)	nutrition_deficiency_or_metabolism	Trifunctional Protein Deficiency (TFP)	Trifunctional Protein Deficiency (TFP)	3	rs121913131;rs121913133;rs121913134	HADHA;HADHB	structured_catalog_unvalidated	dbSNP/Ensembl validation; HGNC gene validation; GWAS Catalog review; gnomAD population frequency; nutritional science literature review	no	yes	no	no	yes	yes	high	moderate	possible_consumer_with_strong_disclaimer_after_validation	no	all rsIDs are externally unvalidated; nutritional deficiency claims require clinical validation	dbSNP validation; GWAS replication; gnomAD frequency; nutritional science literature review; clinical validation	All genetic markers are externally unvalidated. No clinical, diagnostic, or treatment claims can be made. This is a candidate catalog for research review, not a clinical product. Nutritional deficiency claims require clinical validation and must not imply diagnosis or treatment recommendations.	
wg-120	health_risk	Disease Risk (Sensitive)	nutrition_deficiency_or_metabolism	UPDATE Selective IgA Deficiency	UPDATE Selective IgA Deficiency	6	rs9831894;rs34443974;rs7773987;rs1990760;rs2187668;rs9271366	AHI1;APOL1;BACH2;BSN;CCHCR1;FCGR2A;IFIH1;IL23R;LPP;MTHFS;MYO9B;PLA2R1;PUS10;RPL3L;SYNPR	structured_catalog_unvalidated	dbSNP/Ensembl validation; HGNC gene validation; GWAS Catalog review; gnomAD population frequency; nutritional science literature review	no	yes	no	no	yes	yes	high	moderate	possible_consumer_with_strong_disclaimer_after_validation	no	all rsIDs are externally unvalidated; nutritional deficiency claims require clinical validation	dbSNP validation; GWAS replication; gnomAD frequency; nutritional science literature review; clinical validation	All genetic markers are externally unvalidated. No clinical, diagnostic, or treatment claims can be made. This is a candidate catalog for research review, not a clinical product. Nutritional deficiency claims require clinical validation and must not imply diagnosis or treatment recommendations.	
wg-256	nutrition_metabolism	Nutrition & Metabolism	nutrition_deficiency_or_metabolism	Vitamin A Nutritional Requirement	Vitamin A Nutritional Association	3	rs6420424;rs11645428;rs6564851	BCMO1;PKD1L2	structured_catalog_unvalidated	dbSNP/Ensembl validation; HGNC gene validation; GWAS Catalog review; gnomAD population frequency; nutritional science literature review	no	yes	no	no	yes	yes	high	moderate	possible_consumer_with_strong_disclaimer_after_validation	no	all rsIDs are externally unvalidated; nutritional deficiency claims require clinical validation	dbSNP validation; GWAS replication; gnomAD frequency; nutritional science literature review; clinical validation	All genetic markers are externally unvalidated. No clinical, diagnostic, or treatment claims can be made. This is a candidate catalog for research review, not a clinical product. Nutritional deficiency claims require clinical validation and must not imply diagnosis or treatment recommendations.	 QC downgraded from Tier A to Tier C.
wg-253	nutrition_metabolism	Nutrition & Metabolism	nutrition_deficiency_or_metabolism	Vitamin B12 Nutritional Requirement	Vitamin B12 Nutritional Association	5	rs10515;rs12377;rs2298585;rs41281112;rs1047781	CLYBL;FUT2;MS4A3	structured_catalog_unvalidated	dbSNP/Ensembl validation; HGNC gene validation; GWAS Catalog review; gnomAD population frequency; nutritional science literature review	no	yes	no	no	yes	yes	high	moderate	possible_consumer_with_strong_disclaimer_after_validation	no	all rsIDs are externally unvalidated; nutritional deficiency claims require clinical validation	dbSNP validation; GWAS replication; gnomAD frequency; nutritional science literature review; clinical validation	All genetic markers are externally unvalidated. No clinical, diagnostic, or treatment claims can be made. This is a candidate catalog for research review, not a clinical product. Nutritional deficiency claims require clinical validation and must not imply diagnosis or treatment recommendations.	 QC downgraded from Tier A to Tier C.
wg-1705	nutrition_metabolism	Nutrition & Metabolism	nutrition_deficiency_or_metabolism	Vitamin B2 Nutritional Requirement	Vitamin B2 Nutritional Association	1	rs1801133	ADA;ADAMTS1;ADH1B;ALDH2;APC;APOE;CHRNA;COMT;CYP4A1;CYP4A11;GNAS;IL1B;MMP9;MTHFR;MTRR;NLRP3;PER2;SELE;SYK	structured_catalog_unvalidated	dbSNP/Ensembl validation; HGNC gene validation; GWAS Catalog review; gnomAD population frequency; nutritional science literature review	no	yes	no	no	yes	yes	high	moderate	possible_consumer_with_strong_disclaimer_after_validation	no	all rsIDs are externally unvalidated; nutritional deficiency claims require clinical validation	dbSNP validation; GWAS replication; gnomAD frequency; nutritional science literature review; clinical validation	All genetic markers are externally unvalidated. No clinical, diagnostic, or treatment claims can be made. This is a candidate catalog for research review, not a clinical product. Nutritional deficiency claims require clinical validation and must not imply diagnosis or treatment recommendations.	 QC downgraded from Tier A to Tier C.
wg-1702	nutrition_metabolism	Nutrition & Metabolism	nutrition_deficiency_or_metabolism	Vitamin B6 Nutritional Requirement	Vitamin B6 Nutritional Association	2	rs1256335;rs4654748	ALPL;NBPF3	structured_catalog_unvalidated	dbSNP/Ensembl validation; HGNC gene validation; GWAS Catalog review; gnomAD population frequency; nutritional science literature review	no	yes	no	no	yes	yes	high	moderate	possible_consumer_with_strong_disclaimer_after_validation	no	all rsIDs are externally unvalidated; nutritional deficiency claims require clinical validation	dbSNP validation; GWAS replication; gnomAD frequency; nutritional science literature review; clinical validation	All genetic markers are externally unvalidated. No clinical, diagnostic, or treatment claims can be made. This is a candidate catalog for research review, not a clinical product. Nutritional deficiency claims require clinical validation and must not imply diagnosis or treatment recommendations.	 QC downgraded from Tier A to Tier C.
wg-1700	nutrition_metabolism	Nutrition & Metabolism	nutrition_deficiency_or_metabolism	Vitamin C Nutritional Requirement	Vitamin C Nutritional Association	4	rs11950;rs33972;rs6133175;rs6053005	SLC23A;SLC23A1;SLC23A2	structured_catalog_unvalidated	dbSNP/Ensembl validation; HGNC gene validation; GWAS Catalog review; gnomAD population frequency; nutritional science literature review	no	yes	no	no	yes	yes	high	moderate	possible_consumer_with_strong_disclaimer_after_validation	no	all rsIDs are externally unvalidated; nutritional deficiency claims require clinical validation	dbSNP validation; GWAS replication; gnomAD frequency; nutritional science literature review; clinical validation	All genetic markers are externally unvalidated. No clinical, diagnostic, or treatment claims can be made. This is a candidate catalog for research review, not a clinical product. Nutritional deficiency claims require clinical validation and must not imply diagnosis or treatment recommendations.	 QC downgraded from Tier A to Tier C.
wg-1703	nutrition_metabolism	Nutrition & Metabolism	nutrition_deficiency_or_metabolism	Vitamin D Nutritional Requirement	Vitamin D Nutritional Association	3	rs10877;rs1155563;rs12512631	CYP2R1;FGF21;METTL1;NADSYN1	structured_catalog_unvalidated	dbSNP/Ensembl validation; HGNC gene validation; GWAS Catalog review; gnomAD population frequency; nutritional science literature review	no	yes	no	no	yes	yes	high	moderate	possible_consumer_with_strong_disclaimer_after_validation	no	all rsIDs are externally unvalidated; nutritional deficiency claims require clinical validation	dbSNP validation; GWAS replication; gnomAD frequency; nutritional science literature review; clinical validation	All genetic markers are externally unvalidated. No clinical, diagnostic, or treatment claims can be made. This is a candidate catalog for research review, not a clinical product. Nutritional deficiency claims require clinical validation and must not imply diagnosis or treatment recommendations.	 QC downgraded from Tier A to Tier C.
wg-2091	genetic_disease	Disease Risk (Sensitive)	nutrition_deficiency_or_metabolism	Vitamin D-Dependent Rickets (VDDR)	Vitamin D-Dependent Rickets (VDDR)	3	rs121909790;rs121909793;rs121909797	CYP27B1;PHEX;VDR	structured_catalog_unvalidated	dbSNP/Ensembl validation; HGNC gene validation; GWAS Catalog review; gnomAD population frequency; nutritional science literature review	no	yes	no	no	yes	yes	moderate	moderate	possible_consumer_with_strong_disclaimer_after_validation	no	all rsIDs are externally unvalidated; nutritional deficiency claims require clinical validation	dbSNP validation; GWAS replication; gnomAD frequency; nutritional science literature review; clinical validation	All genetic markers are externally unvalidated. No clinical, diagnostic, or treatment claims can be made. This is a candidate catalog for research review, not a clinical product. Nutritional deficiency claims require clinical validation and must not imply diagnosis or treatment recommendations.	
wg-250	nutrition_metabolism	Nutrition & Metabolism	nutrition_deficiency_or_metabolism	Vitamin E Nutritional Requirement	Vitamin E Nutritional Association	3	rs964184;rs699407;rs2108622	CYP4F2;GCKR;VKORC1;ZPR1	structured_catalog_unvalidated	dbSNP/Ensembl validation; HGNC gene validation; GWAS Catalog review; gnomAD population frequency; nutritional science literature review	no	yes	no	no	yes	yes	high	moderate	possible_consumer_with_strong_disclaimer_after_validation	no	all rsIDs are externally unvalidated; nutritional deficiency claims require clinical validation	dbSNP validation; GWAS replication; gnomAD frequency; nutritional science literature review; clinical validation	All genetic markers are externally unvalidated. No clinical, diagnostic, or treatment claims can be made. This is a candidate catalog for research review, not a clinical product. Nutritional deficiency claims require clinical validation and must not imply diagnosis or treatment recommendations.	 QC downgraded from Tier A to Tier C.
wg-1701	nutrition_metabolism	Nutrition & Metabolism	nutrition_deficiency_or_metabolism	Vitamin K Nutritional Requirement	Vitamin K Nutritional Association	2	rs2108622;rs9923231	CYP4F2;VKORC1;ZPR1	structured_catalog_unvalidated	dbSNP/Ensembl validation; HGNC gene validation; GWAS Catalog review; gnomAD population frequency; nutritional science literature review	no	yes	no	no	yes	yes	high	moderate	possible_consumer_with_strong_disclaimer_after_validation	no	all rsIDs are externally unvalidated; nutritional deficiency claims require clinical validation	dbSNP validation; GWAS replication; gnomAD frequency; nutritional science literature review; clinical validation	All genetic markers are externally unvalidated. No clinical, diagnostic, or treatment claims can be made. This is a candidate catalog for research review, not a clinical product. Nutritional deficiency claims require clinical validation and must not imply diagnosis or treatment recommendations.	 QC downgraded from Tier A to Tier C.
wg-1704	nutrition_metabolism	Nutrition & Metabolism	nutrition_deficiency_or_metabolism	Zinc Nutritional Requirement	Zinc Nutritional Association	3	rs13266;rs11126936;rs233804	SLC30A;SLC30A8;SLC39A;SLC39A14;SLC39A8	structured_catalog_unvalidated	dbSNP/Ensembl validation; HGNC gene validation; GWAS Catalog review; gnomAD population frequency; nutritional science literature review	no	yes	no	no	yes	yes	high	moderate	possible_consumer_with_strong_disclaimer_after_validation	no	all rsIDs are externally unvalidated; nutritional deficiency claims require clinical validation	dbSNP validation; GWAS replication; gnomAD frequency; nutritional science literature review; clinical validation	All genetic markers are externally unvalidated. No clinical, diagnostic, or treatment claims can be made. This is a candidate catalog for research review, not a clinical product. Nutritional deficiency claims require clinical validation and must not imply diagnosis or treatment recommendations.	 QC downgraded from Tier A to Tier C.
wg-262	genetic_characteristics	Other/Unclassified	other_medical_sensitive	ABO Blood Group	ABO Blood Group	3	rs8176719;rs8176746;rs8176747	ABO;ATP2B4;OR51B5	structured_catalog_unvalidated	dbSNP/Ensembl validation; HGNC gene validation; GWAS Catalog review; ClinVar review; gnomAD population frequency	yes	yes	no	no	yes	yes	moderate	moderate	research_only	no	all rsIDs are externally unvalidated	dbSNP validation; ClinVar review; GWAS review; gnomAD frequency; literature review	All genetic markers are externally unvalidated. No clinical, diagnostic, or treatment claims can be made. This is a candidate catalog for research review, not a clinical product.	Module classification uncertain — requires manual review. QC downgraded from Tier A to Tier C.
wg-348	genetic_characteristics	Other/Unclassified	other_medical_sensitive	APOE Genotype	APOE Genotype	2	rs429358;rs7412	ABCA2;APOE;CADM2;FGF21;FUT2;GCH1;KCNJ15;MTHFR;PSEN1;SORL1;SYK	structured_catalog_unvalidated	dbSNP/Ensembl validation; HGNC gene validation; GWAS Catalog review; ClinVar review; gnomAD population frequency	yes	yes	no	no	yes	yes	moderate	moderate	research_only	no	all rsIDs are externally unvalidated	dbSNP validation; ClinVar review; GWAS review; gnomAD frequency; literature review	All genetic markers are externally unvalidated. No clinical, diagnostic, or treatment claims can be made. This is a candidate catalog for research review, not a clinical product.	Module classification uncertain — requires manual review. QC downgraded from Tier A to Tier C.
wg-1714	psychological_traits	Traits & Personality	other_medical_sensitive	Agreeableness	Agreeableness	3	rs32041;rs68327;rs2287826	IKBKAP	structured_catalog_unvalidated	dbSNP/Ensembl validation; HGNC gene validation; GWAS Catalog review; ClinVar review; gnomAD population frequency	yes	yes	no	no	yes	yes	moderate	moderate	research_only	no	all rsIDs are externally unvalidated	dbSNP validation; ClinVar review; GWAS review; gnomAD frequency; literature review	All genetic markers are externally unvalidated. No clinical, diagnostic, or treatment claims can be made. This is a candidate catalog for research review, not a clinical product.	Module classification uncertain — requires manual review. QC downgraded from Tier A to Tier D.
wg-1708	psychological_traits	Traits & Personality	other_medical_sensitive	Anti-Aggression	Anti-Aggression	4	rs53576;rs67706;rs11126630;rs1611115	CHRNA;CHRNA4;DBH;GATAD2B;MBD5;NTM;OR1S1;OXTR;RASSF1;RASSF10;TCF4	structured_catalog_unvalidated	dbSNP/Ensembl validation; HGNC gene validation; GWAS Catalog review; ClinVar review; gnomAD population frequency	yes	yes	no	no	yes	yes	moderate	moderate	research_only	no	all rsIDs are externally unvalidated	dbSNP validation; ClinVar review; GWAS review; gnomAD frequency; literature review	All genetic markers are externally unvalidated. No clinical, diagnostic, or treatment claims can be made. This is a candidate catalog for research review, not a clinical product.	Module classification uncertain — requires manual review. QC downgraded from Tier A to Tier D.
wg-1563	psychological_traits	Traits & Personality	other_medical_sensitive	Anti-Anxiety Ability	Anti-Anxiety Ability	5	rs62353;rs12637;rs46536;rs7973260;rs62100776	KSR2;MFHAS1;PINX1;THBS2	structured_catalog_unvalidated	dbSNP/Ensembl validation; HGNC gene validation; GWAS Catalog review; ClinVar review; gnomAD population frequency	yes	yes	no	no	yes	yes	moderate	moderate	research_only	no	all rsIDs are externally unvalidated	dbSNP validation; ClinVar review; GWAS review; gnomAD frequency; literature review	All genetic markers are externally unvalidated. No clinical, diagnostic, or treatment claims can be made. This is a candidate catalog for research review, not a clinical product.	Module classification uncertain — requires manual review. QC downgraded from Tier A to Tier C.
wg-1715	psychological_traits	Traits & Personality	other_medical_sensitive	Anti-Loneliness	Anti-Loneliness	5	rs10443;rs53576;rs11605;rs613872;rs2069117	CHRNA;CHRNA4;DBH;GATAD2B;MBD5;NTM;OR1S1;OXTR;RASSF1;RASSF10;TCF4	structured_catalog_unvalidated	dbSNP/Ensembl validation; HGNC gene validation; GWAS Catalog review; ClinVar review; gnomAD population frequency	yes	yes	no	no	yes	yes	moderate	moderate	research_only	no	all rsIDs are externally unvalidated	dbSNP validation; ClinVar review; GWAS review; gnomAD frequency; literature review	All genetic markers are externally unvalidated. No clinical, diagnostic, or treatment claims can be made. This is a candidate catalog for research review, not a clinical product.	Module classification uncertain — requires manual review. QC downgraded from Tier A to Tier C.
wg-2	genetic_characteristics	Other/Unclassified	other_medical_sensitive	Bitter Sensitivity	Bitter Sensitivity	1	rs713598	TAS2R3;TAS2R38	structured_catalog_unvalidated	dbSNP/Ensembl validation; HGNC gene validation; GWAS Catalog review; ClinVar review; gnomAD population frequency	yes	yes	no	no	yes	yes	moderate	moderate	research_only	no	all rsIDs are externally unvalidated	dbSNP validation; ClinVar review; GWAS review; gnomAD frequency; literature review	All genetic markers are externally unvalidated. No clinical, diagnostic, or treatment claims can be made. This is a candidate catalog for research review, not a clinical product.	Module classification uncertain — requires manual review. QC downgraded from Tier A to Tier C.
wg-1721	psychological_traits	Traits & Personality	other_medical_sensitive	Conscientiousness	Conscientiousness	2	rs13070781;rs2576037	KATNAL2	structured_catalog_unvalidated	dbSNP/Ensembl validation; HGNC gene validation; GWAS Catalog review; ClinVar review; gnomAD population frequency	yes	yes	no	no	yes	yes	moderate	moderate	research_only	no	all rsIDs are externally unvalidated	dbSNP validation; ClinVar review; GWAS review; gnomAD frequency; literature review	All genetic markers are externally unvalidated. No clinical, diagnostic, or treatment claims can be made. This is a candidate catalog for research review, not a clinical product.	Module classification uncertain — requires manual review. QC downgraded from Tier A to Tier D.
wg-1562	psychological_traits	Traits & Personality	other_medical_sensitive	Delayed Gratification	Delayed Gratification	4	rs37564;rs37736;rs4680;rs324420	COMT;DARS2;DRD3;FAAH;GPM6B;MAML3;MTHFR;RABGAP1;RAPGEF6;RERE;SLC6A3	structured_catalog_unvalidated	dbSNP/Ensembl validation; HGNC gene validation; GWAS Catalog review; ClinVar review; gnomAD population frequency	yes	yes	no	no	yes	yes	moderate	moderate	research_only	no	all rsIDs are externally unvalidated	dbSNP validation; ClinVar review; GWAS review; gnomAD frequency; literature review	All genetic markers are externally unvalidated. No clinical, diagnostic, or treatment claims can be made. This is a candidate catalog for research review, not a clinical product.	Module classification uncertain — requires manual review. QC downgraded from Tier A to Tier D.
wg-2287	genetic_tendency	Other/Unclassified	other_medical_sensitive	Educational Attainment	Educational Attainment	4	rs94615;rs10930013;rs7708343;rs11191157	FBXL17;TANK	structured_catalog_unvalidated	dbSNP/Ensembl validation; HGNC gene validation; GWAS Catalog review; ClinVar review; gnomAD population frequency	yes	yes	no	no	yes	yes	moderate	moderate	research_only	no	all rsIDs are externally unvalidated	dbSNP validation; ClinVar review; GWAS review; gnomAD frequency; literature review	All genetic markers are externally unvalidated. No clinical, diagnostic, or treatment claims can be made. This is a candidate catalog for research review, not a clinical product.	Module classification uncertain — requires manual review. QC downgraded from Tier A to Tier D.
wg-1559	psychological_traits	Traits & Personality	other_medical_sensitive	Emotional Stability	Emotional Stability	6	rs12421;rs66067;rs68820;rs2921036;rs10097870;rs2953805	CACNA1E;DOCK3;MFHAS1;MSRA;MYO1H	structured_catalog_unvalidated	dbSNP/Ensembl validation; HGNC gene validation; GWAS Catalog review; ClinVar review; gnomAD population frequency	yes	yes	no	no	yes	yes	moderate	moderate	research_only	no	all rsIDs are externally unvalidated	dbSNP validation; ClinVar review; GWAS review; gnomAD frequency; literature review	All genetic markers are externally unvalidated. No clinical, diagnostic, or treatment claims can be made. This is a candidate catalog for research review, not a clinical product.	Module classification uncertain — requires manual review. QC downgraded from Tier A to Tier D.
wg-1560	psychological_traits	Traits & Personality	other_medical_sensitive	Empathy	Empathy	4	rs53576;rs11410;rs76891664;rs11264567	CHRNA;CHRNA4;DBH;GATAD2B;MBD5;NTM;OR1S1;OXTR;RASSF1;RASSF10;TCF4	structured_catalog_unvalidated	dbSNP/Ensembl validation; HGNC gene validation; GWAS Catalog review; ClinVar review; gnomAD population frequency	yes	yes	no	no	yes	yes	moderate	moderate	research_only	no	all rsIDs are externally unvalidated	dbSNP validation; ClinVar review; GWAS review; gnomAD frequency; literature review	All genetic markers are externally unvalidated. No clinical, diagnostic, or treatment claims can be made. This is a candidate catalog for research review, not a clinical product.	Module classification uncertain — requires manual review. QC downgraded from Tier A to Tier D.
wg-1723	psychological_traits	Traits & Personality	other_medical_sensitive	Episodic Memory Ability	Episodic Memory Ability	2	rs17070145;rs7594645	APOC1;BAIAP2;BDNF;CLSTN2;FASTKD2;WWC1	structured_catalog_unvalidated	dbSNP/Ensembl validation; HGNC gene validation; GWAS Catalog review; ClinVar review; gnomAD population frequency	yes	yes	no	no	yes	yes	moderate	moderate	research_only	no	all rsIDs are externally unvalidated	dbSNP validation; ClinVar review; GWAS review; gnomAD frequency; literature review	All genetic markers are externally unvalidated. No clinical, diagnostic, or treatment claims can be made. This is a candidate catalog for research review, not a clinical product.	Module classification uncertain — requires manual review. QC downgraded from Tier A to Tier D.
wg-1712	psychological_traits	Traits & Personality	other_medical_sensitive	Extraversion	Extraversion	3	rs79220;rs17147371;rs11103814	CRTAC1;GRIA4	structured_catalog_unvalidated	dbSNP/Ensembl validation; HGNC gene validation; GWAS Catalog review; ClinVar review; gnomAD population frequency	yes	yes	no	no	yes	yes	moderate	moderate	research_only	no	all rsIDs are externally unvalidated	dbSNP validation; ClinVar review; GWAS review; gnomAD frequency; literature review	All genetic markers are externally unvalidated. No clinical, diagnostic, or treatment claims can be made. This is a candidate catalog for research review, not a clinical product.	Module classification uncertain — requires manual review. QC downgraded from Tier A to Tier D.
wg-2304	genetic_tendency	Other/Unclassified	other_medical_sensitive	Leadership Ability​​	Leadership Ability​​	3	rs984849;rs1487441;rs4977839		structured_catalog_unvalidated	dbSNP/Ensembl validation; HGNC gene validation; GWAS Catalog review; ClinVar review; gnomAD population frequency	yes	yes	no	no	yes	yes	moderate	moderate	research_only	no	all rsIDs are externally unvalidated	dbSNP validation; ClinVar review; GWAS review; gnomAD frequency; literature review	All genetic markers are externally unvalidated. No clinical, diagnostic, or treatment claims can be made. This is a candidate catalog for research review, not a clinical product.	Module classification uncertain — requires manual review. QC downgraded from Tier A to Tier D.
wg-2285	genetic_tendency	Other/Unclassified	other_medical_sensitive	Leisure Screen Time	Leisure Screen Time	7	rs13107;rs70671;rs76267;rs1375561;rs11074658;rs34864022;rs4889530	AIF1;BCL11A;FTO;PJA1;PPARD;PVRL2;SLC39A;SLC39A8	structured_catalog_unvalidated	dbSNP/Ensembl validation; HGNC gene validation; GWAS Catalog review; ClinVar review; gnomAD population frequency	yes	yes	no	no	yes	yes	moderate	moderate	research_only	no	all rsIDs are externally unvalidated	dbSNP validation; ClinVar review; GWAS review; gnomAD frequency; literature review	All genetic markers are externally unvalidated. No clinical, diagnostic, or treatment claims can be made. This is a candidate catalog for research review, not a clinical product.	Module classification uncertain — requires manual review. QC downgraded from Tier A to Tier D.
wg-2303	genetic_tendency	Traits & Personality	other_medical_sensitive	Non-Cognitive Educational Attainment	Non-Cognitive Educational Attainment	6	rs16164;rs13017;rs48862;rs7613360;rs7834364;rs4909561	DUSP13;HTT;NRXN1	structured_catalog_unvalidated	dbSNP/Ensembl validation; HGNC gene validation; GWAS Catalog review; ClinVar review; gnomAD population frequency	yes	yes	no	no	yes	yes	moderate	moderate	research_only	no	all rsIDs are externally unvalidated	dbSNP validation; ClinVar review; GWAS review; gnomAD frequency; literature review	All genetic markers are externally unvalidated. No clinical, diagnostic, or treatment claims can be made. This is a candidate catalog for research review, not a clinical product.	Module classification uncertain — requires manual review. QC downgraded from Tier A to Tier D.
wg-1713	psychological_traits	Traits & Personality	other_medical_sensitive	Nonconformity	Nonconformity	4	rs10062;rs13170;rs2619056;rs2056708	ARL10;CCDC1;CCDC146	structured_catalog_unvalidated	dbSNP/Ensembl validation; HGNC gene validation; GWAS Catalog review; ClinVar review; gnomAD population frequency	yes	yes	no	no	yes	yes	moderate	moderate	research_only	no	all rsIDs are externally unvalidated	dbSNP validation; ClinVar review; GWAS review; gnomAD frequency; literature review	All genetic markers are externally unvalidated. No clinical, diagnostic, or treatment claims can be made. This is a candidate catalog for research review, not a clinical product.	Module classification uncertain — requires manual review. QC downgraded from Tier A to Tier D.
wg-2300	genetic_tendency	Other/Unclassified	other_medical_sensitive	Occupational Artistic Creativity	Occupational Artistic Creativity	1	rs4800011		structured_catalog_unvalidated	dbSNP/Ensembl validation; HGNC gene validation; GWAS Catalog review; ClinVar review; gnomAD population frequency	yes	yes	no	no	yes	yes	moderate	moderate	research_only	no	all rsIDs are externally unvalidated	dbSNP validation; ClinVar review; GWAS review; gnomAD frequency; literature review	All genetic markers are externally unvalidated. No clinical, diagnostic, or treatment claims can be made. This is a candidate catalog for research review, not a clinical product.	Module classification uncertain — requires manual review. QC downgraded from Tier A to Tier D.
wg-2298	genetic_tendency	Other/Unclassified	other_medical_sensitive	Occupational Attainment	Occupational Attainment	6	rs76340;rs75344;rs27260;rs3741368;rs9375188;rs1455351	CD248;SKA2	structured_catalog_unvalidated	dbSNP/Ensembl validation; HGNC gene validation; GWAS Catalog review; ClinVar review; gnomAD population frequency	yes	yes	no	no	yes	yes	moderate	moderate	research_only	no	all rsIDs are externally unvalidated	dbSNP validation; ClinVar review; GWAS review; gnomAD frequency; literature review	All genetic markers are externally unvalidated. No clinical, diagnostic, or treatment claims can be made. This is a candidate catalog for research review, not a clinical product.	Module classification uncertain — requires manual review. QC downgraded from Tier A to Tier D.
wg-2294	genetic_tendency	Other/Unclassified	other_medical_sensitive	Occupational Scientific Creativity	Occupational Scientific Creativity	3	rs720066;rs2613492;rs9387963		structured_catalog_unvalidated	dbSNP/Ensembl validation; HGNC gene validation; GWAS Catalog review; ClinVar review; gnomAD population frequency	yes	yes	no	no	yes	yes	moderate	moderate	research_only	no	all rsIDs are externally unvalidated	dbSNP validation; ClinVar review; GWAS review; gnomAD frequency; literature review	All genetic markers are externally unvalidated. No clinical, diagnostic, or treatment claims can be made. This is a candidate catalog for research review, not a clinical product.	Module classification uncertain — requires manual review. QC downgraded from Tier A to Tier D.
wg-1722	psychological_traits	Traits & Personality	other_medical_sensitive	Openness	Openness	3	rs67703;rs10966;rs11685318		structured_catalog_unvalidated	dbSNP/Ensembl validation; HGNC gene validation; GWAS Catalog review; ClinVar review; gnomAD population frequency	yes	yes	no	no	yes	yes	moderate	moderate	research_only	no	all rsIDs are externally unvalidated	dbSNP validation; ClinVar review; GWAS review; gnomAD frequency; literature review	All genetic markers are externally unvalidated. No clinical, diagnostic, or treatment claims can be made. This is a candidate catalog for research review, not a clinical product.	Module classification uncertain — requires manual review. QC downgraded from Tier A to Tier D.
wg-1718	psychological_traits	Traits & Personality	other_medical_sensitive	Positive Emotion	Positive Emotion	1	rs322931		structured_catalog_unvalidated	dbSNP/Ensembl validation; HGNC gene validation; GWAS Catalog review; ClinVar review; gnomAD population frequency	yes	yes	no	no	yes	yes	moderate	moderate	research_only	no	all rsIDs are externally unvalidated	dbSNP validation; ClinVar review; GWAS review; gnomAD frequency; literature review	All genetic markers are externally unvalidated. No clinical, diagnostic, or treatment claims can be made. This is a candidate catalog for research review, not a clinical product.	Module classification uncertain — requires manual review. QC downgraded from Tier A to Tier D.
wg-1561	psychological_traits	Traits & Personality	other_medical_sensitive	Resistance to Job Burnout	Resistance to Job Burnout	3	rs6265;rs13219957;rs12506228	APOC1;BAIAP2;BDNF;CLSTN2;HTR2A;PRNP;SORL1;UST;WWC1	structured_catalog_unvalidated	dbSNP/Ensembl validation; HGNC gene validation; GWAS Catalog review; ClinVar review; gnomAD population frequency	yes	yes	no	no	yes	yes	moderate	moderate	research_only	no	all rsIDs are externally unvalidated	dbSNP validation; ClinVar review; GWAS review; gnomAD frequency; literature review	All genetic markers are externally unvalidated. No clinical, diagnostic, or treatment claims can be made. This is a candidate catalog for research review, not a clinical product.	Module classification uncertain — requires manual review. QC downgraded from Tier A to Tier C.
wg-1709	psychological_traits	Traits & Personality	other_medical_sensitive	Social Communication Ability	Social Communication Ability	5	rs23529;rs37611;rs44537;rs6295;rs9257616	HTR1A	structured_catalog_unvalidated	dbSNP/Ensembl validation; HGNC gene validation; GWAS Catalog review; ClinVar review; gnomAD population frequency	yes	yes	no	no	yes	yes	moderate	moderate	research_only	no	all rsIDs are externally unvalidated	dbSNP validation; ClinVar review; GWAS review; gnomAD frequency; literature review	All genetic markers are externally unvalidated. No clinical, diagnostic, or treatment claims can be made. This is a candidate catalog for research review, not a clinical product.	Module classification uncertain — requires manual review. QC downgraded from Tier A to Tier D.
wg-1717	psychological_traits	Traits & Personality	other_medical_sensitive	Spatial Memory Ability	Spatial Memory Ability	4	rs6265;rs494157;rs1799990;rs3824968	APOC1;BAIAP2;BDNF;CLSTN2;HTR2A;PRNP;SORL1;UST;WWC1	structured_catalog_unvalidated	dbSNP/Ensembl validation; HGNC gene validation; GWAS Catalog review; ClinVar review; gnomAD population frequency	yes	yes	no	no	yes	yes	moderate	moderate	research_only	no	all rsIDs are externally unvalidated	dbSNP validation; ClinVar review; GWAS review; gnomAD frequency; literature review	All genetic markers are externally unvalidated. No clinical, diagnostic, or treatment claims can be made. This is a candidate catalog for research review, not a clinical product.	Module classification uncertain — requires manual review. QC downgraded from Tier A to Tier D.
wg-2286	genetic_tendency	Other/Unclassified	other_medical_sensitive	Stool Frequency​​	Stool Frequency​​	6	rs12273;rs45560;rs11176;rs6756973;rs3827760;rs74030209	EDAR;FAM227A;ITGA8;MUC12;NFATC2;WNT10;WNT10A;ZFHX3	structured_catalog_unvalidated	dbSNP/Ensembl validation; HGNC gene validation; GWAS Catalog review; ClinVar review; gnomAD population frequency	yes	yes	no	no	yes	yes	moderate	moderate	research_only	no	all rsIDs are externally unvalidated	dbSNP validation; ClinVar review; GWAS review; gnomAD frequency; literature review	All genetic markers are externally unvalidated. No clinical, diagnostic, or treatment claims can be made. This is a candidate catalog for research review, not a clinical product.	Module classification uncertain — requires manual review. QC downgraded from Tier A to Tier C.
wg-1719	psychological_traits	Traits & Personality	other_medical_sensitive	Stress Handling Ability	Stress Handling Ability	5	rs3800373;rs1360780;rs1109089;rs1884641;rs2074997	BCR;CYB561A3;FKBP5;RHEB;SORCS3	structured_catalog_unvalidated	dbSNP/Ensembl validation; HGNC gene validation; GWAS Catalog review; ClinVar review; gnomAD population frequency	yes	yes	no	no	yes	yes	moderate	moderate	research_only	no	all rsIDs are externally unvalidated	dbSNP validation; ClinVar review; GWAS review; gnomAD frequency; literature review	All genetic markers are externally unvalidated. No clinical, diagnostic, or treatment claims can be made. This is a candidate catalog for research review, not a clinical product.	Module classification uncertain — requires manual review. QC downgraded from Tier A to Tier C.
wg-1557	psychological_traits	Traits & Personality	other_medical_sensitive	Subjective Well-being	Subjective Well-being	5	rs10795;rs68355;rs4680;rs324420;rs3756290	COMT;DARS2;DRD3;FAAH;GPM6B;MAML3;MTHFR;RABGAP1;RAPGEF6;RERE;SLC6A3	structured_catalog_unvalidated	dbSNP/Ensembl validation; HGNC gene validation; GWAS Catalog review; ClinVar review; gnomAD population frequency	yes	yes	no	no	yes	yes	moderate	moderate	research_only	no	all rsIDs are externally unvalidated	dbSNP validation; ClinVar review; GWAS review; gnomAD frequency; literature review	All genetic markers are externally unvalidated. No clinical, diagnostic, or treatment claims can be made. This is a candidate catalog for research review, not a clinical product.	Module classification uncertain — requires manual review. QC downgraded from Tier A to Tier D.
wg-170	genetic_tendency	Other/Unclassified	other_medical_sensitive	Tendency to Avoid Mistakes May be good at avoiding mistakes	Tendency to Avoid Mistakes May be good at avoiding mistakes	1	rs1800497	ANKK1	structured_catalog_unvalidated	dbSNP/Ensembl validation; HGNC gene validation; GWAS Catalog review; ClinVar review; gnomAD population frequency	yes	yes	no	no	yes	yes	moderate	moderate	research_only	no	all rsIDs are externally unvalidated	dbSNP validation; ClinVar review; GWAS review; gnomAD frequency; literature review	All genetic markers are externally unvalidated. No clinical, diagnostic, or treatment claims can be made. This is a candidate catalog for research review, not a clinical product.	Module classification uncertain — requires manual review. QC downgraded from Tier A to Tier D.
wg-1724	psychological_traits	Traits & Personality	other_medical_sensitive	Verbal Memory Ability	Verbal Memory Ability	5	rs44206;rs6265;rs64398;rs17070145;rs283815	APOC1;BAIAP2;BDNF;CLSTN2;FASTKD2;HTR2A;PRNP;SORL1;UST;WWC1	structured_catalog_unvalidated	dbSNP/Ensembl validation; HGNC gene validation; GWAS Catalog review; ClinVar review; gnomAD population frequency	yes	yes	no	no	yes	yes	moderate	moderate	research_only	no	all rsIDs are externally unvalidated	dbSNP validation; ClinVar review; GWAS review; gnomAD frequency; literature review	All genetic markers are externally unvalidated. No clinical, diagnostic, or treatment claims can be made. This is a candidate catalog for research review, not a clinical product.	Module classification uncertain — requires manual review. QC downgraded from Tier A to Tier D.
wg-52	health_risk	Disease Risk (Sensitive)	pharmacogenomics	Alcohol Dependence	Alcohol Dependence	6	rs2673136;rs1229984;rs2066702;rs27072;rs7590720;rs492602	ADH1B;ADH1C;ALDH2;CYP1A1;EPHX1;ERAP1;HCP5;IL12B;IL23R;MIR1273;MIR1273H;SLC6A3;TAS2R38;TYK2	structured_catalog_unvalidated	dbSNP/Ensembl validation; HGNC gene validation; ClinVar review; PharmGKB annotation; CPIC guideline review; gnomAD population frequency	yes	yes	yes	yes	yes	yes	high	high	clinician_review_required	no	all rsIDs are externally unvalidated; drug response claims require PharmGKB/CPIC validation and clinical oversight	dbSNP validation; PharmGKB annotation; CPIC guidelines; ClinVar review; clinical pharmacology review; regulatory approval	All genetic markers are externally unvalidated. No clinical, diagnostic, or treatment claims can be made. This is a candidate catalog for research review, not a clinical product. Pharmacogenomic claims require PharmGKB/CPIC annotation, clinical pharmacology review, and regulatory approval.	
wg-1	genetic_characteristics	Substance Response (Sensitive)	pharmacogenomics	Alcohol Flushing	Alcohol Flushing	1	rs671	ADH1B;ADH1C;ALDH2;APC;APOE;CYP1A1;EPHX1;GSTP1;HMBS;MIF;MTHFR;PNPLA3;SERPINA1	structured_catalog_unvalidated	dbSNP/Ensembl validation; HGNC gene validation; ClinVar review; PharmGKB annotation; CPIC guideline review; gnomAD population frequency	yes	yes	yes	yes	yes	yes	high	high	clinician_review_required	no	all rsIDs are externally unvalidated; drug response claims require PharmGKB/CPIC validation and clinical oversight	dbSNP validation; PharmGKB annotation; CPIC guidelines; ClinVar review; clinical pharmacology review; regulatory approval	All genetic markers are externally unvalidated. No clinical, diagnostic, or treatment claims can be made. This is a candidate catalog for research review, not a clinical product. Pharmacogenomic claims require PharmGKB/CPIC annotation, clinical pharmacology review, and regulatory approval.	
wg-249	nutrition_metabolism	Substance Response (Sensitive)	pharmacogenomics	Alcohol Metabolism	Alcohol Metabolism Pattern	3	rs671;rs1229984;rs2066702	ADH1B;ADH1C;ALDH2;APC;APOE;CYP1A1;EPHX1;GSTP1;HMBS;MIF;MIR1273;MIR1273H;MTHFR;PNPLA3;SERPINA1;SLC6A3;TAS2R38	structured_catalog_unvalidated	dbSNP/Ensembl validation; HGNC gene validation; ClinVar review; PharmGKB annotation; CPIC guideline review; gnomAD population frequency	yes	yes	yes	yes	yes	yes	high	high	clinician_review_required	no	all rsIDs are externally unvalidated; drug response claims require PharmGKB/CPIC validation and clinical oversight	dbSNP validation; PharmGKB annotation; CPIC guidelines; ClinVar review; clinical pharmacology review; regulatory approval	All genetic markers are externally unvalidated. No clinical, diagnostic, or treatment claims can be made. This is a candidate catalog for research review, not a clinical product. Pharmacogenomic claims require PharmGKB/CPIC annotation, clinical pharmacology review, and regulatory approval.	
wg-1647	health_risk	Disease Risk (Sensitive)	pharmacogenomics	Alcoholic Fatty Liver Disease (AFLD)	Alcoholic Fatty Liver Disease (AFLD) (Genetic Association, Not Diagnostic)	3	rs738409;rs58542926;rs626283	AGTR1;ALDH2;APOE;C2;EFCAB11;HMBS;KIF1B;MICA;PNPLA3;PPARGC1A;SERPINA1;STAT4;TM6SF2	structured_catalog_unvalidated	dbSNP/Ensembl validation; HGNC gene validation; ClinVar review; PharmGKB annotation; CPIC guideline review; gnomAD population frequency	yes	yes	yes	yes	yes	yes	high	high	clinician_review_required	no	all rsIDs are externally unvalidated; drug response claims require PharmGKB/CPIC validation and clinical oversight	dbSNP validation; PharmGKB annotation; CPIC guidelines; ClinVar review; clinical pharmacology review; regulatory approval	All genetic markers are externally unvalidated. No clinical, diagnostic, or treatment claims can be made. This is a candidate catalog for research review, not a clinical product. Pharmacogenomic claims require PharmGKB/CPIC annotation, clinical pharmacology review, and regulatory approval.	
wg-22	nutrition_metabolism	Nutrition & Metabolism	pharmacogenomics	Caffeine Metabolism	Caffeine Metabolism Pattern	1	rs762551	CYP1A2	structured_catalog_unvalidated	dbSNP/Ensembl validation; HGNC gene validation; ClinVar review; PharmGKB annotation; CPIC guideline review; gnomAD population frequency	yes	yes	yes	yes	yes	yes	high	high	clinician_review_required	no	all rsIDs are externally unvalidated; drug response claims require PharmGKB/CPIC validation and clinical oversight	dbSNP validation; PharmGKB annotation; CPIC guidelines; ClinVar review; clinical pharmacology review; regulatory approval	All genetic markers are externally unvalidated. No clinical, diagnostic, or treatment claims can be made. This is a candidate catalog for research review, not a clinical product. Pharmacogenomic claims require PharmGKB/CPIC annotation, clinical pharmacology review, and regulatory approval.	 QC downgraded from Tier A to Tier C.
wg-195	genetic_disease	Disease Risk (Sensitive)	pharmacogenomics	Hereditary Fructose Intolerance	Hereditary Fructose Intolerance	3	rs1800546;rs78340951;rs387906225	ALDOB	structured_catalog_unvalidated	dbSNP/Ensembl validation; HGNC gene validation; ClinVar review; PharmGKB annotation; CPIC guideline review; gnomAD population frequency	yes	yes	yes	yes	yes	yes	high	high	clinician_review_required	no	all rsIDs are externally unvalidated; drug response claims require PharmGKB/CPIC validation and clinical oversight	dbSNP validation; PharmGKB annotation; CPIC guidelines; ClinVar review; clinical pharmacology review; regulatory approval	All genetic markers are externally unvalidated. No clinical, diagnostic, or treatment claims can be made. This is a candidate catalog for research review, not a clinical product. Pharmacogenomic claims require PharmGKB/CPIC annotation, clinical pharmacology review, and regulatory approval.	
wg-5	nutrition_metabolism	Nutrition & Metabolism	pharmacogenomics	Lactose Metabolism	Lactose Metabolism Pattern	2	rs4988235;rs182549	MAPKA;MAPKAP1;MCM6;P1	structured_catalog_unvalidated	dbSNP/Ensembl validation; HGNC gene validation; ClinVar review; PharmGKB annotation; CPIC guideline review; gnomAD population frequency	yes	yes	yes	yes	yes	yes	high	high	clinician_review_required	no	all rsIDs are externally unvalidated; drug response claims require PharmGKB/CPIC validation and clinical oversight	dbSNP validation; PharmGKB annotation; CPIC guidelines; ClinVar review; clinical pharmacology review; regulatory approval	All genetic markers are externally unvalidated. No clinical, diagnostic, or treatment claims can be made. This is a candidate catalog for research review, not a clinical product. Pharmacogenomic claims require PharmGKB/CPIC annotation, clinical pharmacology review, and regulatory approval.	 QC downgraded from Tier A to Tier C.
wg-2292	dietary_preference	Nutrition & Metabolism	pharmacogenomics	Leisure Computer Use Preference​	Leisure Computer Use Preference​	6	rs27348;rs11385;rs93726;rs10208088;rs6905544;rs2748985	ANKK1;EXOC4;SEMA6D	structured_catalog_unvalidated	dbSNP/Ensembl validation; HGNC gene validation; ClinVar review; PharmGKB annotation; CPIC guideline review; gnomAD population frequency	yes	yes	yes	yes	yes	yes	high	high	clinician_review_required	no	all rsIDs are externally unvalidated; drug response claims require PharmGKB/CPIC validation and clinical oversight	dbSNP validation; PharmGKB annotation; CPIC guidelines; ClinVar review; clinical pharmacology review; regulatory approval	All genetic markers are externally unvalidated. No clinical, diagnostic, or treatment claims can be made. This is a candidate catalog for research review, not a clinical product. Pharmacogenomic claims require PharmGKB/CPIC annotation, clinical pharmacology review, and regulatory approval.	 QC downgraded from Tier A to Tier D.
wg-2293	dietary_preference	Nutrition & Metabolism	pharmacogenomics	Leisure TV Watching Preference​	Leisure TV Watching Preference​	6	rs10876;rs11245;rs62379;rs7788008;rs10947452;rs2034768	BCL11A;CTBP2;HELZ;HMGA2	structured_catalog_unvalidated	dbSNP/Ensembl validation; HGNC gene validation; ClinVar review; PharmGKB annotation; CPIC guideline review; gnomAD population frequency	yes	yes	yes	yes	yes	yes	high	high	clinician_review_required	no	all rsIDs are externally unvalidated; drug response claims require PharmGKB/CPIC validation and clinical oversight	dbSNP validation; PharmGKB annotation; CPIC guidelines; ClinVar review; clinical pharmacology review; regulatory approval	All genetic markers are externally unvalidated. No clinical, diagnostic, or treatment claims can be made. This is a candidate catalog for research review, not a clinical product. Pharmacogenomic claims require PharmGKB/CPIC annotation, clinical pharmacology review, and regulatory approval.	 QC downgraded from Tier A to Tier D.
wg-2279	dietary_preference	Nutrition & Metabolism	pharmacogenomics	Long Sleep Preference​	Long Sleep Preference​	5	rs17427;rs20502;rs113851554;rs8050478;rs1517572	MAPKAP1;OLFM2;RBFOX1;SHISA6	structured_catalog_unvalidated	dbSNP/Ensembl validation; HGNC gene validation; ClinVar review; PharmGKB annotation; CPIC guideline review; gnomAD population frequency	yes	yes	yes	yes	yes	yes	high	high	clinician_review_required	no	all rsIDs are externally unvalidated; drug response claims require PharmGKB/CPIC validation and clinical oversight	dbSNP validation; PharmGKB annotation; CPIC guidelines; ClinVar review; clinical pharmacology review; regulatory approval	All genetic markers are externally unvalidated. No clinical, diagnostic, or treatment claims can be made. This is a candidate catalog for research review, not a clinical product. Pharmacogenomic claims require PharmGKB/CPIC annotation, clinical pharmacology review, and regulatory approval.	 QC downgraded from Tier A to Tier D.
wg-2288	dietary_preference	Nutrition & Metabolism	pharmacogenomics	Morningness Preference​​	Morningness Preference​​	6	rs10838;rs37966;rs46666;rs909757;rs75120545;rs6727752	HCRTR2;MADD;PLCL1	structured_catalog_unvalidated	dbSNP/Ensembl validation; HGNC gene validation; ClinVar review; PharmGKB annotation; CPIC guideline review; gnomAD population frequency	yes	yes	yes	yes	yes	yes	high	high	clinician_review_required	no	all rsIDs are externally unvalidated; drug response claims require PharmGKB/CPIC validation and clinical oversight	dbSNP validation; PharmGKB annotation; CPIC guidelines; ClinVar review; clinical pharmacology review; regulatory approval	All genetic markers are externally unvalidated. No clinical, diagnostic, or treatment claims can be made. This is a candidate catalog for research review, not a clinical product. Pharmacogenomic claims require PharmGKB/CPIC annotation, clinical pharmacology review, and regulatory approval.	 QC downgraded from Tier A to Tier D.
wg-2280	dietary_preference	Nutrition & Metabolism	pharmacogenomics	Nap Preference​	Nap Preference​	6	rs17454;rs35039;rs13263;rs2893323;rs9389556;rs528301822	ECE2;ZBTB5;ZHX3	structured_catalog_unvalidated	dbSNP/Ensembl validation; HGNC gene validation; ClinVar review; PharmGKB annotation; CPIC guideline review; gnomAD population frequency	yes	yes	yes	yes	yes	yes	high	high	clinician_review_required	no	all rsIDs are externally unvalidated; drug response claims require PharmGKB/CPIC validation and clinical oversight	dbSNP validation; PharmGKB annotation; CPIC guidelines; ClinVar review; clinical pharmacology review; regulatory approval	All genetic markers are externally unvalidated. No clinical, diagnostic, or treatment claims can be made. This is a candidate catalog for research review, not a clinical product. Pharmacogenomic claims require PharmGKB/CPIC annotation, clinical pharmacology review, and regulatory approval.	 QC downgraded from Tier A to Tier D.
wg-77	health_risk	Disease Risk (Sensitive)	pharmacogenomics	Nicotine Dependence	Nicotine Dependence	7	rs910083;rs4648317;rs16969968;rs1051730;rs806368;rs1044396;rs10485057	CHRNA3;CHRNA4;CHRNA5;CNR1;DRD2;F5;LPL;OPRM1;PTPN11	structured_catalog_unvalidated	dbSNP/Ensembl validation; HGNC gene validation; ClinVar review; PharmGKB annotation; CPIC guideline review; gnomAD population frequency	yes	yes	yes	yes	yes	yes	high	high	clinician_review_required	no	all rsIDs are externally unvalidated; drug response claims require PharmGKB/CPIC validation and clinical oversight	dbSNP validation; PharmGKB annotation; CPIC guidelines; ClinVar review; clinical pharmacology review; regulatory approval	All genetic markers are externally unvalidated. No clinical, diagnostic, or treatment claims can be made. This is a candidate catalog for research review, not a clinical product. Pharmacogenomic claims require PharmGKB/CPIC annotation, clinical pharmacology review, and regulatory approval.	
wg-136	health_risk	Disease Risk (Sensitive)	pharmacogenomics	Non-Alcoholic Fatty Liver Disease (NAFLD)	Non-Alcoholic Fatty Liver Disease (NAFLD) (Genetic Association, Not Diagnostic)	6	rs17216588;rs1260326;rs2290602;rs58542926;rs8107974;rs3772622	ABCG8;AGTR1;ALDH2;APOE;C2;EFCAB11;GCKR;HMBS;KIF1B;MICA;PNPLA3;PPARGC1A;SERPINA1;SLC10A2;STAT4;TM6SF2;UGT1A1;ZPR1	structured_catalog_unvalidated	dbSNP/Ensembl validation; HGNC gene validation; ClinVar review; PharmGKB annotation; CPIC guideline review; gnomAD population frequency	yes	yes	yes	yes	yes	yes	high	high	clinician_review_required	no	all rsIDs are externally unvalidated; drug response claims require PharmGKB/CPIC validation and clinical oversight	dbSNP validation; PharmGKB annotation; CPIC guidelines; ClinVar review; clinical pharmacology review; regulatory approval	All genetic markers are externally unvalidated. No clinical, diagnostic, or treatment claims can be made. This is a candidate catalog for research review, not a clinical product. Pharmacogenomic claims require PharmGKB/CPIC annotation, clinical pharmacology review, and regulatory approval.	
wg-1558	psychological_traits	Disease Risk (Sensitive)	pharmacogenomics	Risk Tolerance	Risk Tolerance	5	rs10519;rs20034;rs24096;rs13084531;rs9379971	BMP3;CGREF1;EPHA5;STAG1;TBC1D5;ZBTB10	structured_catalog_unvalidated	dbSNP/Ensembl validation; HGNC gene validation; ClinVar review; PharmGKB annotation; CPIC guideline review; gnomAD population frequency	yes	yes	yes	yes	yes	yes	high	high	clinician_review_required	no	all rsIDs are externally unvalidated; drug response claims require PharmGKB/CPIC validation and clinical oversight	dbSNP validation; PharmGKB annotation; CPIC guidelines; ClinVar review; clinical pharmacology review; regulatory approval	All genetic markers are externally unvalidated. No clinical, diagnostic, or treatment claims can be made. This is a candidate catalog for research review, not a clinical product. Pharmacogenomic claims require PharmGKB/CPIC annotation, clinical pharmacology review, and regulatory approval.	
wg-2278	dietary_preference	Nutrition & Metabolism	pharmacogenomics	Sedentary Preference​​	Sedentary Preference​​	5	rs18582;rs34858;rs4596363;rs4518438;rs8450	CRTC2;MEF2C	structured_catalog_unvalidated	dbSNP/Ensembl validation; HGNC gene validation; ClinVar review; PharmGKB annotation; CPIC guideline review; gnomAD population frequency	yes	yes	yes	yes	yes	yes	high	high	clinician_review_required	no	all rsIDs are externally unvalidated; drug response claims require PharmGKB/CPIC validation and clinical oversight	dbSNP validation; PharmGKB annotation; CPIC guidelines; ClinVar review; clinical pharmacology review; regulatory approval	All genetic markers are externally unvalidated. No clinical, diagnostic, or treatment claims can be made. This is a candidate catalog for research review, not a clinical product. Pharmacogenomic claims require PharmGKB/CPIC annotation, clinical pharmacology review, and regulatory approval.	 QC downgraded from Tier A to Tier D.
wg-12	genetic_characteristics	Substance Response (Sensitive)	pharmacogenomics	Smoking Behaviors	Smoking Behaviors	1	rs1051730	CHRNA3;CHRNA4;CHRNA5;CNR1;DRD2;F5;LPL;OPRM1;PTPN11	structured_catalog_unvalidated	dbSNP/Ensembl validation; HGNC gene validation; ClinVar review; PharmGKB annotation; CPIC guideline review; gnomAD population frequency	yes	yes	yes	yes	yes	yes	high	high	clinician_review_required	no	all rsIDs are externally unvalidated; drug response claims require PharmGKB/CPIC validation and clinical oversight	dbSNP validation; PharmGKB annotation; CPIC guidelines; ClinVar review; clinical pharmacology review; regulatory approval	All genetic markers are externally unvalidated. No clinical, diagnostic, or treatment claims can be made. This is a candidate catalog for research review, not a clinical product. Pharmacogenomic claims require PharmGKB/CPIC annotation, clinical pharmacology review, and regulatory approval.	
wg-1949	lifestyle_guidance	Substance Response (Sensitive)	pharmacogenomics	Smoking x Bladder Cancer	Smoking x Bladder Cancer (Genetic Association, Not Diagnostic)	5	rs13181;rs2228001;rs1801270;rs2228000;rs2567206	CDKN1;CDKN1A;ERCC2;XPC	structured_catalog_unvalidated	dbSNP/Ensembl validation; HGNC gene validation; ClinVar review; PharmGKB annotation; CPIC guideline review; gnomAD population frequency	yes	yes	yes	yes	yes	yes	high	high	clinician_review_required	no	all rsIDs are externally unvalidated; drug response claims require PharmGKB/CPIC validation and clinical oversight	dbSNP validation; PharmGKB annotation; CPIC guidelines; ClinVar review; clinical pharmacology review; regulatory approval	All genetic markers are externally unvalidated. No clinical, diagnostic, or treatment claims can be made. This is a candidate catalog for research review, not a clinical product. Pharmacogenomic claims require PharmGKB/CPIC annotation, clinical pharmacology review, and regulatory approval.	
wg-1950	lifestyle_guidance	Substance Response (Sensitive)	pharmacogenomics	Smoking x CHD	Smoking x CHD	5	rs15012;rs1799983;rs36071027;rs7178051;rs1805081	ADIPO;NOS3;NPC1;PON1	structured_catalog_unvalidated	dbSNP/Ensembl validation; HGNC gene validation; ClinVar review; PharmGKB annotation; CPIC guideline review; gnomAD population frequency	yes	yes	yes	yes	yes	yes	high	high	clinician_review_required	no	all rsIDs are externally unvalidated; drug response claims require PharmGKB/CPIC validation and clinical oversight	dbSNP validation; PharmGKB annotation; CPIC guidelines; ClinVar review; clinical pharmacology review; regulatory approval	All genetic markers are externally unvalidated. No clinical, diagnostic, or treatment claims can be made. This is a candidate catalog for research review, not a clinical product. Pharmacogenomic claims require PharmGKB/CPIC annotation, clinical pharmacology review, and regulatory approval.	
wg-1937	lifestyle_guidance	Substance Response (Sensitive)	pharmacogenomics	Smoking x Colorectal Cancer	Smoking x Colorectal Cancer (Genetic Association, Not Diagnostic)	5	rs18004;rs18007;rs1799931;rs6478972;rs1042028	ADH1B;ALDH2;APC;CYP1A1;CYP1B1;EPHX1;GSTP1;MLH1;MTHFR;NAT2	structured_catalog_unvalidated	dbSNP/Ensembl validation; HGNC gene validation; ClinVar review; PharmGKB annotation; CPIC guideline review; gnomAD population frequency	yes	yes	yes	yes	yes	yes	high	high	clinician_review_required	no	all rsIDs are externally unvalidated; drug response claims require PharmGKB/CPIC validation and clinical oversight	dbSNP validation; PharmGKB annotation; CPIC guidelines; ClinVar review; clinical pharmacology review; regulatory approval	All genetic markers are externally unvalidated. No clinical, diagnostic, or treatment claims can be made. This is a candidate catalog for research review, not a clinical product. Pharmacogenomic claims require PharmGKB/CPIC annotation, clinical pharmacology review, and regulatory approval.	
wg-1946	lifestyle_guidance	Substance Response (Sensitive)	pharmacogenomics	Smoking x Esophagus Cancer	Smoking x Esophagus Cancer (Genetic Association, Not Diagnostic)	6	rs10517;rs12299;rs1138272;rs4646903;rs671;rs1042028	ADH1B;ADH1C;ALDH2;APC;APOE;CYP1A1;CYP1B1;EPHX1;EXO1;GSTP1;HMBS;MIF;MLH1;MTHFR;NAT2;PNPLA3;SERPINA1;TERT;WTAPP1	structured_catalog_unvalidated	dbSNP/Ensembl validation; HGNC gene validation; ClinVar review; PharmGKB annotation; CPIC guideline review; gnomAD population frequency	yes	yes	yes	yes	yes	yes	high	high	clinician_review_required	no	all rsIDs are externally unvalidated; drug response claims require PharmGKB/CPIC validation and clinical oversight	dbSNP validation; PharmGKB annotation; CPIC guidelines; ClinVar review; clinical pharmacology review; regulatory approval	All genetic markers are externally unvalidated. No clinical, diagnostic, or treatment claims can be made. This is a candidate catalog for research review, not a clinical product. Pharmacogenomic claims require PharmGKB/CPIC annotation, clinical pharmacology review, and regulatory approval.	
wg-1951	lifestyle_guidance	Substance Response (Sensitive)	pharmacogenomics	Smoking x Hypertension	Smoking x Hypertension	5	rs402007;rs1801133;rs1126742;rs6495308;rs9619311	ADA;ADAMTS1;ADH1B;ALDH2;APC;APOE;CHRNA;COMT;CYP4A1;CYP4A11;GNAS;IL1B;MMP9;MTHFR;MTRR;NLRP3;PER2;SELE;SYK	structured_catalog_unvalidated	dbSNP/Ensembl validation; HGNC gene validation; ClinVar review; PharmGKB annotation; CPIC guideline review; gnomAD population frequency	yes	yes	yes	yes	yes	yes	high	high	clinician_review_required	no	all rsIDs are externally unvalidated; drug response claims require PharmGKB/CPIC validation and clinical oversight	dbSNP validation; PharmGKB annotation; CPIC guidelines; ClinVar review; clinical pharmacology review; regulatory approval	All genetic markers are externally unvalidated. No clinical, diagnostic, or treatment claims can be made. This is a candidate catalog for research review, not a clinical product. Pharmacogenomic claims require PharmGKB/CPIC annotation, clinical pharmacology review, and regulatory approval.	
wg-1952	lifestyle_guidance	Substance Response (Sensitive)	pharmacogenomics	Smoking x Lung Cancer	Smoking x Lung Cancer (Genetic Association, Not Diagnostic)	4	rs1052133;rs2606345;rs1801272;rs1042522	CYP1A1;CYP2A6;ERCC6;OGG1;TP53	structured_catalog_unvalidated	dbSNP/Ensembl validation; HGNC gene validation; ClinVar review; PharmGKB annotation; CPIC guideline review; gnomAD population frequency	yes	yes	yes	yes	yes	yes	high	high	clinician_review_required	no	all rsIDs are externally unvalidated; drug response claims require PharmGKB/CPIC validation and clinical oversight	dbSNP validation; PharmGKB annotation; CPIC guidelines; ClinVar review; clinical pharmacology review; regulatory approval	All genetic markers are externally unvalidated. No clinical, diagnostic, or treatment claims can be made. This is a candidate catalog for research review, not a clinical product. Pharmacogenomic claims require PharmGKB/CPIC annotation, clinical pharmacology review, and regulatory approval.	
wg-1948	lifestyle_guidance	Substance Response (Sensitive)	pharmacogenomics	Smoking x Prostate Cancer	Smoking x Prostate Cancer (Genetic Association, Not Diagnostic)	5	rs10489;rs12560;rs1695;rs2234922;rs3813867	CACNA1C;CASC15;CAV3;CDKN2C;COL3A1;CYP1A1;DMD;EPHX1;ESR2;GJB2;GJB3;GSTP1;HCN4;INPP4A;KCNAB1;KCNH2;KCNJ2;KCNQ1;LOXHD;MYBPC;MYBPC3;MYL3;MYO15A;NPPA;OCA2;SCN5A;SDHB;SDHD;SLC26A4;SLC6A7;SMAD3;TGFB2;TGFBR1;TGFBR2;TLR2;TNNI3;VHL;WFS1	structured_catalog_unvalidated	dbSNP/Ensembl validation; HGNC gene validation; ClinVar review; PharmGKB annotation; CPIC guideline review; gnomAD population frequency	yes	yes	yes	yes	yes	yes	high	high	clinician_review_required	no	all rsIDs are externally unvalidated; drug response claims require PharmGKB/CPIC validation and clinical oversight	dbSNP validation; PharmGKB annotation; CPIC guidelines; ClinVar review; clinical pharmacology review; regulatory approval	All genetic markers are externally unvalidated. No clinical, diagnostic, or treatment claims can be made. This is a candidate catalog for research review, not a clinical product. Pharmacogenomic claims require PharmGKB/CPIC annotation, clinical pharmacology review, and regulatory approval.	
wg-1945	lifestyle_guidance	Substance Response (Sensitive)	pharmacogenomics	Smoking x Stomach Cancer	Smoking x Stomach Cancer (Genetic Association, Not Diagnostic)	5	rs203192;rs1047840;rs179975;rs2736100;rs4646903	ADH1B;ADH1C;ALDH2;BAK1;CYP1A1;DMRT1;EPHX1;EXO1;GSTP1;KITLG;TERT;WTAPP1	structured_catalog_unvalidated	dbSNP/Ensembl validation; HGNC gene validation; ClinVar review; PharmGKB annotation; CPIC guideline review; gnomAD population frequency	yes	yes	yes	yes	yes	yes	high	high	clinician_review_required	no	all rsIDs are externally unvalidated; drug response claims require PharmGKB/CPIC validation and clinical oversight	dbSNP validation; PharmGKB annotation; CPIC guidelines; ClinVar review; clinical pharmacology review; regulatory approval	All genetic markers are externally unvalidated. No clinical, diagnostic, or treatment claims can be made. This is a candidate catalog for research review, not a clinical product. Pharmacogenomic claims require PharmGKB/CPIC annotation, clinical pharmacology review, and regulatory approval.	
wg-2289	dietary_preference	Nutrition & Metabolism	pharmacogenomics	Sun-Seeking Preference	Sun-Seeking Preference	3	rs2570497;rs133937;rs76112426		structured_catalog_unvalidated	dbSNP/Ensembl validation; HGNC gene validation; ClinVar review; PharmGKB annotation; CPIC guideline review; gnomAD population frequency	yes	yes	yes	yes	yes	yes	high	high	clinician_review_required	no	all rsIDs are externally unvalidated; drug response claims require PharmGKB/CPIC validation and clinical oversight	dbSNP validation; PharmGKB annotation; CPIC guidelines; ClinVar review; clinical pharmacology review; regulatory approval	All genetic markers are externally unvalidated. No clinical, diagnostic, or treatment claims can be made. This is a candidate catalog for research review, not a clinical product. Pharmacogenomic claims require PharmGKB/CPIC annotation, clinical pharmacology review, and regulatory approval.	 QC downgraded from Tier A to Tier D.
wg-2108	genetic_disease	Disease Risk (Sensitive)	reproductive_genetics	Congenital Amegakaryocytic Thrombocytopenia (CAMT)	Congenital Amegakaryocytic Thrombocytopenia (CAMT)	3	rs121913611;rs148434485;rs587778515	MPL	structured_catalog_unvalidated	dbSNP/Ensembl validation; HGNC gene validation; ClinVar review; gnomAD population frequency; genetic counseling review; ethical review	yes	yes	no	no	yes	yes	high	high	clinician_review_required	no	all rsIDs are externally unvalidated; reproductive genetics requires genetic counseling and ethical review	dbSNP validation; ClinVar review; gnomAD frequency; genetic counseling protocol; ethical review; regulatory approval	All genetic markers are externally unvalidated. No clinical, diagnostic, or treatment claims can be made. This is a candidate catalog for research review, not a clinical product. Reproductive genetic testing requires genetic counseling, ethical review, and clinical oversight.	
wg-2099	genetic_disease	Disease Risk (Sensitive)	reproductive_genetics	Congenital Bile Acid Synthesis Defect (CBAS)	Congenital Bile Acid Synthesis Defect (CBAS)	4	rs387906;rs121917814;rs182820353;rs267606650	AKR1D1;AMACR;CDON;HSD3B7;SHH;TGIF1	structured_catalog_unvalidated	dbSNP/Ensembl validation; HGNC gene validation; ClinVar review; gnomAD population frequency; genetic counseling review; ethical review	yes	yes	no	no	yes	yes	high	high	clinician_review_required	no	all rsIDs are externally unvalidated; reproductive genetics requires genetic counseling and ethical review	dbSNP validation; ClinVar review; gnomAD frequency; genetic counseling protocol; ethical review; regulatory approval	All genetic markers are externally unvalidated. No clinical, diagnostic, or treatment claims can be made. This is a candidate catalog for research review, not a clinical product. Reproductive genetic testing requires genetic counseling, ethical review, and clinical oversight.	
wg-2105	genetic_disease	Disease Risk (Sensitive)	reproductive_genetics	Congenital Disorder of Deglycosylation (CDDG)	Congenital Disorder of Deglycosylation (CDDG) (Genetic Association, Not Diagnostic)	3	rs587776982;rs146140738;rs201337954	NGLY1	structured_catalog_unvalidated	dbSNP/Ensembl validation; HGNC gene validation; ClinVar review; gnomAD population frequency; genetic counseling review; ethical review	yes	yes	no	no	yes	yes	high	high	clinician_review_required	no	all rsIDs are externally unvalidated; reproductive genetics requires genetic counseling and ethical review	dbSNP validation; ClinVar review; gnomAD frequency; genetic counseling protocol; ethical review; regulatory approval	All genetic markers are externally unvalidated. No clinical, diagnostic, or treatment claims can be made. This is a candidate catalog for research review, not a clinical product. Reproductive genetic testing requires genetic counseling, ethical review, and clinical oversight.	
wg-2107	genetic_disease	Disease Risk (Sensitive)	reproductive_genetics	Congenital Disorder of Glycosylation (CDG)	Congenital Disorder of Glycosylation (CDG) (Genetic Association, Not Diagnostic)	4	rs20050;rs104894533;rs121907933;rs139716296	ALG1;ALG12;PMM2	structured_catalog_unvalidated	dbSNP/Ensembl validation; HGNC gene validation; ClinVar review; gnomAD population frequency; genetic counseling review; ethical review	yes	yes	no	no	yes	yes	high	high	clinician_review_required	no	all rsIDs are externally unvalidated; reproductive genetics requires genetic counseling and ethical review	dbSNP validation; ClinVar review; gnomAD frequency; genetic counseling protocol; ethical review; regulatory approval	All genetic markers are externally unvalidated. No clinical, diagnostic, or treatment claims can be made. This is a candidate catalog for research review, not a clinical product. Reproductive genetic testing requires genetic counseling, ethical review, and clinical oversight.	
wg-2102	genetic_disease	Disease Risk (Sensitive)	reproductive_genetics	Congenital Dyserythropoietic Anemia (CDA)	Congenital Dyserythropoietic Anemia (CDA)	4	rs39812;rs120074167;rs121918221;rs121918223	AGL;ANO5;ARSB;BCKDH;BCKDHA;BCKDHB;BTD;CDAN1;DBT;DMD;DYSF;G6PC;G6PC1;GAA;GALNS;GBA;GBA1;GBE1;GLB1;GNPTA;GNPTAB;GNPTG;IDS;IDUA;MCOLN;MCOLN1;MSH6;MYO7A;PCDH15;PYGM;SEC23B;SGSH;USH1C;USH1G;USH2A	structured_catalog_unvalidated	dbSNP/Ensembl validation; HGNC gene validation; ClinVar review; gnomAD population frequency; genetic counseling review; ethical review	yes	yes	no	no	yes	yes	high	high	clinician_review_required	no	all rsIDs are externally unvalidated; reproductive genetics requires genetic counseling and ethical review	dbSNP validation; ClinVar review; gnomAD frequency; genetic counseling protocol; ethical review; regulatory approval	All genetic markers are externally unvalidated. No clinical, diagnostic, or treatment claims can be made. This is a candidate catalog for research review, not a clinical product. Reproductive genetic testing requires genetic counseling, ethical review, and clinical oversight.	
wg-2109	genetic_disease	Disease Risk (Sensitive)	reproductive_genetics	Congenital Fibrosis of Extraocular Muscles (CFEOM)	Congenital Fibrosis of Extraocular Muscles (CFEOM)	3	rs121912585;rs267607162;rs864321715	KIF21A;TUBB3	structured_catalog_unvalidated	dbSNP/Ensembl validation; HGNC gene validation; ClinVar review; gnomAD population frequency; genetic counseling review; ethical review	yes	yes	no	no	yes	yes	high	high	clinician_review_required	no	all rsIDs are externally unvalidated; reproductive genetics requires genetic counseling and ethical review	dbSNP validation; ClinVar review; gnomAD frequency; genetic counseling protocol; ethical review; regulatory approval	All genetic markers are externally unvalidated. No clinical, diagnostic, or treatment claims can be made. This is a candidate catalog for research review, not a clinical product. Reproductive genetic testing requires genetic counseling, ethical review, and clinical oversight.	
wg-2106	genetic_disease	Disease Risk (Sensitive)	reproductive_genetics	Congenital Generalized Lipodystrophy (CGL)	Congenital Generalized Lipodystrophy (CGL)	3	rs116807569;rs137852975;rs797045222	AGPAT2;BSCL2	structured_catalog_unvalidated	dbSNP/Ensembl validation; HGNC gene validation; ClinVar review; gnomAD population frequency; genetic counseling review; ethical review	yes	yes	no	no	yes	yes	high	high	clinician_review_required	no	all rsIDs are externally unvalidated; reproductive genetics requires genetic counseling and ethical review	dbSNP validation; ClinVar review; gnomAD frequency; genetic counseling protocol; ethical review; regulatory approval	All genetic markers are externally unvalidated. No clinical, diagnostic, or treatment claims can be made. This is a candidate catalog for research review, not a clinical product. Reproductive genetic testing requires genetic counseling, ethical review, and clinical oversight.	
wg-2110	genetic_disease	Disease Risk (Sensitive)	reproductive_genetics	Congenital Ichthyosis	Congenital Ichthyosis	4	rs19942;rs137853289;rs139208806;rs143473912	ABCA12;ALOX12B;NIPAL4;TGM1	structured_catalog_unvalidated	dbSNP/Ensembl validation; HGNC gene validation; ClinVar review; gnomAD population frequency; genetic counseling review; ethical review	yes	yes	no	no	yes	yes	high	high	clinician_review_required	no	all rsIDs are externally unvalidated; reproductive genetics requires genetic counseling and ethical review	dbSNP validation; ClinVar review; gnomAD frequency; genetic counseling protocol; ethical review; regulatory approval	All genetic markers are externally unvalidated. No clinical, diagnostic, or treatment claims can be made. This is a candidate catalog for research review, not a clinical product. Reproductive genetic testing requires genetic counseling, ethical review, and clinical oversight.	
wg-1996	genetic_disease	Disease Risk (Sensitive)	reproductive_genetics	Congenital Multicore Myopathy with External Ophthalmoplegia	Congenital Multicore Myopathy with External Ophthalmoplegia	4	rs12191;rs1057524858;rs113928116;rs118192150	BAG3;BMPR1A;COL4A3;COL4A5;DES;FLNC;MVK;RYR1;SMAD4;TNNI3	structured_catalog_unvalidated	dbSNP/Ensembl validation; HGNC gene validation; ClinVar review; gnomAD population frequency; genetic counseling review; ethical review	yes	yes	no	no	yes	yes	high	high	clinician_review_required	no	all rsIDs are externally unvalidated; reproductive genetics requires genetic counseling and ethical review	dbSNP validation; ClinVar review; gnomAD frequency; genetic counseling protocol; ethical review; regulatory approval	All genetic markers are externally unvalidated. No clinical, diagnostic, or treatment claims can be made. This is a candidate catalog for research review, not a clinical product. Reproductive genetic testing requires genetic counseling, ethical review, and clinical oversight.	
wg-2104	genetic_disease	Disease Risk (Sensitive)	reproductive_genetics	Congenital Stationary Night Blindness (CSNB)	Congenital Stationary Night Blindness (CSNB)	3	rs180869804;rs387906862;rs778390089	TRPM1	structured_catalog_unvalidated	dbSNP/Ensembl validation; HGNC gene validation; ClinVar review; gnomAD population frequency; genetic counseling review; ethical review	yes	yes	no	no	yes	yes	high	high	clinician_review_required	no	all rsIDs are externally unvalidated; reproductive genetics requires genetic counseling and ethical review	dbSNP validation; ClinVar review; gnomAD frequency; genetic counseling protocol; ethical review; regulatory approval	All genetic markers are externally unvalidated. No clinical, diagnostic, or treatment claims can be made. This is a candidate catalog for research review, not a clinical product. Reproductive genetic testing requires genetic counseling, ethical review, and clinical oversight.	
wg-2084	genetic_disease	Disease Risk (Sensitive)	reproductive_genetics	Hypomyelination and Congenital Cataract (HCC)	Hypomyelination and Congenital Cataract (HCC)	1	rs72549407	FAM126A;HYCC1	structured_catalog_unvalidated	dbSNP/Ensembl validation; HGNC gene validation; ClinVar review; gnomAD population frequency; genetic counseling review; ethical review	yes	yes	no	no	yes	yes	high	high	clinician_review_required	no	all rsIDs are externally unvalidated; reproductive genetics requires genetic counseling and ethical review	dbSNP validation; ClinVar review; gnomAD frequency; genetic counseling protocol; ethical review; regulatory approval	All genetic markers are externally unvalidated. No clinical, diagnostic, or treatment claims can be made. This is a candidate catalog for research review, not a clinical product. Reproductive genetic testing requires genetic counseling, ethical review, and clinical oversight.	
wg-2198	genetic_disease	Disease Risk (Sensitive)	reproductive_genetics	Leber Congenital Amaurosis (LCA)	Leber Congenital Amaurosis (LCA)	6	rs38683;rs77337;rs86322;rs116733939;rs192003551;rs200125117	BBS1;BBS10;BBS12;BBS2;BBS9;CNGB3;CRX;CTC1;DKC1;DMD;GPHN;RD3;RTEL1;TERT;TINF2;TRIM32	structured_catalog_unvalidated	dbSNP/Ensembl validation; HGNC gene validation; ClinVar review; gnomAD population frequency; genetic counseling review; ethical review	yes	yes	no	no	yes	yes	high	high	clinician_review_required	no	all rsIDs are externally unvalidated; reproductive genetics requires genetic counseling and ethical review	dbSNP validation; ClinVar review; gnomAD frequency; genetic counseling protocol; ethical review; regulatory approval	All genetic markers are externally unvalidated. No clinical, diagnostic, or treatment claims can be made. This is a candidate catalog for research review, not a clinical product. Reproductive genetic testing requires genetic counseling, ethical review, and clinical oversight.	
wg-2146	genetic_disease	Disease Risk (Sensitive)	reproductive_genetics	Lethal Congenital Contracture Syndrome (LCCS)	Lethal Congenital Contracture Syndrome (LCCS) (Genetic Association, Not Diagnostic)	3	rs121434407;rs793888524;rs793888525	ADGRG6;GLE1	structured_catalog_unvalidated	dbSNP/Ensembl validation; HGNC gene validation; ClinVar review; gnomAD population frequency; genetic counseling review; ethical review	yes	yes	no	no	yes	yes	high	high	clinician_review_required	no	all rsIDs are externally unvalidated; reproductive genetics requires genetic counseling and ethical review	dbSNP validation; ClinVar review; gnomAD frequency; genetic counseling protocol; ethical review; regulatory approval	All genetic markers are externally unvalidated. No clinical, diagnostic, or treatment claims can be made. This is a candidate catalog for research review, not a clinical product. Reproductive genetic testing requires genetic counseling, ethical review, and clinical oversight.	
wg-61	health_risk	Disease Risk (Sensitive)	reproductive_genetics	Male Infertility	Male Infertility	5	rs35576928;rs2477686;rs3129878;rs12097821;rs498422	PRM1	structured_catalog_unvalidated	dbSNP/Ensembl validation; HGNC gene validation; ClinVar review; gnomAD population frequency; genetic counseling review; ethical review	yes	yes	no	no	yes	yes	high	high	clinician_review_required	no	all rsIDs are externally unvalidated; reproductive genetics requires genetic counseling and ethical review	dbSNP validation; ClinVar review; gnomAD frequency; genetic counseling protocol; ethical review; regulatory approval	All genetic markers are externally unvalidated. No clinical, diagnostic, or treatment claims can be made. This is a candidate catalog for research review, not a clinical product. Reproductive genetic testing requires genetic counseling, ethical review, and clinical oversight.	
wg-2133	genetic_disease	Disease Risk (Sensitive)	reproductive_genetics	Permanent Neonatal Diabetes Mellitus (PNDM)	Permanent Neonatal Diabetes Mellitus (PNDM)	4	rs19392;rs1085307455;rs1360415315;rs148311934	ABCC8;BTK;GCK;HNF1A;HNF4A;INS;KCNJ11;NAC5;PDX1;ST6GAL	structured_catalog_unvalidated	dbSNP/Ensembl validation; HGNC gene validation; ClinVar review; gnomAD population frequency; genetic counseling review; ethical review	yes	yes	no	no	yes	yes	high	high	clinician_review_required	no	all rsIDs are externally unvalidated; reproductive genetics requires genetic counseling and ethical review	dbSNP validation; ClinVar review; gnomAD frequency; genetic counseling protocol; ethical review; regulatory approval	All genetic markers are externally unvalidated. No clinical, diagnostic, or treatment claims can be made. This is a candidate catalog for research review, not a clinical product. Reproductive genetic testing requires genetic counseling, ethical review, and clinical oversight.	
wg-178	genetic_disease	Disease Risk (Sensitive)	reproductive_genetics	Phosphomannomutase 2-Congenital Disorder of Glycosylation (PMM2-CDG)	Phosphomannomutase 2-Congenital Disorder of Glycosylation (PMM2-CDG) (Genetic Association, Not Diagnostic)	1	rs28936415	PMM2	structured_catalog_unvalidated	dbSNP/Ensembl validation; HGNC gene validation; ClinVar review; gnomAD population frequency; genetic counseling review; ethical review	yes	yes	no	no	yes	yes	high	high	clinician_review_required	no	all rsIDs are externally unvalidated; reproductive genetics requires genetic counseling and ethical review	dbSNP validation; ClinVar review; gnomAD frequency; genetic counseling protocol; ethical review; regulatory approval	All genetic markers are externally unvalidated. No clinical, diagnostic, or treatment claims can be made. This is a candidate catalog for research review, not a clinical product. Reproductive genetic testing requires genetic counseling, ethical review, and clinical oversight.	
