trait_id	original_category	product_module	trait_name_original	trait_name_consumer_friendly	scientific_description_short	what_can_be_tested	what_cannot_be_claimed	number_of_rsids	rsids	genes_cleaned	has_pdf_only_candidate_rsids	has_structured_catalog_rsids	marker_validation_status	requires_external_annotation	requires_clinvar_review	requires_gwas_review	requires_pharmgkb_review	requires_manual_scientific_review	privacy_or_regulatory_sensitivity	recommended_product_tier	mvp_include_candidate_yes_no	reason_for_tier	recommended_report_language	required_caveat	notes
wg-ancestry-analysis	ancestry	Ancestry	Ancestry Analysis	Ancestry	Ancestry and haplogroup analysis related to Ancestry Analysis.	No genetic markers identified in the structured catalog.	No clinical or diagnostic claims can be made. All rsIDs are externally unvalidated. Results are probabilistic and for informational/wellness purposes only.	0			no	no	no_markers	no	no	no	no	no	low	E	no	No rsIDs linked to this trait.	N/A - no markers or not suitable	No genetic markers identified. Not suitable for commercial reporting.	Ancestry module - typically not SNP-marker based.
wg-ancestry-overview	ancestry	Ancestry	Ancestry Overview	Ancestry	Ancestry and haplogroup analysis related to Ancestry Overview.	No genetic markers identified in the structured catalog.	No clinical or diagnostic claims can be made. All rsIDs are externally unvalidated. Results are probabilistic and for informational/wellness purposes only.	0			no	no	no_markers	no	no	no	no	no	low	E	no	No rsIDs linked to this trait.	N/A - no markers or not suitable	No genetic markers identified. Not suitable for commercial reporting.	Ancestry module - typically not SNP-marker based.
wg-maternal-haplogroup	ancestry	Ancestry	Maternal Haplogroup	Maternal Haplogroup	Ancestry and haplogroup analysis related to Maternal Haplogroup.	No genetic markers identified in the structured catalog.	No clinical or diagnostic claims can be made. All rsIDs are externally unvalidated. Results are probabilistic and for informational/wellness purposes only.	0			no	no	no_markers	no	no	no	no	no	low	E	no	No rsIDs linked to this trait.	N/A - no markers or not suitable	No genetic markers identified. Not suitable for commercial reporting.	Ancestry module - typically not SNP-marker based.
wg-maternal-haplogroup-report	ancestry	Ancestry	Maternal Haplogroup Report	Maternal Haplogroup	Ancestry and haplogroup analysis related to Maternal Haplogroup Report.	No genetic markers identified in the structured catalog.	No clinical or diagnostic claims can be made. All rsIDs are externally unvalidated. Results are probabilistic and for informational/wellness purposes only.	0			no	no	no_markers	no	no	no	no	no	low	E	no	No rsIDs linked to this trait.	N/A - no markers or not suitable	No genetic markers identified. Not suitable for commercial reporting.	Ancestry module - typically not SNP-marker based.
wg-neanderthal-ancestry	ancestry	Ancestry	Neanderthal Ancestry	Neanderthal Ancestry	Ancestry and haplogroup analysis related to Neanderthal Ancestry.	No genetic markers identified in the structured catalog.	No clinical or diagnostic claims can be made. All rsIDs are externally unvalidated. Results are probabilistic and for informational/wellness purposes only.	0			no	no	no_markers	no	no	no	no	no	low	E	no	No rsIDs linked to this trait.	N/A - no markers or not suitable	No genetic markers identified. Not suitable for commercial reporting.	Ancestry module - typically not SNP-marker based.
wg-paternal-haplogroup	ancestry	Ancestry	Paternal Haplogroup	Paternal Haplogroup	Ancestry and haplogroup analysis related to Paternal Haplogroup.	No genetic markers identified in the structured catalog.	No clinical or diagnostic claims can be made. All rsIDs are externally unvalidated. Results are probabilistic and for informational/wellness purposes only.	0			no	no	no_markers	no	no	no	no	no	low	E	no	No rsIDs linked to this trait.	N/A - no markers or not suitable	No genetic markers identified. Not suitable for commercial reporting.	Ancestry module - typically not SNP-marker based.
wg-paternal-haplogroup-report	ancestry	Ancestry	Paternal Haplogroup Report	Paternal Haplogroup	Ancestry and haplogroup analysis related to Paternal Haplogroup Report.	No genetic markers identified in the structured catalog.	No clinical or diagnostic claims can be made. All rsIDs are externally unvalidated. Results are probabilistic and for informational/wellness purposes only.	0			no	no	no_markers	no	no	no	no	no	low	E	no	No rsIDs linked to this trait.	N/A - no markers or not suitable	No genetic markers identified. Not suitable for commercial reporting.	Ancestry module - typically not SNP-marker based.
wg-paternal-haplogroup-tree	ancestry	Ancestry	Paternal Haplogroup Tree	Paternal Haplogroup Tree	Ancestry and haplogroup analysis related to Paternal Haplogroup Tree.	No genetic markers identified in the structured catalog.	No clinical or diagnostic claims can be made. All rsIDs are externally unvalidated. Results are probabilistic and for informational/wellness purposes only.	0			no	no	no_markers	no	no	no	no	no	low	E	no	No rsIDs linked to this trait.	N/A - no markers or not suitable	No genetic markers identified. Not suitable for commercial reporting.	Ancestry module - typically not SNP-marker based.
wg-1539	genetic_disease	Disease Risk (Sensitive)	3-Methylcrotonyl CoA Carboxylase 2 Deficiency	3-Methylcrotonyl CoA Carboxylase 2 Deficiency	Genetic variants associated with 3-Methylcrotonyl CoA Carboxylase 2 Deficiency. Disease risk markers require clinical validation.	Association testing using genetic markers from the structured WeGene catalog related to 3-Methylcrotonyl CoA Carboxylase 2 Deficiency.	No clinical or diagnostic claims can be made. All rsIDs are externally unvalidated. This is a sensitive trait requiring clinical, regulatory, and ethical review before any reporting.	1	rs119103226	MCCC2	no	yes	structured_catalog_unvalidated	yes	yes	yes	no	yes	high	C	no	Sensitive trait (disease risk, pharmacogenomics, carrier status, reproductive genetics, or substance response). Requires clinical/regulatory review.	clinical, requires professional review	Sensitive trait. Requires clinical, regulatory, and ethical review. Not for direct-to-consumer reporting without professional oversight.	
wg-2154	genetic_disease	Disease Risk (Sensitive)	3-Methylglutaconic Aciduria (MGA)	3-Methylglutaconic Aciduria (MGA)	Genetic variants associated with 3-Methylglutaconic Aciduria (MGA). Disease risk markers require clinical validation.	Association testing using genetic markers from the structured WeGene catalog related to 3-Methylglutaconic Aciduria (MGA).	No clinical or diagnostic claims can be made. All rsIDs are externally unvalidated. This is a sensitive trait requiring clinical, regulatory, and ethical review before any reporting.	5	rs38790;rs39751;rs104894942;rs144078282;rs185461628	ACTA2;APC;BTD;CEP290;CLPB;COL3A1;IQCB1;LOX;MYH11;MYLK;PRKG1;SDCCAG8;SERAC1;SLC26A;SLC26A4;SMAD3;TAFAZZIN;TGFB2;TGFBR1;WDR19	no	yes	structured_catalog_unvalidated	yes	yes	yes	no	yes	high	C	no	Sensitive trait (disease risk, pharmacogenomics, carrier status, reproductive genetics, or substance response). Requires clinical/regulatory review.	clinical, requires professional review	Sensitive trait. Requires clinical, regulatory, and ethical review. Not for direct-to-consumer reporting without professional oversight.	
wg-2068	genetic_disease	Disease Risk (Sensitive)	Achromatopsia	Achromatopsia	Genetic variants associated with Achromatopsia. Disease risk markers require clinical validation.	Association testing using genetic markers from the structured WeGene catalog related to Achromatopsia.	No clinical or diagnostic claims can be made. All rsIDs are externally unvalidated. This is a sensitive trait requiring clinical, regulatory, and ethical review before any reporting.	5	rs76135;rs79704;rs104893613;rs104893614;rs121918539	APOB;ATF6;BRAF;CC2D2A;CEP290;CNGA3;CNGB3;COASY;GNPTA;GNPTAB;GNPTG;KRAS;MAP2K1;MAP2K2;MCOLN;MCOLN1;MKS1;OCA2;PDE6C;PLA2G6;RPGRIP;SLC45A2;TMEM2;TMEM216;TMEM67;TYR;TYRP1;UBE3A;WDR45	no	yes	structured_catalog_unvalidated	yes	yes	yes	no	yes	high	C	no	Sensitive trait (disease risk, pharmacogenomics, carrier status, reproductive genetics, or substance response). Requires clinical/regulatory review.	clinical, requires professional review	Sensitive trait. Requires clinical, regulatory, and ethical review. Not for direct-to-consumer reporting without professional oversight.	
wg-2141	genetic_disease	Disease Risk (Sensitive)	Acrocallosal Syndrome (ACLS)	Acrocallosal Syndrome (ACLS)	Genetic variants associated with Acrocallosal Syndrome (ACLS). Disease risk markers require clinical validation.	Association testing using genetic markers from the structured WeGene catalog related to Acrocallosal Syndrome (ACLS).	No clinical or diagnostic claims can be made. All rsIDs are externally unvalidated. This is a sensitive trait requiring clinical, regulatory, and ethical review before any reporting.	1	rs794727316	KIF7	no	yes	structured_catalog_unvalidated	yes	yes	yes	no	yes	high	C	no	Sensitive trait (disease risk, pharmacogenomics, carrier status, reproductive genetics, or substance response). Requires clinical/regulatory review.	clinical, requires professional review	Sensitive trait. Requires clinical, regulatory, and ethical review. Not for direct-to-consumer reporting without professional oversight.	
wg-2144	genetic_disease	Disease Risk (Sensitive)	Acromicric Dysplasia	Acromicric Dysplasia	Genetic variants associated with Acromicric Dysplasia. Disease risk markers require clinical validation.	Association testing using genetic markers from the structured WeGene catalog related to Acromicric Dysplasia.	No clinical or diagnostic claims can be made. All rsIDs are externally unvalidated. This is a sensitive trait requiring clinical, regulatory, and ethical review before any reporting.	4	rs58777;rs1064797059;rs1131692052;rs1555398394	CLP1;EXOSC3;FBN1;FBXL4;IL7R;MPV17;PGM3;PIK3R1;POLG;RARS2;SEPSEC;SLC25A;STAT1;SUCLG1;TK2;TSEN54;TYMP;VRK1	no	yes	structured_catalog_unvalidated	yes	yes	yes	no	yes	high	C	no	Sensitive trait (disease risk, pharmacogenomics, carrier status, reproductive genetics, or substance response). Requires clinical/regulatory review.	clinical, requires professional review	Sensitive trait. Requires clinical, regulatory, and ethical review. Not for direct-to-consumer reporting without professional oversight.	
wg-1987	genetic_disease	Disease Risk (Sensitive)	Acth-independent Macronodular Adrenal Hyperplasia (AIMAH)	Acth-independent Macronodular Adrenal Hyperplasia (AIMAH)	Genetic variants associated with Acth-independent Macronodular Adrenal Hyperplasia (AIMAH). Disease risk markers require clinical validation.	Association testing using genetic markers from the structured WeGene catalog related to Acth-independent Macronodular Adrenal Hyperplasia (AIMAH).	No clinical or diagnostic claims can be made. All rsIDs are externally unvalidated. This is a sensitive trait requiring clinical, regulatory, and ethical review before any reporting.	1	rs369721476	ARMC5	no	yes	structured_catalog_unvalidated	yes	yes	yes	no	yes	high	C	no	Sensitive trait (disease risk, pharmacogenomics, carrier status, reproductive genetics, or substance response). Requires clinical/regulatory review.	clinical, requires professional review	Sensitive trait. Requires clinical, regulatory, and ethical review. Not for direct-to-consumer reporting without professional oversight.	
wg-2111	genetic_disease	Disease Risk (Sensitive)	Acyl-Coenzyme A Dehydrogenase Deficiency	Acyl-Coenzyme A Dehydrogenase Deficiency	Genetic variants associated with Acyl-Coenzyme A Dehydrogenase Deficiency. Disease risk markers require clinical validation.	Association testing using genetic markers from the structured WeGene catalog related to Acyl-Coenzyme A Dehydrogenase Deficiency.	No clinical or diagnostic claims can be made. All rsIDs are externally unvalidated. This is a sensitive trait requiring clinical, regulatory, and ethical review before any reporting.	5	rs75875;rs796051901;rs121434275;rs121434277;rs121434278	ACADM	no	yes	structured_catalog_unvalidated	yes	yes	yes	no	yes	high	C	no	Sensitive trait (disease risk, pharmacogenomics, carrier status, reproductive genetics, or substance response). Requires clinical/regulatory review.	clinical, requires professional review	Sensitive trait. Requires clinical, regulatory, and ethical review. Not for direct-to-consumer reporting without professional oversight.	
wg-2093	genetic_disease	Disease Risk (Sensitive)	Agammaglobulinemia	Agammaglobulinemia	Genetic variants associated with Agammaglobulinemia. Disease risk markers require clinical validation.	Association testing using genetic markers from the structured WeGene catalog related to Agammaglobulinemia.	No clinical or diagnostic claims can be made. All rsIDs are externally unvalidated. This is a sensitive trait requiring clinical, regulatory, and ethical review before any reporting.	4	rs19392;rs104894770;rs128620183;rs128620184	ABCC8;BTK;GCK;HNF1A;HNF4A;INS;KCNJ11;NAC5;PDX1;ST6GAL	no	yes	structured_catalog_unvalidated	yes	yes	yes	no	yes	high	C	no	Sensitive trait (disease risk, pharmacogenomics, carrier status, reproductive genetics, or substance response). Requires clinical/regulatory review.	clinical, requires professional review	Sensitive trait. Requires clinical, regulatory, and ethical review. Not for direct-to-consumer reporting without professional oversight.	
wg-42	health_risk	Disease Risk (Sensitive)	Age-related Macular Degeneration (AMD)	Age-related Macular Degeneration (AMD)	Genetic variants associated with Age-related Macular Degeneration (AMD). Disease risk markers require clinical validation.	Association testing using genetic markers from the structured WeGene catalog related to Age-related Macular Degeneration (AMD).	No clinical or diagnostic claims can be made. All rsIDs are externally unvalidated. This is a sensitive trait requiring clinical, regulatory, and ethical review before any reporting.	10	rs3793917;rs3750846;rs3750848;rs10490924;rs10922109;rs1064039;rs11200638;rs2511989;rs1136287;rs5888	ARMS2;CFH;CST3;HTRA1;SERPINF1	no	yes	structured_catalog_unvalidated	yes	yes	yes	no	yes	high	C	no	Sensitive trait (disease risk, pharmacogenomics, carrier status, reproductive genetics, or substance response). Requires clinical/regulatory review.	clinical, requires professional review	Sensitive trait. Requires clinical, regulatory, and ethical review. Not for direct-to-consumer reporting without professional oversight.	
wg-172	genetic_disease	Disease Risk (Sensitive)	Agenesis of The Corpus Callosum with Peripheral Neuropathy (ACCPN)	Agenesis of The Corpus Callosum with Peripheral Neuropathy (ACCPN)	Genetic variants associated with Agenesis of The Corpus Callosum with Peripheral Neuropathy (ACCPN). Disease risk markers require clinical validation.	Association testing using genetic markers from the structured WeGene catalog related to Agenesis of The Corpus Callosum with Peripheral Neuropathy (ACCPN).	No clinical or diagnostic claims can be made. All rsIDs are externally unvalidated. This is a sensitive trait requiring clinical, regulatory, and ethical review before any reporting.	1	rs121908428	SLC12A6	no	yes	structured_catalog_unvalidated	yes	yes	yes	no	yes	high	C	no	Sensitive trait (disease risk, pharmacogenomics, carrier status, reproductive genetics, or substance response). Requires clinical/regulatory review.	clinical, requires professional review	Sensitive trait. Requires clinical, regulatory, and ethical review. Not for direct-to-consumer reporting without professional oversight.	
wg-2155	genetic_disease	Disease Risk (Sensitive)	Aicardi-Goutieres Syndrome (AGS)	Aicardi-Goutieres Syndrome (AGS)	Genetic variants associated with Aicardi-Goutieres Syndrome (AGS). Disease risk markers require clinical validation.	Association testing using genetic markers from the structured WeGene catalog related to Aicardi-Goutieres Syndrome (AGS).	No clinical or diagnostic claims can be made. All rsIDs are externally unvalidated. This is a sensitive trait requiring clinical, regulatory, and ethical review before any reporting.	4	rs78218;rs376048533;rs587777446;rs76642637	IFIH1;RNASEH2B;TREX1	no	yes	structured_catalog_unvalidated	yes	yes	yes	no	yes	high	C	no	Sensitive trait (disease risk, pharmacogenomics, carrier status, reproductive genetics, or substance response). Requires clinical/regulatory review.	clinical, requires professional review	Sensitive trait. Requires clinical, regulatory, and ethical review. Not for direct-to-consumer reporting without professional oversight.	
wg-2138	genetic_disease	Disease Risk (Sensitive)	Akinesia Deformation Sequence (ADS)	Akinesia Deformation Sequence (ADS)	Genetic variants associated with Akinesia Deformation Sequence (ADS). Disease risk markers require clinical validation.	Association testing using genetic markers from the structured WeGene catalog related to Akinesia Deformation Sequence (ADS).	No clinical or diagnostic claims can be made. All rsIDs are externally unvalidated. This is a sensitive trait requiring clinical, regulatory, and ethical review before any reporting.	2	rs121909257;rs794727884	DOK7;RAPSN	no	yes	structured_catalog_unvalidated	yes	yes	yes	no	yes	high	C	no	Sensitive trait (disease risk, pharmacogenomics, carrier status, reproductive genetics, or substance response). Requires clinical/regulatory review.	clinical, requires professional review	Sensitive trait. Requires clinical, regulatory, and ethical review. Not for direct-to-consumer reporting without professional oversight.	
wg-52	health_risk	Disease Risk (Sensitive)	Alcohol Dependence	Alcohol Dependence	Genetic variants associated with Alcohol Dependence. Disease risk markers require clinical validation.	Association testing using genetic markers from the structured WeGene catalog related to Alcohol Dependence.	No clinical or diagnostic claims can be made. All rsIDs are externally unvalidated. This is a sensitive trait requiring clinical, regulatory, and ethical review before any reporting.	6	rs2673136;rs1229984;rs2066702;rs27072;rs7590720;rs492602	ADH1B;ADH1C;ALDH2;CYP1A1;EPHX1;ERAP1;HCP5;IL12B;IL23R;MIR1273;MIR1273H;SLC6A3;TAS2R38;TYK2	no	yes	structured_catalog_unvalidated	yes	yes	yes	no	yes	high	C	no	Sensitive trait (disease risk, pharmacogenomics, carrier status, reproductive genetics, or substance response). Requires clinical/regulatory review.	clinical, requires professional review	Sensitive trait. Requires clinical, regulatory, and ethical review. Not for direct-to-consumer reporting without professional oversight.	
wg-1647	health_risk	Disease Risk (Sensitive)	Alcoholic Fatty Liver Disease (AFLD)	Alcoholic Fatty Liver Disease (AFLD)	Genetic variants associated with Alcoholic Fatty Liver Disease (AFLD). Disease risk markers require clinical validation.	Association testing using genetic markers from the structured WeGene catalog related to Alcoholic Fatty Liver Disease (AFLD).	No clinical or diagnostic claims can be made. All rsIDs are externally unvalidated. This is a sensitive trait requiring clinical, regulatory, and ethical review before any reporting.	3	rs738409;rs58542926;rs626283	AGTR1;ALDH2;APOE;C2;EFCAB11;HMBS;KIF1B;MICA;PNPLA3;PPARGC1A;SERPINA1;STAT4;TM6SF2	no	yes	structured_catalog_unvalidated	yes	yes	yes	no	yes	high	C	no	Sensitive trait (disease risk, pharmacogenomics, carrier status, reproductive genetics, or substance response). Requires clinical/regulatory review.	clinical, requires professional review	Sensitive trait. Requires clinical, regulatory, and ethical review. Not for direct-to-consumer reporting without professional oversight.	
wg-2014	genetic_disease	Disease Risk (Sensitive)	Alkaptonuria	Alkaptonuria	Genetic variants associated with Alkaptonuria. Disease risk markers require clinical validation.	Association testing using genetic markers from the structured WeGene catalog related to Alkaptonuria.	No clinical or diagnostic claims can be made. All rsIDs are externally unvalidated. This is a sensitive trait requiring clinical, regulatory, and ethical review before any reporting.	3	rs120074173;rs120074174;rs28942100	HGD	no	yes	structured_catalog_unvalidated	yes	yes	yes	no	yes	high	C	no	Sensitive trait (disease risk, pharmacogenomics, carrier status, reproductive genetics, or substance response). Requires clinical/regulatory review.	clinical, requires professional review	Sensitive trait. Requires clinical, regulatory, and ethical review. Not for direct-to-consumer reporting without professional oversight.	
wg-1521	health_risk	Disease Risk (Sensitive)	Allergic Diseases	Allergic Diseases	Genetic variants associated with Allergic Diseases. Disease risk markers require clinical validation.	Association testing using genetic markers from the structured WeGene catalog related to Allergic Diseases.	No clinical or diagnostic claims can be made. All rsIDs are externally unvalidated. This is a sensitive trait requiring clinical, regulatory, and ethical review before any reporting.	9	rs1444789;rs5743618;rs10865050;rs28895016;rs10414065;rs10910095;rs301806;rs760805;rs76167968	FLG;GSDMB;IL13;IL2RA;STAT6;TLR1	no	yes	structured_catalog_unvalidated	yes	yes	yes	no	yes	high	C	no	Sensitive trait (disease risk, pharmacogenomics, carrier status, reproductive genetics, or substance response). Requires clinical/regulatory review.	clinical, requires professional review	Sensitive trait. Requires clinical, regulatory, and ethical review. Not for direct-to-consumer reporting without professional oversight.	
wg-57	health_risk	Disease Risk (Sensitive)	Allergic Rhinitis	Allergic Rhinitis	Genetic variants associated with Allergic Rhinitis. Disease risk markers require clinical validation.	Association testing using genetic markers from the structured WeGene catalog related to Allergic Rhinitis.	No clinical or diagnostic claims can be made. All rsIDs are externally unvalidated. This is a sensitive trait requiring clinical, regulatory, and ethical review before any reporting.	6	rs2155219;rs7775228;rs11256017;rs34004019;rs148505069;rs1059513	CLEC16A;DCAF1;IL13;JAZF1;LPP;PUS10;RERE;STAT6;ZNF365	no	yes	structured_catalog_unvalidated	yes	yes	yes	no	yes	high	C	no	Sensitive trait (disease risk, pharmacogenomics, carrier status, reproductive genetics, or substance response). Requires clinical/regulatory review.	clinical, requires professional review	Sensitive trait. Requires clinical, regulatory, and ethical review. Not for direct-to-consumer reporting without professional oversight.	
wg-99	health_risk	Disease Risk (Sensitive)	Alopecia Areata	Alopecia Areata	Genetic variants associated with Alopecia Areata. Disease risk markers require clinical validation.	Association testing using genetic markers from the structured WeGene catalog related to Alopecia Areata.	No clinical or diagnostic claims can be made. All rsIDs are externally unvalidated. This is a sensitive trait requiring clinical, regulatory, and ethical review before any reporting.	6	rs9275572;rs574087;rs3118470;rs2009345;rs9275524;rs1024161	ACOXL;CLEC16A;CTLA4;IL13;IL2RA;PTPN22;SLAMF6;STAT4;TLR3	no	yes	structured_catalog_unvalidated	yes	yes	yes	no	yes	high	C	no	Sensitive trait (disease risk, pharmacogenomics, carrier status, reproductive genetics, or substance response). Requires clinical/regulatory review.	clinical, requires professional review	Sensitive trait. Requires clinical, regulatory, and ethical review. Not for direct-to-consumer reporting without professional oversight.	
wg-173	genetic_disease	Disease Risk (Sensitive)	Alpha-1 Antitrypsin Deficiency	Alpha-1 Antitrypsin Deficiency	Genetic variants associated with Alpha-1 Antitrypsin Deficiency. Disease risk markers require clinical validation.	Association testing using genetic markers from the structured WeGene catalog related to Alpha-1 Antitrypsin Deficiency.	No clinical or diagnostic claims can be made. All rsIDs are externally unvalidated. This is a sensitive trait requiring clinical, regulatory, and ethical review before any reporting.	2	rs17580;rs2892947	SERPINA1	no	yes	structured_catalog_unvalidated	yes	yes	yes	no	yes	high	C	no	Sensitive trait (disease risk, pharmacogenomics, carrier status, reproductive genetics, or substance response). Requires clinical/regulatory review.	clinical, requires professional review	Sensitive trait. Requires clinical, regulatory, and ethical review. Not for direct-to-consumer reporting without professional oversight.	
wg-2243	genetic_disease	Disease Risk (Sensitive)	Alpha-N-Acetylgalactosaminidase Deficiency (α-NAGA)	Alpha-N-Acetylgalactosaminidase Deficiency (α-NAGA)	Genetic variants associated with Alpha-N-Acetylgalactosaminidase Deficiency (α-NAGA). Disease risk markers require clinical validation.	No genetic markers identified in the structured catalog.	No clinical or diagnostic claims can be made. All rsIDs are externally unvalidated. This is a sensitive trait requiring clinical, regulatory, and ethical review before any reporting.	0			no	no	no_markers	no	yes	no	no	no	high	E	no	No rsIDs linked to this trait.	N/A - no markers or not suitable	No genetic markers identified. Not suitable for commercial reporting.	
wg-1570	genetic_disease	Disease Risk (Sensitive)	Alport Syndrome	Alport Syndrome	Genetic variants associated with Alport Syndrome. Disease risk markers require clinical validation.	Association testing using genetic markers from the structured WeGene catalog related to Alport Syndrome.	No clinical or diagnostic claims can be made. All rsIDs are externally unvalidated. This is a sensitive trait requiring clinical, regulatory, and ethical review before any reporting.	5	rs10488;rs12191;rs79472;rs200672668;rs190598500	BAG3;BMPR1A;COL1A1;COL1A2;COL4A3;COL4A5;DES;FLNC;KDM6A;KMT2D;MVK;P3H1;RYR1;SMAD4;TNNI3	no	yes	structured_catalog_unvalidated	yes	yes	yes	no	yes	high	C	no	Sensitive trait (disease risk, pharmacogenomics, carrier status, reproductive genetics, or substance response). Requires clinical/regulatory review.	clinical, requires professional review	Sensitive trait. Requires clinical, regulatory, and ethical review. Not for direct-to-consumer reporting without professional oversight.	
wg-2156	genetic_disease	Disease Risk (Sensitive)	Alstrom Syndrome (AS)	Alstrom Syndrome (AS)	Genetic variants associated with Alstrom Syndrome (AS). Disease risk markers require clinical validation.	Association testing using genetic markers from the structured WeGene catalog related to Alstrom Syndrome (AS).	No clinical or diagnostic claims can be made. All rsIDs are externally unvalidated. This is a sensitive trait requiring clinical, regulatory, and ethical review before any reporting.	3	rs398122992;rs398122994;rs398122995	ALMS1	no	yes	structured_catalog_unvalidated	yes	yes	yes	no	yes	high	C	no	Sensitive trait (disease risk, pharmacogenomics, carrier status, reproductive genetics, or substance response). Requires clinical/regulatory review.	clinical, requires professional review	Sensitive trait. Requires clinical, regulatory, and ethical review. Not for direct-to-consumer reporting without professional oversight.	
wg-1579	genetic_disease	Disease Risk (Sensitive)	Aminoglycoside-Induced Deafness	Aminoglycoside-Induced Deafness	Genetic variants associated with Aminoglycoside-Induced Deafness. Disease risk markers require clinical validation.	Association testing using genetic markers from the structured WeGene catalog related to Aminoglycoside-Induced Deafness.	No clinical or diagnostic claims can be made. All rsIDs are externally unvalidated. This is a sensitive trait requiring clinical, regulatory, and ethical review before any reporting.	3	rs267606619;rs28358569;rs267606617	RNR1	no	yes	structured_catalog_unvalidated	yes	yes	yes	no	yes	high	C	no	Sensitive trait (disease risk, pharmacogenomics, carrier status, reproductive genetics, or substance response). Requires clinical/regulatory review.	clinical, requires professional review	Sensitive trait. Requires clinical, regulatory, and ethical review. Not for direct-to-consumer reporting without professional oversight.	
wg-60	health_risk	Disease Risk (Sensitive)	Amyotrophic Lateral Sclerosis (ALS)	Amyotrophic Lateral Sclerosis (ALS)	Genetic variants associated with Amyotrophic Lateral Sclerosis (ALS). Disease risk markers require clinical validation.	Association testing using genetic markers from the structured WeGene catalog related to Amyotrophic Lateral Sclerosis (ALS).	No clinical or diagnostic claims can be made. All rsIDs are externally unvalidated. This is a sensitive trait requiring clinical, regulatory, and ethical review before any reporting.	8	rs10260404;rs2814707;rs2453555;rs10239794;rs4075094;rs12608932;rs6539137;rs11701	ANG;DPP6;TXNRD1;UNC13A	no	yes	structured_catalog_unvalidated	yes	yes	yes	no	yes	high	C	no	Sensitive trait (disease risk, pharmacogenomics, carrier status, reproductive genetics, or substance response). Requires clinical/regulatory review.	clinical, requires professional review	Sensitive trait. Requires clinical, regulatory, and ethical review. Not for direct-to-consumer reporting without professional oversight.	
wg-1975	genetic_disease	Disease Risk (Sensitive)	Angelman Syndrome (AS)	Angelman Syndrome (AS)	Genetic variants associated with Angelman Syndrome (AS). Disease risk markers require clinical validation.	Association testing using genetic markers from the structured WeGene catalog related to Angelman Syndrome (AS).	No clinical or diagnostic claims can be made. All rsIDs are externally unvalidated. This is a sensitive trait requiring clinical, regulatory, and ethical review before any reporting.	4	rs587780570;rs79704;rs587780577;rs587781204	APOB;ATF6;BRAF;CC2D2A;CEP290;CNGA3;CNGB3;COASY;GNPTA;GNPTAB;GNPTG;KRAS;MAP2K1;MAP2K2;MCOLN;MCOLN1;MKS1;OCA2;PDE6C;PLA2G6;RPGRIP;SLC45A2;TMEM2;TMEM216;TMEM67;TYR;TYRP1;UBE3A;WDR45	no	yes	structured_catalog_unvalidated	yes	yes	yes	no	yes	high	C	no	Sensitive trait (disease risk, pharmacogenomics, carrier status, reproductive genetics, or substance response). Requires clinical/regulatory review.	clinical, requires professional review	Sensitive trait. Requires clinical, regulatory, and ethical review. Not for direct-to-consumer reporting without professional oversight.	
wg-2094	genetic_disease	Disease Risk (Sensitive)	Aniridia	Aniridia	Genetic variants associated with Aniridia. Disease risk markers require clinical validation.	Association testing using genetic markers from the structured WeGene catalog related to Aniridia.	No clinical or diagnostic claims can be made. All rsIDs are externally unvalidated. This is a sensitive trait requiring clinical, regulatory, and ethical review before any reporting.	3	rs121907900;rs121907906;rs121907916	PAX6;WT1	no	yes	structured_catalog_unvalidated	yes	yes	yes	no	yes	high	C	no	Sensitive trait (disease risk, pharmacogenomics, carrier status, reproductive genetics, or substance response). Requires clinical/regulatory review.	clinical, requires professional review	Sensitive trait. Requires clinical, regulatory, and ethical review. Not for direct-to-consumer reporting without professional oversight.	
wg-1699	health_risk	Disease Risk (Sensitive)	Anorexia Nervosa	Anorexia Nervosa	Genetic variants associated with Anorexia Nervosa. Disease risk markers require clinical validation.	Association testing using genetic markers from the structured WeGene catalog related to Anorexia Nervosa.	No clinical or diagnostic claims can be made. All rsIDs are externally unvalidated. This is a sensitive trait requiring clinical, regulatory, and ethical review before any reporting.	5	rs13100344;rs2287348;rs2008387;rs10747478;rs9821797	ERLEC1;MGMT;NCKIPSD	no	yes	structured_catalog_unvalidated	yes	yes	yes	no	yes	high	C	no	Sensitive trait (disease risk, pharmacogenomics, carrier status, reproductive genetics, or substance response). Requires clinical/regulatory review.	clinical, requires professional review	Sensitive trait. Requires clinical, regulatory, and ethical review. Not for direct-to-consumer reporting without professional oversight.	
wg-2042	genetic_disease	Disease Risk (Sensitive)	Arginase Deficiency (ARG)	Arginase Deficiency (ARG)	Genetic variants associated with Arginase Deficiency (ARG). Disease risk markers require clinical validation.	Association testing using genetic markers from the structured WeGene catalog related to Arginase Deficiency (ARG).	No clinical or diagnostic claims can be made. All rsIDs are externally unvalidated. This is a sensitive trait requiring clinical, regulatory, and ethical review before any reporting.	3	rs104893944;rs104893947;rs104893948	ARG1	no	yes	structured_catalog_unvalidated	yes	yes	yes	no	yes	high	C	no	Sensitive trait (disease risk, pharmacogenomics, carrier status, reproductive genetics, or substance response). Requires clinical/regulatory review.	clinical, requires professional review	Sensitive trait. Requires clinical, regulatory, and ethical review. Not for direct-to-consumer reporting without professional oversight.	
wg-1541	genetic_disease	Disease Risk (Sensitive)	Argininosuccinate Lyase Deficiency	Argininosuccinate Lyase Deficiency	Genetic variants associated with Argininosuccinate Lyase Deficiency. Disease risk markers require clinical validation.	Association testing using genetic markers from the structured WeGene catalog related to Argininosuccinate Lyase Deficiency.	No clinical or diagnostic claims can be made. All rsIDs are externally unvalidated. This is a sensitive trait requiring clinical, regulatory, and ethical review before any reporting.	3	rs367543006;rs367543005;rs28940286	ASL	no	yes	structured_catalog_unvalidated	yes	yes	yes	no	yes	high	C	no	Sensitive trait (disease risk, pharmacogenomics, carrier status, reproductive genetics, or substance response). Requires clinical/regulatory review.	clinical, requires professional review	Sensitive trait. Requires clinical, regulatory, and ethical review. Not for direct-to-consumer reporting without professional oversight.	
wg-1739	genetic_disease	Disease Risk (Sensitive)	Arrhythmogenic Right Ventricular Cardiomyopathy	Arrhythmogenic Right Ventricular Cardiomyopathy	Genetic variants associated with Arrhythmogenic Right Ventricular Cardiomyopathy. Disease risk markers require clinical validation.	Association testing using genetic markers from the structured WeGene catalog related to Arrhythmogenic Right Ventricular Cardiomyopathy.	No clinical or diagnostic claims can be made. All rsIDs are externally unvalidated. This is a sensitive trait requiring clinical, regulatory, and ethical review before any reporting.	3	rs12143;rs78620;rs86902	ATM;BRAF;CASQ2;DSP;GALT;GJA5;KCNQ1;PEX1;PEX6;PKP2;RYR2;TRDN	no	yes	structured_catalog_unvalidated	yes	yes	yes	no	yes	high	C	no	Sensitive trait (disease risk, pharmacogenomics, carrier status, reproductive genetics, or substance response). Requires clinical/regulatory review.	clinical, requires professional review	Sensitive trait. Requires clinical, regulatory, and ethical review. Not for direct-to-consumer reporting without professional oversight.	
wg-2274	health_risk	Disease Risk (Sensitive)	Arterial Stiffness	Arterial Stiffness	Genetic variants associated with Arterial Stiffness. Disease risk markers require clinical validation.	Association testing using genetic markers from the structured WeGene catalog related to Arterial Stiffness.	No clinical or diagnostic claims can be made. All rsIDs are externally unvalidated. This is a sensitive trait requiring clinical, regulatory, and ethical review before any reporting.	3	rs939834;rs1006923;rs10840457	TEX41	no	yes	structured_catalog_unvalidated	yes	yes	yes	no	yes	high	C	no	Sensitive trait (disease risk, pharmacogenomics, carrier status, reproductive genetics, or substance response). Requires clinical/regulatory review.	clinical, requires professional review	Sensitive trait. Requires clinical, regulatory, and ethical review. Not for direct-to-consumer reporting without professional oversight.	
wg-2100	genetic_disease	Disease Risk (Sensitive)	Arthrogryposis Multiplex Congenita (AMC)	Arthrogryposis Multiplex Congenita (AMC)	Genetic variants associated with Arthrogryposis Multiplex Congenita (AMC). Disease risk markers require clinical validation.	Association testing using genetic markers from the structured WeGene catalog related to Arthrogryposis Multiplex Congenita (AMC).	No clinical or diagnostic claims can be made. All rsIDs are externally unvalidated. This is a sensitive trait requiring clinical, regulatory, and ethical review before any reporting.	3	rs104894311;rs104894312;rs121913623	ECEL1;MYH3;TNNI2	no	yes	structured_catalog_unvalidated	yes	yes	yes	no	yes	high	C	no	Sensitive trait (disease risk, pharmacogenomics, carrier status, reproductive genetics, or substance response). Requires clinical/regulatory review.	clinical, requires professional review	Sensitive trait. Requires clinical, regulatory, and ethical review. Not for direct-to-consumer reporting without professional oversight.	
wg-2087	genetic_disease	Disease Risk (Sensitive)	Aspartylglucosaminuria (AGU)	Aspartylglucosaminuria (AGU)	Genetic variants associated with Aspartylglucosaminuria (AGU). Disease risk markers require clinical validation.	Association testing using genetic markers from the structured WeGene catalog related to Aspartylglucosaminuria (AGU).	No clinical or diagnostic claims can be made. All rsIDs are externally unvalidated. This is a sensitive trait requiring clinical, regulatory, and ethical review before any reporting.	3	rs121964908;rs121964909;rs386833420	AGA	no	yes	structured_catalog_unvalidated	yes	yes	yes	no	yes	high	C	no	Sensitive trait (disease risk, pharmacogenomics, carrier status, reproductive genetics, or substance response). Requires clinical/regulatory review.	clinical, requires professional review	Sensitive trait. Requires clinical, regulatory, and ethical review. Not for direct-to-consumer reporting without professional oversight.	
wg-53	health_risk	Disease Risk (Sensitive)	Asthma	Asthma	Genetic variants associated with Asthma. Disease risk markers require clinical validation.	Association testing using genetic markers from the structured WeGene catalog related to Asthma.	No clinical or diagnostic claims can be made. All rsIDs are externally unvalidated. This is a sensitive trait requiring clinical, regulatory, and ethical review before any reporting.	7	rs12479210;rs5067;rs3804100;rs1695;rs13153971;rs4794067;rs7216389	CASC15;CDKN2C;EPHX1;ESR2;GSDMB;GSTP1;ICAM1;INPP4A;KCNAB1;NOS3;NPPA;OCA2;SLC6A7;TLR2	no	yes	structured_catalog_unvalidated	yes	yes	yes	no	yes	high	C	no	Sensitive trait (disease risk, pharmacogenomics, carrier status, reproductive genetics, or substance response). Requires clinical/regulatory review.	clinical, requires professional review	Sensitive trait. Requires clinical, regulatory, and ethical review. Not for direct-to-consumer reporting without professional oversight.	
wg-1768	health_risk	Disease Risk (Sensitive)	Astigmatism	Astigmatism	Genetic variants associated with Astigmatism. Disease risk markers require clinical validation.	Association testing using genetic markers from the structured WeGene catalog related to Astigmatism.	No clinical or diagnostic claims can be made. All rsIDs are externally unvalidated. This is a sensitive trait requiring clinical, regulatory, and ethical review before any reporting.	5	rs7677751;rs12032649;rs72629670;rs12913832;rs10946507	ATP11A;CASC15;DCT;FLT1;HERC2;IRF4;KIAA09;PDGFRA;PRSS56;RGR;SLC45A2;TFAP2B;TYR	no	yes	structured_catalog_unvalidated	yes	yes	yes	no	yes	high	C	no	Sensitive trait (disease risk, pharmacogenomics, carrier status, reproductive genetics, or substance response). Requires clinical/regulatory review.	clinical, requires professional review	Sensitive trait. Requires clinical, regulatory, and ethical review. Not for direct-to-consumer reporting without professional oversight.	
wg-2010	genetic_disease	Disease Risk (Sensitive)	Ataxia-Telangiectasia (AT)	Ataxia-Telangiectasia (AT)	Genetic variants associated with Ataxia-Telangiectasia (AT). Disease risk markers require clinical validation.	Association testing using genetic markers from the structured WeGene catalog related to Ataxia-Telangiectasia (AT).	No clinical or diagnostic claims can be made. All rsIDs are externally unvalidated. This is a sensitive trait requiring clinical, regulatory, and ethical review before any reporting.	7	rs12143;rs78620;rs77492;rs77503;rs1057520640;rs1060501687;rs1060501700	ATM;BRAF;CASQ2;DSP;GALT;GJA5;KCNQ1;PEX1;PEX6;PKP2;RYR2;TRDN	no	yes	structured_catalog_unvalidated	yes	yes	yes	no	yes	high	C	no	Sensitive trait (disease risk, pharmacogenomics, carrier status, reproductive genetics, or substance response). Requires clinical/regulatory review.	clinical, requires professional review	Sensitive trait. Requires clinical, regulatory, and ethical review. Not for direct-to-consumer reporting without professional oversight.	
wg-39	health_risk	Disease Risk (Sensitive)	Atrial Fibrillation	Atrial Fibrillation	Genetic variants associated with Atrial Fibrillation. Disease risk markers require clinical validation.	Association testing using genetic markers from the structured WeGene catalog related to Atrial Fibrillation.	No clinical or diagnostic claims can be made. All rsIDs are externally unvalidated. This is a sensitive trait requiring clinical, regulatory, and ethical review before any reporting.	8	rs16997168;rs3853445;rs6666258;rs72700118;rs13376333;rs10033464;rs2200733;rs3903239	ABCG2;ALOX5AP;CAV1;HAND2;PDE4D;PRKCH;PRRX1;RPL3L;WNT8A	no	yes	structured_catalog_unvalidated	yes	yes	yes	no	yes	high	C	no	Sensitive trait (disease risk, pharmacogenomics, carrier status, reproductive genetics, or substance response). Requires clinical/regulatory review.	clinical, requires professional review	Sensitive trait. Requires clinical, regulatory, and ethical review. Not for direct-to-consumer reporting without professional oversight.	
wg-2089	genetic_disease	Disease Risk (Sensitive)	Auditory Neuropathy (AN)	Auditory Neuropathy (AN)	Genetic variants associated with Auditory Neuropathy (AN). Disease risk markers require clinical validation.	Association testing using genetic markers from the structured WeGene catalog related to Auditory Neuropathy (AN).	No clinical or diagnostic claims can be made. All rsIDs are externally unvalidated. This is a sensitive trait requiring clinical, regulatory, and ethical review before any reporting.	2	rs80356586;rs80356602	OTOF	no	yes	structured_catalog_unvalidated	yes	yes	yes	no	yes	high	C	no	Sensitive trait (disease risk, pharmacogenomics, carrier status, reproductive genetics, or substance response). Requires clinical/regulatory review.	clinical, requires professional review	Sensitive trait. Requires clinical, regulatory, and ethical review. Not for direct-to-consumer reporting without professional oversight.	
wg-1587	health_risk	Disease Risk (Sensitive)	Autism	Autism	Genetic variants associated with Autism. Disease risk markers require clinical validation.	Association testing using genetic markers from the structured WeGene catalog related to Autism.	No clinical or diagnostic claims can be made. All rsIDs are externally unvalidated. This is a sensitive trait requiring clinical, regulatory, and ethical review before any reporting.	8	rs16976358;rs1858830;rs3740304;rs3784730;rs9532931;rs1353545;rs2828478;rs10258862	ATP2B2;DOCK4;FHIT;FOXP1;POU6F2	no	yes	structured_catalog_unvalidated	yes	yes	yes	no	yes	high	C	no	Sensitive trait (disease risk, pharmacogenomics, carrier status, reproductive genetics, or substance response). Requires clinical/regulatory review.	clinical, requires professional review	Sensitive trait. Requires clinical, regulatory, and ethical review. Not for direct-to-consumer reporting without professional oversight.	
wg-1577	genetic_disease	Disease Risk (Sensitive)	Autosomal Dominant Non-Syndromic Deafness	Autosomal Dominant Non-Syndromic Deafness	Genetic variants associated with Autosomal Dominant Non-Syndromic Deafness. Disease risk markers require clinical validation.	Association testing using genetic markers from the structured WeGene catalog related to Autosomal Dominant Non-Syndromic Deafness.	No clinical or diagnostic claims can be made. All rsIDs are externally unvalidated. This is a sensitive trait requiring clinical, regulatory, and ethical review before any reporting.	4	rs10489;rs74315;rs146670741;rs397517196	CACNA1C;CAV3;COL3A1;CYP1A1;DMD;EPHX1;ESR2;GJB2;GJB3;GSTP1;HCN4;KCNH2;KCNJ2;KCNQ1;LOXHD;MYBPC;MYBPC3;MYL3;MYO15A;SCN5A;SDHB;SDHD;SLC26A4;SMAD3;TGFB2;TGFBR1;TGFBR2;TNNI3;VHL;WFS1	no	yes	structured_catalog_unvalidated	yes	yes	yes	no	yes	high	C	no	Sensitive trait (disease risk, pharmacogenomics, carrier status, reproductive genetics, or substance response). Requires clinical/regulatory review.	clinical, requires professional review	Sensitive trait. Requires clinical, regulatory, and ethical review. Not for direct-to-consumer reporting without professional oversight.	
wg-1578	genetic_disease	Disease Risk (Sensitive)	Autosomal Recessive Non-Syndromic Deafness	Autosomal Recessive Non-Syndromic Deafness	Genetic variants associated with Autosomal Recessive Non-Syndromic Deafness. Disease risk markers require clinical validation.	Association testing using genetic markers from the structured WeGene catalog related to Autosomal Recessive Non-Syndromic Deafness.	No clinical or diagnostic claims can be made. All rsIDs are externally unvalidated. This is a sensitive trait requiring clinical, regulatory, and ethical review before any reporting.	4	rs10489;rs72750;rs763721044;rs606231410	ARSB;CACNA1C;CAV3;COL3A1;CYP1A1;DMD;EPHX1;ESR2;GALNS;GJB2;GJB3;GLB1;GSTP1;HCN4;IDS;IDUA;KCNH2;KCNJ2;KCNQ1;LOXHD;MYBPC;MYBPC3;MYL3;MYO15A;SCN5A;SDHB;SDHD;SGSH;SLC26A4;SMAD3;TGFB2;TGFBR1;TGFBR2;TNNI3;VHL;WFS1	no	yes	structured_catalog_unvalidated	yes	yes	yes	no	yes	high	C	no	Sensitive trait (disease risk, pharmacogenomics, carrier status, reproductive genetics, or substance response). Requires clinical/regulatory review.	clinical, requires professional review	Sensitive trait. Requires clinical, regulatory, and ethical review. Not for direct-to-consumer reporting without professional oversight.	
wg-2157	genetic_disease	Disease Risk (Sensitive)	Axenfeld-Rieger Syndrome (ARS)	Axenfeld-Rieger Syndrome (ARS)	Genetic variants associated with Axenfeld-Rieger Syndrome (ARS). Disease risk markers require clinical validation.	Association testing using genetic markers from the structured WeGene catalog related to Axenfeld-Rieger Syndrome (ARS).	No clinical or diagnostic claims can be made. All rsIDs are externally unvalidated. This is a sensitive trait requiring clinical, regulatory, and ethical review before any reporting.	1	rs886039568	FOXC1	no	yes	structured_catalog_unvalidated	yes	yes	yes	no	yes	high	C	no	Sensitive trait (disease risk, pharmacogenomics, carrier status, reproductive genetics, or substance response). Requires clinical/regulatory review.	clinical, requires professional review	Sensitive trait. Requires clinical, regulatory, and ethical review. Not for direct-to-consumer reporting without professional oversight.	
wg-2158	genetic_disease	Disease Risk (Sensitive)	Baraitser-Winter Syndrome (BRWS)	Baraitser-Winter Syndrome (BRWS)	Genetic variants associated with Baraitser-Winter Syndrome (BRWS). Disease risk markers require clinical validation.	Association testing using genetic markers from the structured WeGene catalog related to Baraitser-Winter Syndrome (BRWS).	No clinical or diagnostic claims can be made. All rsIDs are externally unvalidated. This is a sensitive trait requiring clinical, regulatory, and ethical review before any reporting.	3	rs281875334;rs587779770;rs587780275	ACTB;ACTG1	no	yes	structured_catalog_unvalidated	yes	yes	yes	no	yes	high	C	no	Sensitive trait (disease risk, pharmacogenomics, carrier status, reproductive genetics, or substance response). Requires clinical/regulatory review.	clinical, requires professional review	Sensitive trait. Requires clinical, regulatory, and ethical review. Not for direct-to-consumer reporting without professional oversight.	
wg-2159	genetic_disease	Disease Risk (Sensitive)	Bardet-Biedl Syndrome (BBS)	Bardet-Biedl Syndrome (BBS)	Genetic variants associated with Bardet-Biedl Syndrome (BBS). Disease risk markers require clinical validation.	Association testing using genetic markers from the structured WeGene catalog related to Bardet-Biedl Syndrome (BBS).	No clinical or diagnostic claims can be made. All rsIDs are externally unvalidated. This is a sensitive trait requiring clinical, regulatory, and ethical review before any reporting.	5	rs86322;rs727503818;rs111033571;rs113994190;rs119466002	BBS1;BBS10;BBS12;BBS2;BBS9;CNGB3;CRX;CTC1;DKC1;DMD;GPHN;RD3;RTEL1;TERT;TINF2;TRIM32	no	yes	structured_catalog_unvalidated	yes	yes	yes	no	yes	high	C	no	Sensitive trait (disease risk, pharmacogenomics, carrier status, reproductive genetics, or substance response). Requires clinical/regulatory review.	clinical, requires professional review	Sensitive trait. Requires clinical, regulatory, and ethical review. Not for direct-to-consumer reporting without professional oversight.	
wg-2160	genetic_disease	Disease Risk (Sensitive)	Bartter Syndrome	Bartter Syndrome	Genetic variants associated with Bartter Syndrome. Disease risk markers require clinical validation.	Association testing using genetic markers from the structured WeGene catalog related to Bartter Syndrome.	No clinical or diagnostic claims can be made. All rsIDs are externally unvalidated. This is a sensitive trait requiring clinical, regulatory, and ethical review before any reporting.	1	rs140012781	SLC12A3	no	yes	structured_catalog_unvalidated	yes	yes	yes	no	yes	high	C	no	Sensitive trait (disease risk, pharmacogenomics, carrier status, reproductive genetics, or substance response). Requires clinical/regulatory review.	clinical, requires professional review	Sensitive trait. Requires clinical, regulatory, and ethical review. Not for direct-to-consumer reporting without professional oversight.	
wg-2161	genetic_disease	Disease Risk (Sensitive)	Becker Muscular Dystrophy (BMD)	Becker Muscular Dystrophy (BMD)	Genetic variants associated with Becker Muscular Dystrophy (BMD). Disease risk markers require clinical validation.	Association testing using genetic markers from the structured WeGene catalog related to Becker Muscular Dystrophy (BMD).	No clinical or diagnostic claims can be made. All rsIDs are externally unvalidated. This is a sensitive trait requiring clinical, regulatory, and ethical review before any reporting.	5	rs39812;rs863225015;rs104894797;rs1064325;rs128625229	AGL;ANO5;ARSB;BCKDH;BCKDHA;BCKDHB;BTD;CDAN1;DBT;DMD;DYSF;G6PC;G6PC1;GAA;GALNS;GBA;GBA1;GBE1;GLB1;GNPTA;GNPTAB;GNPTG;IDS;IDUA;MCOLN;MCOLN1;MSH6;MYO7A;PCDH15;PYGM;SEC23B;SGSH;USH1C;USH1G;USH2A	no	yes	structured_catalog_unvalidated	yes	yes	yes	no	yes	high	C	no	Sensitive trait (disease risk, pharmacogenomics, carrier status, reproductive genetics, or substance response). Requires clinical/regulatory review.	clinical, requires professional review	Sensitive trait. Requires clinical, regulatory, and ethical review. Not for direct-to-consumer reporting without professional oversight.	
wg-2250	exposure_risk	Disease Risk (Sensitive)	Benzene	Benzene	Genetic variants associated with Benzene. Disease risk markers require clinical validation.	Association testing using genetic markers from the structured WeGene catalog related to Benzene.	No clinical or diagnostic claims can be made. All rsIDs are externally unvalidated. This is a sensitive trait requiring clinical, regulatory, and ethical review before any reporting.	1	rs144848	BRCA2	no	yes	structured_catalog_unvalidated	yes	yes	yes	no	yes	high	C	no	Sensitive trait (disease risk, pharmacogenomics, carrier status, reproductive genetics, or substance response). Requires clinical/regulatory review.	clinical, requires professional review	Sensitive trait. Requires clinical, regulatory, and ethical review. Not for direct-to-consumer reporting without professional oversight.	
wg-2080	genetic_disease	Disease Risk (Sensitive)	Biotinidase Deficiency (BTD)	Biotinidase Deficiency (BTD)	Genetic variants associated with Biotinidase Deficiency (BTD). Disease risk markers require clinical validation.	Association testing using genetic markers from the structured WeGene catalog related to Biotinidase Deficiency (BTD).	No clinical or diagnostic claims can be made. All rsIDs are externally unvalidated. This is a sensitive trait requiring clinical, regulatory, and ethical review before any reporting.	5	rs39812;rs39751;rs104893687;rs146136265;rs200507575	ACTA2;AGL;ANO5;APC;ARSB;BCKDH;BCKDHA;BCKDHB;BTD;CDAN1;CLPB;DBT;DMD;DYSF;G6PC;G6PC1;GAA;GALNS;GBA;GBA1;GBE1;GLB1;GNPTA;GNPTAB;GNPTG;IDS;IDUA;LOX;MCOLN;MCOLN1;MSH6;MYH11;MYLK;MYO7A;PCDH15;PRKG1;PYGM;SEC23B;SERAC1;SGSH;SLC26A;SLC26A4;TAFAZZIN;USH1C;USH1G;USH2A	no	yes	structured_catalog_unvalidated	yes	yes	yes	no	yes	high	C	no	Sensitive trait (disease risk, pharmacogenomics, carrier status, reproductive genetics, or substance response). Requires clinical/regulatory review.	clinical, requires professional review	Sensitive trait. Requires clinical, regulatory, and ethical review. Not for direct-to-consumer reporting without professional oversight.	
wg-1956	health_risk	Disease Risk (Sensitive)	Bladder Cancer	Bladder Cancer	Genetic variants associated with Bladder Cancer. Disease risk markers require clinical validation.	Association testing using genetic markers from the structured WeGene catalog related to Bladder Cancer.	No clinical or diagnostic claims can be made. All rsIDs are externally unvalidated. This is a sensitive trait requiring clinical, regulatory, and ethical review before any reporting.	8	rs1495741;rs798766;rs9642880;rs2294008;rs10936599;rs10775480;rs1014971;rs8102137	AGER;CASC11;FCGR2A;IL17A;MPO;MYNN;PLCE1;PSCA;SERPINE1;SLC14A1;TACC3	no	yes	structured_catalog_unvalidated	yes	yes	yes	no	yes	high	C	no	Sensitive trait (disease risk, pharmacogenomics, carrier status, reproductive genetics, or substance response). Requires clinical/regulatory review.	clinical, requires professional review	Sensitive trait. Requires clinical, regulatory, and ethical review. Not for direct-to-consumer reporting without professional oversight.	
wg-2162	genetic_disease	Disease Risk (Sensitive)	Bloom Syndrome (BLM)	Bloom Syndrome (BLM)	Genetic variants associated with Bloom Syndrome (BLM). Disease risk markers require clinical validation.	Association testing using genetic markers from the structured WeGene catalog related to Bloom Syndrome (BLM).	No clinical or diagnostic claims can be made. All rsIDs are externally unvalidated. This is a sensitive trait requiring clinical, regulatory, and ethical review before any reporting.	3	rs1356090839;rs367543012;rs367543024	BLM	no	yes	structured_catalog_unvalidated	yes	yes	yes	no	yes	high	C	no	Sensitive trait (disease risk, pharmacogenomics, carrier status, reproductive genetics, or substance response). Requires clinical/regulatory review.	clinical, requires professional review	Sensitive trait. Requires clinical, regulatory, and ethical review. Not for direct-to-consumer reporting without professional oversight.	
wg-2163	genetic_disease	Disease Risk (Sensitive)	Bohring-Opitz Syndrome (BOS)	Bohring-Opitz Syndrome (BOS)	Genetic variants associated with Bohring-Opitz Syndrome (BOS). Disease risk markers require clinical validation.	Association testing using genetic markers from the structured WeGene catalog related to Bohring-Opitz Syndrome (BOS).	No clinical or diagnostic claims can be made. All rsIDs are externally unvalidated. This is a sensitive trait requiring clinical, regulatory, and ethical review before any reporting.	2	rs373145711;rs397515401	ASXL1	no	yes	structured_catalog_unvalidated	yes	yes	yes	no	yes	high	C	no	Sensitive trait (disease risk, pharmacogenomics, carrier status, reproductive genetics, or substance response). Requires clinical/regulatory review.	clinical, requires professional review	Sensitive trait. Requires clinical, regulatory, and ethical review. Not for direct-to-consumer reporting without professional oversight.	
wg-2164	genetic_disease	Disease Risk (Sensitive)	Borjeson-Forssman-Lehmann Syndrome (BFLS)	Borjeson-Forssman-Lehmann Syndrome (BFLS)	Genetic variants associated with Borjeson-Forssman-Lehmann Syndrome (BFLS). Disease risk markers require clinical validation.	Association testing using genetic markers from the structured WeGene catalog related to Borjeson-Forssman-Lehmann Syndrome (BFLS).	No clinical or diagnostic claims can be made. All rsIDs are externally unvalidated. This is a sensitive trait requiring clinical, regulatory, and ethical review before any reporting.	3	rs132630297;rs132630298;rs132630299	PHF6	no	yes	structured_catalog_unvalidated	yes	yes	yes	no	yes	high	C	no	Sensitive trait (disease risk, pharmacogenomics, carrier status, reproductive genetics, or substance response). Requires clinical/regulatory review.	clinical, requires professional review	Sensitive trait. Requires clinical, regulatory, and ethical review. Not for direct-to-consumer reporting without professional oversight.	
wg-1993	genetic_disease	Disease Risk (Sensitive)	Brachydactyly	Brachydactyly	Genetic variants associated with Brachydactyly. Disease risk markers require clinical validation.	Association testing using genetic markers from the structured WeGene catalog related to Brachydactyly.	No clinical or diagnostic claims can be made. All rsIDs are externally unvalidated. This is a sensitive trait requiring clinical, regulatory, and ethical review before any reporting.	4	rs28936;rs1014959895;rs1251713297;rs28928891	ABCA3;ACVRL1;APP;GDF5;HOXD1;HOXD13;PSEN1;PSEN2	no	yes	structured_catalog_unvalidated	yes	yes	yes	no	yes	high	C	no	Sensitive trait (disease risk, pharmacogenomics, carrier status, reproductive genetics, or substance response). Requires clinical/regulatory review.	clinical, requires professional review	Sensitive trait. Requires clinical, regulatory, and ethical review. Not for direct-to-consumer reporting without professional oversight.	
wg-54	health_risk	Disease Risk (Sensitive)	Brain Aneurysm	Brain Aneurysm	Genetic variants associated with Brain Aneurysm. Disease risk markers require clinical validation.	Association testing using genetic markers from the structured WeGene catalog related to Brain Aneurysm.	No clinical or diagnostic claims can be made. All rsIDs are externally unvalidated. This is a sensitive trait requiring clinical, regulatory, and ethical review before any reporting.	7	rs11661542;rs700651;rs1429412;rs11153071;rs62516550;rs9298506;rs1333040	BOLL	no	yes	structured_catalog_unvalidated	yes	yes	yes	no	yes	high	C	no	Sensitive trait (disease risk, pharmacogenomics, carrier status, reproductive genetics, or substance response). Requires clinical/regulatory review.	clinical, requires professional review	Sensitive trait. Requires clinical, regulatory, and ethical review. Not for direct-to-consumer reporting without professional oversight.	
wg-2071	genetic_disease	Disease Risk (Sensitive)	Branchiooculofacial Syndrome (BOFS)	Branchiooculofacial Syndrome (BOFS)	Genetic variants associated with Branchiooculofacial Syndrome (BOFS). Disease risk markers require clinical validation.	Association testing using genetic markers from the structured WeGene catalog related to Branchiooculofacial Syndrome (BOFS).	No clinical or diagnostic claims can be made. All rsIDs are externally unvalidated. This is a sensitive trait requiring clinical, regulatory, and ethical review before any reporting.	2	rs793888540;rs793888541	TFAP2A	no	yes	structured_catalog_unvalidated	yes	yes	yes	no	yes	high	C	no	Sensitive trait (disease risk, pharmacogenomics, carrier status, reproductive genetics, or substance response). Requires clinical/regulatory review.	clinical, requires professional review	Sensitive trait. Requires clinical, regulatory, and ethical review. Not for direct-to-consumer reporting without professional oversight.	
wg-1582	genetic_disease	Disease Risk (Sensitive)	Branchiootorenal Spectrum Disorder	Branchiootorenal Spectrum Disorder	Genetic variants associated with Branchiootorenal Spectrum Disorder. Disease risk markers require clinical validation.	Association testing using genetic markers from the structured WeGene catalog related to Branchiootorenal Spectrum Disorder.	No clinical or diagnostic claims can be made. All rsIDs are externally unvalidated. This is a sensitive trait requiring clinical, regulatory, and ethical review before any reporting.	3	rs397517;rs201509408;rs727504494	EYA1	no	yes	structured_catalog_unvalidated	yes	yes	yes	no	yes	high	C	no	Sensitive trait (disease risk, pharmacogenomics, carrier status, reproductive genetics, or substance response). Requires clinical/regulatory review.	clinical, requires professional review	Sensitive trait. Requires clinical, regulatory, and ethical review. Not for direct-to-consumer reporting without professional oversight.	
wg-2165	genetic_disease	Disease Risk (Sensitive)	Bruck Syndrome (BS)	Bruck Syndrome (BS)	Genetic variants associated with Bruck Syndrome (BS). Disease risk markers require clinical validation.	Association testing using genetic markers from the structured WeGene catalog related to Bruck Syndrome (BS).	No clinical or diagnostic claims can be made. All rsIDs are externally unvalidated. This is a sensitive trait requiring clinical, regulatory, and ethical review before any reporting.	3	rs387906960;rs794727669;rs869320752	COL1A2;FKBP10	no	yes	structured_catalog_unvalidated	yes	yes	yes	no	yes	high	C	no	Sensitive trait (disease risk, pharmacogenomics, carrier status, reproductive genetics, or substance response). Requires clinical/regulatory review.	clinical, requires professional review	Sensitive trait. Requires clinical, regulatory, and ethical review. Not for direct-to-consumer reporting without professional oversight.	
wg-1726	genetic_disease	Disease Risk (Sensitive)	Brugada Syndrome	Brugada Syndrome	Genetic variants associated with Brugada Syndrome. Disease risk markers require clinical validation.	Association testing using genetic markers from the structured WeGene catalog related to Brugada Syndrome.	No clinical or diagnostic claims can be made. All rsIDs are externally unvalidated. This is a sensitive trait requiring clinical, regulatory, and ethical review before any reporting.	2	rs12720;rs19947	CACNA1C;CAV3;KCNH2;KCNJ2;KCNQ1;SCN1B;SCN5A	no	yes	structured_catalog_unvalidated	yes	yes	yes	no	yes	high	C	no	Sensitive trait (disease risk, pharmacogenomics, carrier status, reproductive genetics, or substance response). Requires clinical/regulatory review.	clinical, requires professional review	Sensitive trait. Requires clinical, regulatory, and ethical review. Not for direct-to-consumer reporting without professional oversight.	
wg-1963	infection_risk	Disease Risk (Sensitive)	Candida Infection	Candida Infection	Genetic variants associated with Candida Infection. Disease risk markers require clinical validation.	Association testing using genetic markers from the structured WeGene catalog related to Candida Infection.	No clinical or diagnostic claims can be made. All rsIDs are externally unvalidated. This is a sensitive trait requiring clinical, regulatory, and ethical review before any reporting.	1	rs4845320	LCE4A	no	yes	structured_catalog_unvalidated	yes	yes	yes	no	yes	high	C	no	Sensitive trait (disease risk, pharmacogenomics, carrier status, reproductive genetics, or substance response). Requires clinical/regulatory review.	clinical, requires professional review	Sensitive trait. Requires clinical, regulatory, and ethical review. Not for direct-to-consumer reporting without professional oversight.	
wg-2117	genetic_disease	Disease Risk (Sensitive)	Cardiofaciocutaneous Syndrome (CFC)	Cardiofaciocutaneous Syndrome (CFC)	Genetic variants associated with Cardiofaciocutaneous Syndrome (CFC). Disease risk markers require clinical validation.	Association testing using genetic markers from the structured WeGene catalog related to Cardiofaciocutaneous Syndrome (CFC).	No clinical or diagnostic claims can be made. All rsIDs are externally unvalidated. This is a sensitive trait requiring clinical, regulatory, and ethical review before any reporting.	5	rs39750;rs79704;rs104894361;rs104894362;rs1057519732	APOB;ATF6;BRAF;CC2D2A;CEP290;CFTR;CNGA3;CNGB3;COASY;CTRC;GNPTA;GNPTAB;GNPTG;KRAS;MAP2K1;MAP2K2;MCOLN;MCOLN1;MKS1;OCA2;PDE6C;PLA2G6;PRSS1;RPGRIP;SLC45A2;SPINK1;TMEM2;TMEM216;TMEM67;TYR;TYRP1;UBE3A;WDR45	no	yes	structured_catalog_unvalidated	yes	yes	yes	no	yes	high	C	no	Sensitive trait (disease risk, pharmacogenomics, carrier status, reproductive genetics, or substance response). Requires clinical/regulatory review.	clinical, requires professional review	Sensitive trait. Requires clinical, regulatory, and ethical review. Not for direct-to-consumer reporting without professional oversight.	
wg-1769	health_risk	Disease Risk (Sensitive)	Cataract	Cataract	Genetic variants associated with Cataract. Disease risk markers require clinical validation.	Association testing using genetic markers from the structured WeGene catalog related to Cataract.	No clinical or diagnostic claims can be made. All rsIDs are externally unvalidated. This is a sensitive trait requiring clinical, regulatory, and ethical review before any reporting.	8	rs7615568;rs7548209;rs8176318;rs1695;rs1136410;rs7366355;rs3176459;rs7543472	CASC15;CDKN2C;EPHX1;ESR2;GSTP1;INPP4A;KCNAB1;NPPA;OCA2;SLC6A7;TLR2	no	yes	structured_catalog_unvalidated	yes	yes	yes	no	yes	high	C	no	Sensitive trait (disease risk, pharmacogenomics, carrier status, reproductive genetics, or substance response). Requires clinical/regulatory review.	clinical, requires professional review	Sensitive trait. Requires clinical, regulatory, and ethical review. Not for direct-to-consumer reporting without professional oversight.	
wg-1731	genetic_disease	Disease Risk (Sensitive)	Catecholaminergic Polymorphic Ventricular Tachycardia (CPVT)	Catecholaminergic Polymorphic Ventricular Tachycardia (CPVT)	Genetic variants associated with Catecholaminergic Polymorphic Ventricular Tachycardia (CPVT). Disease risk markers require clinical validation.	Association testing using genetic markers from the structured WeGene catalog related to Catecholaminergic Polymorphic Ventricular Tachycardia (CPVT).	No clinical or diagnostic claims can be made. All rsIDs are externally unvalidated. This is a sensitive trait requiring clinical, regulatory, and ethical review before any reporting.	3	rs12143;rs20121;rs88603	ATM;BRAF;CASQ2;DSP;GJA5;KCNQ1;PEX1;PEX6;PKP2;RYR2;TRDN	no	yes	structured_catalog_unvalidated	yes	yes	yes	no	yes	high	C	no	Sensitive trait (disease risk, pharmacogenomics, carrier status, reproductive genetics, or substance response). Requires clinical/regulatory review.	clinical, requires professional review	Sensitive trait. Requires clinical, regulatory, and ethical review. Not for direct-to-consumer reporting without professional oversight.	
wg-2249	exposure_risk	Disease Risk (Sensitive)	Cats	Cats	Genetic variants associated with Cats. Disease risk markers require clinical validation.	Association testing using genetic markers from the structured WeGene catalog related to Cats.	No clinical or diagnostic claims can be made. All rsIDs are externally unvalidated. This is a sensitive trait requiring clinical, regulatory, and ethical review before any reporting.	1	rs7216389	GSDMB;GSTP1;INPP4A;NPPA;SLC6A7;TLR2	no	yes	structured_catalog_unvalidated	yes	yes	yes	no	yes	high	C	no	Sensitive trait (disease risk, pharmacogenomics, carrier status, reproductive genetics, or substance response). Requires clinical/regulatory review.	clinical, requires professional review	Sensitive trait. Requires clinical, regulatory, and ethical review. Not for direct-to-consumer reporting without professional oversight.	
wg-1483	health_risk	Disease Risk (Sensitive)	Celiac Disease	Celiac Disease	Genetic variants associated with Celiac Disease. Disease risk markers require clinical validation.	Association testing using genetic markers from the structured WeGene catalog related to Celiac Disease.	No clinical or diagnostic claims can be made. All rsIDs are externally unvalidated. This is a sensitive trait requiring clinical, regulatory, and ethical review before any reporting.	9	rs11221332;rs802734;rs2187668;rs17035378;rs653178;rs9851967;rs2305767;rs917997;rs6441961	AHI1;APOL1;BACH2;IFIH1;LPP;MTHFS;MYO9B;PLA2R1;PUS10;RPL3L;SYNPR	no	yes	structured_catalog_unvalidated	yes	yes	yes	no	yes	high	C	no	Sensitive trait (disease risk, pharmacogenomics, carrier status, reproductive genetics, or substance response). Requires clinical/regulatory review.	clinical, requires professional review	Sensitive trait. Requires clinical, regulatory, and ethical review. Not for direct-to-consumer reporting without professional oversight.	
wg-2148	genetic_disease	Disease Risk (Sensitive)	Centronuclear Myopathy (CNM)	Centronuclear Myopathy (CNM)	Genetic variants associated with Centronuclear Myopathy (CNM). Disease risk markers require clinical validation.	Association testing using genetic markers from the structured WeGene catalog related to Centronuclear Myopathy (CNM).	No clinical or diagnostic claims can be made. All rsIDs are externally unvalidated. This is a sensitive trait requiring clinical, regulatory, and ethical review before any reporting.	1	rs587783343	BIN1	no	yes	structured_catalog_unvalidated	yes	yes	yes	no	yes	high	C	no	Sensitive trait (disease risk, pharmacogenomics, carrier status, reproductive genetics, or substance response). Requires clinical/regulatory review.	clinical, requires professional review	Sensitive trait. Requires clinical, regulatory, and ethical review. Not for direct-to-consumer reporting without professional oversight.	
wg-2166	genetic_disease	Disease Risk (Sensitive)	Charcot-Marie-Tooth Disease (CMT)	Charcot-Marie-Tooth Disease (CMT)	Genetic variants associated with Charcot-Marie-Tooth Disease (CMT). Disease risk markers require clinical validation.	No genetic markers identified in the structured catalog.	No clinical or diagnostic claims can be made. All rsIDs are externally unvalidated. This is a sensitive trait requiring clinical, regulatory, and ethical review before any reporting.	0			no	no	no_markers	no	yes	no	no	no	high	E	no	No rsIDs linked to this trait.	N/A - no markers or not suitable	No genetic markers identified. Not suitable for commercial reporting.	
wg-2098	genetic_disease	Disease Risk (Sensitive)	Chediak-Higashi Syndrome (CHS)	Chediak-Higashi Syndrome (CHS)	Genetic variants associated with Chediak-Higashi Syndrome (CHS). Disease risk markers require clinical validation.	Association testing using genetic markers from the structured WeGene catalog related to Chediak-Higashi Syndrome (CHS).	No clinical or diagnostic claims can be made. All rsIDs are externally unvalidated. This is a sensitive trait requiring clinical, regulatory, and ethical review before any reporting.	3	rs28942077;rs80338642;rs80338643	LYST	no	yes	structured_catalog_unvalidated	yes	yes	yes	no	yes	high	C	no	Sensitive trait (disease risk, pharmacogenomics, carrier status, reproductive genetics, or substance response). Requires clinical/regulatory review.	clinical, requires professional review	Sensitive trait. Requires clinical, regulatory, and ethical review. Not for direct-to-consumer reporting without professional oversight.	
wg-2267	exposure_risk	Disease Risk (Sensitive)	Chlorinated Solvents	Chlorinated Solvents	Genetic variants associated with Chlorinated Solvents. Disease risk markers require clinical validation.	Association testing using genetic markers from the structured WeGene catalog related to Chlorinated Solvents.	No clinical or diagnostic claims can be made. All rsIDs are externally unvalidated. This is a sensitive trait requiring clinical, regulatory, and ethical review before any reporting.	2	rs12917;rs1805794	MGMT;NBN	no	yes	structured_catalog_unvalidated	yes	yes	yes	no	yes	high	C	no	Sensitive trait (disease risk, pharmacogenomics, carrier status, reproductive genetics, or substance response). Requires clinical/regulatory review.	clinical, requires professional review	Sensitive trait. Requires clinical, regulatory, and ethical review. Not for direct-to-consumer reporting without professional oversight.	
wg-1989	genetic_disease	Disease Risk (Sensitive)	Cholestasis	Cholestasis	Genetic variants associated with Cholestasis. Disease risk markers require clinical validation.	Association testing using genetic markers from the structured WeGene catalog related to Cholestasis.	No clinical or diagnostic claims can be made. All rsIDs are externally unvalidated. This is a sensitive trait requiring clinical, regulatory, and ethical review before any reporting.	3	rs121909098;rs72549402;rs758069019	ABCB11;ABCB4;ATP8B1	no	yes	structured_catalog_unvalidated	yes	yes	yes	no	yes	high	C	no	Sensitive trait (disease risk, pharmacogenomics, carrier status, reproductive genetics, or substance response). Requires clinical/regulatory review.	clinical, requires professional review	Sensitive trait. Requires clinical, regulatory, and ethical review. Not for direct-to-consumer reporting without professional oversight.	
wg-2149	genetic_disease	Disease Risk (Sensitive)	Choroidal Dystrophy, Central Areolar (CACD)	Choroidal Dystrophy, Central Areolar (CACD)	Genetic variants associated with Choroidal Dystrophy, Central Areolar (CACD). Disease risk markers require clinical validation.	Association testing using genetic markers from the structured WeGene catalog related to Choroidal Dystrophy, Central Areolar (CACD).	No clinical or diagnostic claims can be made. All rsIDs are externally unvalidated. This is a sensitive trait requiring clinical, regulatory, and ethical review before any reporting.	1	rs121918567	PRPH2	no	yes	structured_catalog_unvalidated	yes	yes	yes	no	yes	high	C	no	Sensitive trait (disease risk, pharmacogenomics, carrier status, reproductive genetics, or substance response). Requires clinical/regulatory review.	clinical, requires professional review	Sensitive trait. Requires clinical, regulatory, and ethical review. Not for direct-to-consumer reporting without professional oversight.	
wg-2095	genetic_disease	Disease Risk (Sensitive)	Choroideremia	Choroideremia	Genetic variants associated with Choroideremia. Disease risk markers require clinical validation.	Association testing using genetic markers from the structured WeGene catalog related to Choroideremia.	No clinical or diagnostic claims can be made. All rsIDs are externally unvalidated. This is a sensitive trait requiring clinical, regulatory, and ethical review before any reporting.	1	rs132630266	CHM	no	yes	structured_catalog_unvalidated	yes	yes	yes	no	yes	high	C	no	Sensitive trait (disease risk, pharmacogenomics, carrier status, reproductive genetics, or substance response). Requires clinical/regulatory review.	clinical, requires professional review	Sensitive trait. Requires clinical, regulatory, and ethical review. Not for direct-to-consumer reporting without professional oversight.	
wg-102	health_risk	Disease Risk (Sensitive)	Chronic Lymphocytic Leukemia (CLL)	Chronic Lymphocytic Leukemia (CLL)	Genetic variants associated with Chronic Lymphocytic Leukemia (CLL). Disease risk markers require clinical validation.	Association testing using genetic markers from the structured WeGene catalog related to Chronic Lymphocytic Leukemia (CLL).	No clinical or diagnostic claims can be made. All rsIDs are externally unvalidated. This is a sensitive trait requiring clinical, regulatory, and ethical review before any reporting.	8	rs4406737;rs13397985;rs4368253;rs735665;rs7944004;rs7176508;rs872071;rs4987855	BCL2;IRF4;PRKD2;SP140	no	yes	structured_catalog_unvalidated	yes	yes	yes	no	yes	high	C	no	Sensitive trait (disease risk, pharmacogenomics, carrier status, reproductive genetics, or substance response). Requires clinical/regulatory review.	clinical, requires professional review	Sensitive trait. Requires clinical, regulatory, and ethical review. Not for direct-to-consumer reporting without professional oversight.	
wg-72	health_risk	Disease Risk (Sensitive)	Chronic Obstructive Pulmonary Disease (COPD)	Chronic Obstructive Pulmonary Disease (COPD)	Genetic variants associated with Chronic Obstructive Pulmonary Disease (COPD). Disease risk markers require clinical validation.	Association testing using genetic markers from the structured WeGene catalog related to Chronic Obstructive Pulmonary Disease (COPD).	No clinical or diagnostic claims can be made. All rsIDs are externally unvalidated. This is a sensitive trait requiring clinical, regulatory, and ethical review before any reporting.	7	rs7671261;rs17576;rs3918396;rs7671167;rs3736309;rs8034191;rs503464	ADAM33;AQP5;EGFR;GPC5;HNF1A;MMP9;MPO;TGFB1	no	yes	structured_catalog_unvalidated	yes	yes	yes	no	yes	high	C	no	Sensitive trait (disease risk, pharmacogenomics, carrier status, reproductive genetics, or substance response). Requires clinical/regulatory review.	clinical, requires professional review	Sensitive trait. Requires clinical, regulatory, and ethical review. Not for direct-to-consumer reporting without professional oversight.	
wg-2275	health_risk	Disease Risk (Sensitive)	Cirrhosis	Cirrhosis	Genetic variants associated with Cirrhosis. Disease risk markers require clinical validation.	Association testing using genetic markers from the structured WeGene catalog related to Cirrhosis.	No clinical or diagnostic claims can be made. All rsIDs are externally unvalidated. This is a sensitive trait requiring clinical, regulatory, and ethical review before any reporting.	6	rs671;rs58542926;rs739846;rs1799992;rs738409;rs28929474	ADH1B;ADH1C;AGTR1;ALDH2;APC;APOE;C2;CYP1A1;EFCAB11;EPHX1;GSTP1;HMBS;KIF1B;MICA;MIF;MTHFR;PNPLA3;PPARGC1A;SERPINA1;STAT4;TM6SF2	no	yes	structured_catalog_unvalidated	yes	yes	yes	no	yes	high	C	no	Sensitive trait (disease risk, pharmacogenomics, carrier status, reproductive genetics, or substance response). Requires clinical/regulatory review.	clinical, requires professional review	Sensitive trait. Requires clinical, regulatory, and ethical review. Not for direct-to-consumer reporting without professional oversight.	
wg-2012	genetic_disease	Disease Risk (Sensitive)	Citrullinemia	Citrullinemia	Genetic variants associated with Citrullinemia. Disease risk markers require clinical validation.	Association testing using genetic markers from the structured WeGene catalog related to Citrullinemia.	No clinical or diagnostic claims can be made. All rsIDs are externally unvalidated. This is a sensitive trait requiring clinical, regulatory, and ethical review before any reporting.	4	rs19283;rs121908638;rs121908647;rs148918985	ASS1;SLC25A13	no	yes	structured_catalog_unvalidated	yes	yes	yes	no	yes	high	C	no	Sensitive trait (disease risk, pharmacogenomics, carrier status, reproductive genetics, or substance response). Requires clinical/regulatory review.	clinical, requires professional review	Sensitive trait. Requires clinical, regulatory, and ethical review. Not for direct-to-consumer reporting without professional oversight.	
wg-2262	exposure_risk	Disease Risk (Sensitive)	Cleaning Agents	Cleaning Agents	Genetic variants associated with Cleaning Agents. Disease risk markers require clinical validation.	Association testing using genetic markers from the structured WeGene catalog related to Cleaning Agents.	No clinical or diagnostic claims can be made. All rsIDs are externally unvalidated. This is a sensitive trait requiring clinical, regulatory, and ethical review before any reporting.	5	rs26670;rs79499;rs931127;rs1958980;rs11847351	PCNXL3;PRKD1;SIPA1	no	yes	structured_catalog_unvalidated	yes	yes	yes	no	yes	high	C	no	Sensitive trait (disease risk, pharmacogenomics, carrier status, reproductive genetics, or substance response). Requires clinical/regulatory review.	clinical, requires professional review	Sensitive trait. Requires clinical, regulatory, and ethical review. Not for direct-to-consumer reporting without professional oversight.	
wg-130	health_risk	Disease Risk (Sensitive)	Cleft Lip and Cleft Palate	Cleft Lip and Cleft Palate	Genetic variants associated with Cleft Lip and Cleft Palate. Disease risk markers require clinical validation.	Association testing using genetic markers from the structured WeGene catalog related to Cleft Lip and Cleft Palate.	No clinical or diagnostic claims can be made. All rsIDs are externally unvalidated. This is a sensitive trait requiring clinical, regulatory, and ethical review before any reporting.	7	rs1243573;rs987525;rs7017252;rs12543318;rs861020;rs227731;rs287980	IRF6;NTN1;TMEM19	no	yes	structured_catalog_unvalidated	yes	yes	yes	no	yes	high	C	no	Sensitive trait (disease risk, pharmacogenomics, carrier status, reproductive genetics, or substance response). Requires clinical/regulatory review.	clinical, requires professional review	Sensitive trait. Requires clinical, regulatory, and ethical review. Not for direct-to-consumer reporting without professional oversight.	
wg-2167	genetic_disease	Disease Risk (Sensitive)	Cockayne Syndrome (CS)	Cockayne Syndrome (CS)	Genetic variants associated with Cockayne Syndrome (CS). Disease risk markers require clinical validation.	Association testing using genetic markers from the structured WeGene catalog related to Cockayne Syndrome (CS).	No clinical or diagnostic claims can be made. All rsIDs are externally unvalidated. This is a sensitive trait requiring clinical, regulatory, and ethical review before any reporting.	3	rs202080674;rs786205166;rs786205167	ERCC6;ERCC8	no	yes	structured_catalog_unvalidated	yes	yes	yes	no	yes	high	C	no	Sensitive trait (disease risk, pharmacogenomics, carrier status, reproductive genetics, or substance response). Requires clinical/regulatory review.	clinical, requires professional review	Sensitive trait. Requires clinical, regulatory, and ethical review. Not for direct-to-consumer reporting without professional oversight.	
wg-2101	genetic_disease	Disease Risk (Sensitive)	Coenzyme Q10 Deficiency, Primary (COQ10D)	Coenzyme Q10 Deficiency, Primary (COQ10D)	Genetic variants associated with Coenzyme Q10 Deficiency, Primary (COQ10D). Disease risk markers require clinical validation.	Association testing using genetic markers from the structured WeGene catalog related to Coenzyme Q10 Deficiency, Primary (COQ10D).	No clinical or diagnostic claims can be made. All rsIDs are externally unvalidated. This is a sensitive trait requiring clinical, regulatory, and ethical review before any reporting.	1	rs121918231	COQ2	no	yes	structured_catalog_unvalidated	yes	yes	yes	no	yes	high	C	no	Sensitive trait (disease risk, pharmacogenomics, carrier status, reproductive genetics, or substance response). Requires clinical/regulatory review.	clinical, requires professional review	Sensitive trait. Requires clinical, regulatory, and ethical review. Not for direct-to-consumer reporting without professional oversight.	
wg-2168	genetic_disease	Disease Risk (Sensitive)	Coffin-Lowry Syndrome (CLS)	Coffin-Lowry Syndrome (CLS)	Genetic variants associated with Coffin-Lowry Syndrome (CLS). Disease risk markers require clinical validation.	Association testing using genetic markers from the structured WeGene catalog related to Coffin-Lowry Syndrome (CLS).	No clinical or diagnostic claims can be made. All rsIDs are externally unvalidated. This is a sensitive trait requiring clinical, regulatory, and ethical review before any reporting.	2	rs122454130;rs398124177	RPS6KA3	no	yes	structured_catalog_unvalidated	yes	yes	yes	no	yes	high	C	no	Sensitive trait (disease risk, pharmacogenomics, carrier status, reproductive genetics, or substance response). Requires clinical/regulatory review.	clinical, requires professional review	Sensitive trait. Requires clinical, regulatory, and ethical review. Not for direct-to-consumer reporting without professional oversight.	
wg-2169	genetic_disease	Disease Risk (Sensitive)	Cohen Syndrome (COH)	Cohen Syndrome (COH)	Genetic variants associated with Cohen Syndrome (COH). Disease risk markers require clinical validation.	Association testing using genetic markers from the structured WeGene catalog related to Cohen Syndrome (COH).	No clinical or diagnostic claims can be made. All rsIDs are externally unvalidated. This is a sensitive trait requiring clinical, regulatory, and ethical review before any reporting.	3	rs180177327;rs140353201;rs140936527	VPS13B	no	yes	structured_catalog_unvalidated	yes	yes	yes	no	yes	high	C	no	Sensitive trait (disease risk, pharmacogenomics, carrier status, reproductive genetics, or substance response). Requires clinical/regulatory review.	clinical, requires professional review	Sensitive trait. Requires clinical, regulatory, and ethical review. Not for direct-to-consumer reporting without professional oversight.	
wg-44	health_risk	Disease Risk (Sensitive)	Colorectal Cancer	Colorectal Cancer	Genetic variants associated with Colorectal Cancer. Disease risk markers require clinical validation.	Association testing using genetic markers from the structured WeGene catalog related to Colorectal Cancer.	No clinical or diagnostic claims can be made. All rsIDs are externally unvalidated. This is a sensitive trait requiring clinical, regulatory, and ethical review before any reporting.	7	rs12953717;rs4779584;rs1049174;rs266729;rs4939827;rs10411210;rs4464148	ADIPOQ;APC;CHFR;RHPN2;SMAD7	no	yes	structured_catalog_unvalidated	yes	yes	yes	no	yes	high	C	no	Sensitive trait (disease risk, pharmacogenomics, carrier status, reproductive genetics, or substance response). Requires clinical/regulatory review.	clinical, requires professional review	Sensitive trait. Requires clinical, regulatory, and ethical review. Not for direct-to-consumer reporting without professional oversight.	
wg-2002	genetic_disease	Disease Risk (Sensitive)	Combined Oxidative Phosphorylation Deficiency (COXPD)	Combined Oxidative Phosphorylation Deficiency (COXPD)	Genetic variants associated with Combined Oxidative Phosphorylation Deficiency (COXPD). Disease risk markers require clinical validation.	Association testing using genetic markers from the structured WeGene catalog related to Combined Oxidative Phosphorylation Deficiency (COXPD).	No clinical or diagnostic claims can be made. All rsIDs are externally unvalidated. This is a sensitive trait requiring clinical, regulatory, and ethical review before any reporting.	3	rs1370579526;rs1562168768;rs184469579		no	yes	structured_catalog_unvalidated	yes	yes	yes	no	yes	high	C	no	Sensitive trait (disease risk, pharmacogenomics, carrier status, reproductive genetics, or substance response). Requires clinical/regulatory review.	clinical, requires professional review	Sensitive trait. Requires clinical, regulatory, and ethical review. Not for direct-to-consumer reporting without professional oversight.	No genes associated.
wg-2046	genetic_disease	Disease Risk (Sensitive)	Combined Pituitary Hormone Deficiency (CPHD)	Combined Pituitary Hormone Deficiency (CPHD)	Genetic variants associated with Combined Pituitary Hormone Deficiency (CPHD). Disease risk markers require clinical validation.	Association testing using genetic markers from the structured WeGene catalog related to Combined Pituitary Hormone Deficiency (CPHD).	No clinical or diagnostic claims can be made. All rsIDs are externally unvalidated. This is a sensitive trait requiring clinical, regulatory, and ethical review before any reporting.	3	rs104893763;rs104893764;rs104893765	HESX1;POU1F1;PROP1	no	yes	structured_catalog_unvalidated	yes	yes	yes	no	yes	high	C	no	Sensitive trait (disease risk, pharmacogenomics, carrier status, reproductive genetics, or substance response). Requires clinical/regulatory review.	clinical, requires professional review	Sensitive trait. Requires clinical, regulatory, and ethical review. Not for direct-to-consumer reporting without professional oversight.	
wg-2083	genetic_disease	Disease Risk (Sensitive)	Cone-Rod Dystrophy (CRD)	Cone-Rod Dystrophy (CRD)	Genetic variants associated with Cone-Rod Dystrophy (CRD). Disease risk markers require clinical validation.	Association testing using genetic markers from the structured WeGene catalog related to Cone-Rod Dystrophy (CRD).	No clinical or diagnostic claims can be made. All rsIDs are externally unvalidated. This is a sensitive trait requiring clinical, regulatory, and ethical review before any reporting.	3	rs137853041;rs397517974;rs61751407	ABCA4;PROM1;USH2A	no	yes	structured_catalog_unvalidated	yes	yes	yes	no	yes	high	C	no	Sensitive trait (disease risk, pharmacogenomics, carrier status, reproductive genetics, or substance response). Requires clinical/regulatory review.	clinical, requires professional review	Sensitive trait. Requires clinical, regulatory, and ethical review. Not for direct-to-consumer reporting without professional oversight.	
wg-2108	genetic_disease	Disease Risk (Sensitive)	Congenital Amegakaryocytic Thrombocytopenia (CAMT)	Congenital Amegakaryocytic Thrombocytopenia (CAMT)	Genetic variants associated with Congenital Amegakaryocytic Thrombocytopenia (CAMT). Disease risk markers require clinical validation.	Association testing using genetic markers from the structured WeGene catalog related to Congenital Amegakaryocytic Thrombocytopenia (CAMT).	No clinical or diagnostic claims can be made. All rsIDs are externally unvalidated. This is a sensitive trait requiring clinical, regulatory, and ethical review before any reporting.	3	rs121913611;rs148434485;rs587778515	MPL	no	yes	structured_catalog_unvalidated	yes	yes	yes	no	yes	high	C	no	Sensitive trait (disease risk, pharmacogenomics, carrier status, reproductive genetics, or substance response). Requires clinical/regulatory review.	clinical, requires professional review	Sensitive trait. Requires clinical, regulatory, and ethical review. Not for direct-to-consumer reporting without professional oversight.	
wg-2099	genetic_disease	Disease Risk (Sensitive)	Congenital Bile Acid Synthesis Defect (CBAS)	Congenital Bile Acid Synthesis Defect (CBAS)	Genetic variants associated with Congenital Bile Acid Synthesis Defect (CBAS). Disease risk markers require clinical validation.	Association testing using genetic markers from the structured WeGene catalog related to Congenital Bile Acid Synthesis Defect (CBAS).	No clinical or diagnostic claims can be made. All rsIDs are externally unvalidated. This is a sensitive trait requiring clinical, regulatory, and ethical review before any reporting.	4	rs387906;rs121917814;rs182820353;rs267606650	AKR1D1;AMACR;CDON;HSD3B7;SHH;TGIF1	no	yes	structured_catalog_unvalidated	yes	yes	yes	no	yes	high	C	no	Sensitive trait (disease risk, pharmacogenomics, carrier status, reproductive genetics, or substance response). Requires clinical/regulatory review.	clinical, requires professional review	Sensitive trait. Requires clinical, regulatory, and ethical review. Not for direct-to-consumer reporting without professional oversight.	
wg-2105	genetic_disease	Disease Risk (Sensitive)	Congenital Disorder of Deglycosylation (CDDG)	Congenital Disorder of Deglycosylation (CDDG)	Genetic variants associated with Congenital Disorder of Deglycosylation (CDDG). Disease risk markers require clinical validation.	Association testing using genetic markers from the structured WeGene catalog related to Congenital Disorder of Deglycosylation (CDDG).	No clinical or diagnostic claims can be made. All rsIDs are externally unvalidated. This is a sensitive trait requiring clinical, regulatory, and ethical review before any reporting.	3	rs587776982;rs146140738;rs201337954	NGLY1	no	yes	structured_catalog_unvalidated	yes	yes	yes	no	yes	high	C	no	Sensitive trait (disease risk, pharmacogenomics, carrier status, reproductive genetics, or substance response). Requires clinical/regulatory review.	clinical, requires professional review	Sensitive trait. Requires clinical, regulatory, and ethical review. Not for direct-to-consumer reporting without professional oversight.	
wg-2107	genetic_disease	Disease Risk (Sensitive)	Congenital Disorder of Glycosylation (CDG)	Congenital Disorder of Glycosylation (CDG)	Genetic variants associated with Congenital Disorder of Glycosylation (CDG). Disease risk markers require clinical validation.	Association testing using genetic markers from the structured WeGene catalog related to Congenital Disorder of Glycosylation (CDG).	No clinical or diagnostic claims can be made. All rsIDs are externally unvalidated. This is a sensitive trait requiring clinical, regulatory, and ethical review before any reporting.	4	rs20050;rs104894533;rs121907933;rs139716296	ALG1;ALG12;PMM2	no	yes	structured_catalog_unvalidated	yes	yes	yes	no	yes	high	C	no	Sensitive trait (disease risk, pharmacogenomics, carrier status, reproductive genetics, or substance response). Requires clinical/regulatory review.	clinical, requires professional review	Sensitive trait. Requires clinical, regulatory, and ethical review. Not for direct-to-consumer reporting without professional oversight.	
wg-2102	genetic_disease	Disease Risk (Sensitive)	Congenital Dyserythropoietic Anemia (CDA)	Congenital Dyserythropoietic Anemia (CDA)	Genetic variants associated with Congenital Dyserythropoietic Anemia (CDA). Disease risk markers require clinical validation.	Association testing using genetic markers from the structured WeGene catalog related to Congenital Dyserythropoietic Anemia (CDA).	No clinical or diagnostic claims can be made. All rsIDs are externally unvalidated. This is a sensitive trait requiring clinical, regulatory, and ethical review before any reporting.	4	rs39812;rs120074167;rs121918221;rs121918223	AGL;ANO5;ARSB;BCKDH;BCKDHA;BCKDHB;BTD;CDAN1;DBT;DMD;DYSF;G6PC;G6PC1;GAA;GALNS;GBA;GBA1;GBE1;GLB1;GNPTA;GNPTAB;GNPTG;IDS;IDUA;MCOLN;MCOLN1;MSH6;MYO7A;PCDH15;PYGM;SEC23B;SGSH;USH1C;USH1G;USH2A	no	yes	structured_catalog_unvalidated	yes	yes	yes	no	yes	high	C	no	Sensitive trait (disease risk, pharmacogenomics, carrier status, reproductive genetics, or substance response). Requires clinical/regulatory review.	clinical, requires professional review	Sensitive trait. Requires clinical, regulatory, and ethical review. Not for direct-to-consumer reporting without professional oversight.	
wg-2109	genetic_disease	Disease Risk (Sensitive)	Congenital Fibrosis of Extraocular Muscles (CFEOM)	Congenital Fibrosis of Extraocular Muscles (CFEOM)	Genetic variants associated with Congenital Fibrosis of Extraocular Muscles (CFEOM). Disease risk markers require clinical validation.	Association testing using genetic markers from the structured WeGene catalog related to Congenital Fibrosis of Extraocular Muscles (CFEOM).	No clinical or diagnostic claims can be made. All rsIDs are externally unvalidated. This is a sensitive trait requiring clinical, regulatory, and ethical review before any reporting.	3	rs121912585;rs267607162;rs864321715	KIF21A;TUBB3	no	yes	structured_catalog_unvalidated	yes	yes	yes	no	yes	high	C	no	Sensitive trait (disease risk, pharmacogenomics, carrier status, reproductive genetics, or substance response). Requires clinical/regulatory review.	clinical, requires professional review	Sensitive trait. Requires clinical, regulatory, and ethical review. Not for direct-to-consumer reporting without professional oversight.	
wg-2106	genetic_disease	Disease Risk (Sensitive)	Congenital Generalized Lipodystrophy (CGL)	Congenital Generalized Lipodystrophy (CGL)	Genetic variants associated with Congenital Generalized Lipodystrophy (CGL). Disease risk markers require clinical validation.	Association testing using genetic markers from the structured WeGene catalog related to Congenital Generalized Lipodystrophy (CGL).	No clinical or diagnostic claims can be made. All rsIDs are externally unvalidated. This is a sensitive trait requiring clinical, regulatory, and ethical review before any reporting.	3	rs116807569;rs137852975;rs797045222	AGPAT2;BSCL2	no	yes	structured_catalog_unvalidated	yes	yes	yes	no	yes	high	C	no	Sensitive trait (disease risk, pharmacogenomics, carrier status, reproductive genetics, or substance response). Requires clinical/regulatory review.	clinical, requires professional review	Sensitive trait. Requires clinical, regulatory, and ethical review. Not for direct-to-consumer reporting without professional oversight.	
wg-2110	genetic_disease	Disease Risk (Sensitive)	Congenital Ichthyosis	Congenital Ichthyosis	Genetic variants associated with Congenital Ichthyosis. Disease risk markers require clinical validation.	Association testing using genetic markers from the structured WeGene catalog related to Congenital Ichthyosis.	No clinical or diagnostic claims can be made. All rsIDs are externally unvalidated. This is a sensitive trait requiring clinical, regulatory, and ethical review before any reporting.	4	rs19942;rs137853289;rs139208806;rs143473912	ABCA12;ALOX12B;NIPAL4;TGM1	no	yes	structured_catalog_unvalidated	yes	yes	yes	no	yes	high	C	no	Sensitive trait (disease risk, pharmacogenomics, carrier status, reproductive genetics, or substance response). Requires clinical/regulatory review.	clinical, requires professional review	Sensitive trait. Requires clinical, regulatory, and ethical review. Not for direct-to-consumer reporting without professional oversight.	
wg-1996	genetic_disease	Disease Risk (Sensitive)	Congenital Multicore Myopathy with External Ophthalmoplegia	Congenital Multicore Myopathy with External Ophthalmoplegia	Genetic variants associated with Congenital Multicore Myopathy with External Ophthalmoplegia. Disease risk markers require clinical validation.	Association testing using genetic markers from the structured WeGene catalog related to Congenital Multicore Myopathy with External Ophthalmoplegia.	No clinical or diagnostic claims can be made. All rsIDs are externally unvalidated. This is a sensitive trait requiring clinical, regulatory, and ethical review before any reporting.	4	rs12191;rs1057524858;rs113928116;rs118192150	BAG3;BMPR1A;COL4A3;COL4A5;DES;FLNC;MVK;RYR1;SMAD4;TNNI3	no	yes	structured_catalog_unvalidated	yes	yes	yes	no	yes	high	C	no	Sensitive trait (disease risk, pharmacogenomics, carrier status, reproductive genetics, or substance response). Requires clinical/regulatory review.	clinical, requires professional review	Sensitive trait. Requires clinical, regulatory, and ethical review. Not for direct-to-consumer reporting without professional oversight.	
wg-2104	genetic_disease	Disease Risk (Sensitive)	Congenital Stationary Night Blindness (CSNB)	Congenital Stationary Night Blindness (CSNB)	Genetic variants associated with Congenital Stationary Night Blindness (CSNB). Disease risk markers require clinical validation.	Association testing using genetic markers from the structured WeGene catalog related to Congenital Stationary Night Blindness (CSNB).	No clinical or diagnostic claims can be made. All rsIDs are externally unvalidated. This is a sensitive trait requiring clinical, regulatory, and ethical review before any reporting.	3	rs180869804;rs387906862;rs778390089	TRPM1	no	yes	structured_catalog_unvalidated	yes	yes	yes	no	yes	high	C	no	Sensitive trait (disease risk, pharmacogenomics, carrier status, reproductive genetics, or substance response). Requires clinical/regulatory review.	clinical, requires professional review	Sensitive trait. Requires clinical, regulatory, and ethical review. Not for direct-to-consumer reporting without professional oversight.	
wg-2170	genetic_disease	Disease Risk (Sensitive)	Cornelia de Lange Syndrome (CdLS)	Cornelia de Lange Syndrome (CdLS)	Genetic variants associated with Cornelia de Lange Syndrome (CdLS). Disease risk markers require clinical validation.	No genetic markers identified in the structured catalog.	No clinical or diagnostic claims can be made. All rsIDs are externally unvalidated. This is a sensitive trait requiring clinical, regulatory, and ethical review before any reporting.	0			no	no	no_markers	no	yes	no	no	no	high	E	no	No rsIDs linked to this trait.	N/A - no markers or not suitable	No genetic markers identified. Not suitable for commercial reporting.	
wg-87	health_risk	Disease Risk (Sensitive)	Coronary Heart Disease (CHD)	Coronary Heart Disease (CHD)	Genetic variants associated with Coronary Heart Disease (CHD). Disease risk markers require clinical validation.	Association testing using genetic markers from the structured WeGene catalog related to Coronary Heart Disease (CHD).	No clinical or diagnostic claims can be made. All rsIDs are externally unvalidated. This is a sensitive trait requiring clinical, regulatory, and ethical review before any reporting.	10	rs4708876;rs6903956;rs852787;rs9349379;rs12469758;rs3782886;rs229856;rs7439293;rs662;rs10757278	ADTRP;APOL1;BRAP;CDKN2BAS;DAB1;DAB2IP;ERG;LPA;LPL;LRP1;MTHFS;PALLD;PCSK9;PLA2R1;PLCE1;PON1;PRDM16;RPL3L;SCML4;SNX19;THSD7A;TRPM8	no	yes	structured_catalog_unvalidated	yes	yes	yes	no	yes	high	C	no	Sensitive trait (disease risk, pharmacogenomics, carrier status, reproductive genetics, or substance response). Requires clinical/regulatory review.	clinical, requires professional review	Sensitive trait. Requires clinical, regulatory, and ethical review. Not for direct-to-consumer reporting without professional oversight.	
wg-2171	genetic_disease	Disease Risk (Sensitive)	Costello Syndrome	Costello Syndrome	Genetic variants associated with Costello Syndrome. Disease risk markers require clinical validation.	Association testing using genetic markers from the structured WeGene catalog related to Costello Syndrome.	No clinical or diagnostic claims can be made. All rsIDs are externally unvalidated. This is a sensitive trait requiring clinical, regulatory, and ethical review before any reporting.	3	rs104894227;rs727503093;rs730880460	HRAS	no	yes	structured_catalog_unvalidated	yes	yes	yes	no	yes	high	C	no	Sensitive trait (disease risk, pharmacogenomics, carrier status, reproductive genetics, or substance response). Requires clinical/regulatory review.	clinical, requires professional review	Sensitive trait. Requires clinical, regulatory, and ethical review. Not for direct-to-consumer reporting without professional oversight.	
wg-2258	exposure_risk	Disease Risk (Sensitive)	Cow's Milk	Cow's Milk	Genetic variants associated with Cow's Milk. Disease risk markers require clinical validation.	Association testing using genetic markers from the structured WeGene catalog related to Cow's Milk.	No clinical or diagnostic claims can be made. All rsIDs are externally unvalidated. This is a sensitive trait requiring clinical, regulatory, and ethical review before any reporting.	4	rs1800896;rs2069772;rs12123821;rs17616434	CYP1B1;FGFR4;FYCO1;IL1B;MMP9;MTHFR;NLRP3;PCAT19;SELE;TIMM23B	no	yes	structured_catalog_unvalidated	yes	yes	yes	no	yes	high	C	no	Sensitive trait (disease risk, pharmacogenomics, carrier status, reproductive genetics, or substance response). Requires clinical/regulatory review.	clinical, requires professional review	Sensitive trait. Requires clinical, regulatory, and ethical review. Not for direct-to-consumer reporting without professional oversight.	
wg-2049	genetic_disease	Disease Risk (Sensitive)	Cranioectodermal Dysplasia (CED)	Cranioectodermal Dysplasia (CED)	Genetic variants associated with Cranioectodermal Dysplasia (CED). Disease risk markers require clinical validation.	Association testing using genetic markers from the structured WeGene catalog related to Cranioectodermal Dysplasia (CED).	No clinical or diagnostic claims can be made. All rsIDs are externally unvalidated. This is a sensitive trait requiring clinical, regulatory, and ethical review before any reporting.	1	rs786205567	IFT122	no	yes	structured_catalog_unvalidated	yes	yes	yes	no	yes	high	C	no	Sensitive trait (disease risk, pharmacogenomics, carrier status, reproductive genetics, or substance response). Requires clinical/regulatory review.	clinical, requires professional review	Sensitive trait. Requires clinical, regulatory, and ethical review. Not for direct-to-consumer reporting without professional oversight.	
wg-2048	genetic_disease	Disease Risk (Sensitive)	Craniofrontonasal Syndrome (CFNS)	Craniofrontonasal Syndrome (CFNS)	Genetic variants associated with Craniofrontonasal Syndrome (CFNS). Disease risk markers require clinical validation.	Association testing using genetic markers from the structured WeGene catalog related to Craniofrontonasal Syndrome (CFNS).	No clinical or diagnostic claims can be made. All rsIDs are externally unvalidated. This is a sensitive trait requiring clinical, regulatory, and ethical review before any reporting.	3	rs104894801;rs104894804;rs28936070	EFNB1	no	yes	structured_catalog_unvalidated	yes	yes	yes	no	yes	high	C	no	Sensitive trait (disease risk, pharmacogenomics, carrier status, reproductive genetics, or substance response). Requires clinical/regulatory review.	clinical, requires professional review	Sensitive trait. Requires clinical, regulatory, and ethical review. Not for direct-to-consumer reporting without professional oversight.	
wg-2172	genetic_disease	Disease Risk (Sensitive)	Crigler-Najjar Syndrome (CNS)	Crigler-Najjar Syndrome (CNS)	Genetic variants associated with Crigler-Najjar Syndrome (CNS). Disease risk markers require clinical validation.	Association testing using genetic markers from the structured WeGene catalog related to Crigler-Najjar Syndrome (CNS).	No clinical or diagnostic claims can be made. All rsIDs are externally unvalidated. This is a sensitive trait requiring clinical, regulatory, and ethical review before any reporting.	2	rs72551348;rs797046091	UGT1A;UGT1A1	no	yes	structured_catalog_unvalidated	yes	yes	yes	no	yes	high	C	no	Sensitive trait (disease risk, pharmacogenomics, carrier status, reproductive genetics, or substance response). Requires clinical/regulatory review.	clinical, requires professional review	Sensitive trait. Requires clinical, regulatory, and ethical review. Not for direct-to-consumer reporting without professional oversight.	
wg-2173	genetic_disease	Disease Risk (Sensitive)	Crouzon Syndrome	Crouzon Syndrome	Genetic variants associated with Crouzon Syndrome. Disease risk markers require clinical validation.	Association testing using genetic markers from the structured WeGene catalog related to Crouzon Syndrome.	No clinical or diagnostic claims can be made. All rsIDs are externally unvalidated. This is a sensitive trait requiring clinical, regulatory, and ethical review before any reporting.	3	rs121918488;rs121918494;rs121918501	FGFR2	no	yes	structured_catalog_unvalidated	yes	yes	yes	no	yes	high	C	no	Sensitive trait (disease risk, pharmacogenomics, carrier status, reproductive genetics, or substance response). Requires clinical/regulatory review.	clinical, requires professional review	Sensitive trait. Requires clinical, regulatory, and ethical review. Not for direct-to-consumer reporting without professional oversight.	
wg-1970	infection_risk	Disease Risk (Sensitive)	Cryptococcus Infection	Cryptococcus Infection	Genetic variants associated with Cryptococcus Infection. Disease risk markers require clinical validation.	Association testing using genetic markers from the structured WeGene catalog related to Cryptococcus Infection.	No clinical or diagnostic claims can be made. All rsIDs are externally unvalidated. This is a sensitive trait requiring clinical, regulatory, and ethical review before any reporting.	1	rs5743604	TLR1	no	yes	structured_catalog_unvalidated	yes	yes	yes	no	yes	high	C	no	Sensitive trait (disease risk, pharmacogenomics, carrier status, reproductive genetics, or substance response). Requires clinical/regulatory review.	clinical, requires professional review	Sensitive trait. Requires clinical, regulatory, and ethical review. Not for direct-to-consumer reporting without professional oversight.	
wg-2063	genetic_disease	Disease Risk (Sensitive)	Cutis Laxa (CL)	Cutis Laxa (CL)	Genetic variants associated with Cutis Laxa (CL). Disease risk markers require clinical validation.	Association testing using genetic markers from the structured WeGene catalog related to Cutis Laxa (CL).	No clinical or diagnostic claims can be made. All rsIDs are externally unvalidated. This is a sensitive trait requiring clinical, regulatory, and ethical review before any reporting.	4	rs15134;rs119489101;rs121918377;rs1382026467	ALDH18A1;ATP7A;EFEMP2;LTBP4;PYCR1	no	yes	structured_catalog_unvalidated	yes	yes	yes	no	yes	high	C	no	Sensitive trait (disease risk, pharmacogenomics, carrier status, reproductive genetics, or substance response). Requires clinical/regulatory review.	clinical, requires professional review	Sensitive trait. Requires clinical, regulatory, and ethical review. Not for direct-to-consumer reporting without professional oversight.	
wg-2053	genetic_disease	Disease Risk (Sensitive)	Cystic Fibrosis (CF)	Cystic Fibrosis (CF)	Genetic variants associated with Cystic Fibrosis (CF). Disease risk markers require clinical validation.	Association testing using genetic markers from the structured WeGene catalog related to Cystic Fibrosis (CF).	No clinical or diagnostic claims can be made. All rsIDs are externally unvalidated. This is a sensitive trait requiring clinical, regulatory, and ethical review before any reporting.	4	rs39750;rs113993958;rs121908754;rs121908760	BRAF;CFTR;CTRC;KRAS;MAP2K1;MAP2K2;PRSS1;SPINK1	no	yes	structured_catalog_unvalidated	yes	yes	yes	no	yes	high	C	no	Sensitive trait (disease risk, pharmacogenomics, carrier status, reproductive genetics, or substance response). Requires clinical/regulatory review.	clinical, requires professional review	Sensitive trait. Requires clinical, regulatory, and ethical review. Not for direct-to-consumer reporting without professional oversight.	
wg-2174	genetic_disease	Disease Risk (Sensitive)	D-2-hydroxyglutaric Aciduria (D2HGA)	D-2-hydroxyglutaric Aciduria (D2HGA)	Genetic variants associated with D-2-hydroxyglutaric Aciduria (D2HGA). Disease risk markers require clinical validation.	Association testing using genetic markers from the structured WeGene catalog related to D-2-hydroxyglutaric Aciduria (D2HGA).	No clinical or diagnostic claims can be made. All rsIDs are externally unvalidated. This is a sensitive trait requiring clinical, regulatory, and ethical review before any reporting.	2	rs797045507;rs797045506	D2HGDH	no	yes	structured_catalog_unvalidated	yes	yes	yes	no	yes	high	C	no	Sensitive trait (disease risk, pharmacogenomics, carrier status, reproductive genetics, or substance response). Requires clinical/regulatory review.	clinical, requires professional review	Sensitive trait. Requires clinical, regulatory, and ethical review. Not for direct-to-consumer reporting without professional oversight.	
wg-2175	genetic_disease	Disease Risk (Sensitive)	De Sanctis-Cacchione Syndrome (DSC)	De Sanctis-Cacchione Syndrome (DSC)	Genetic variants associated with De Sanctis-Cacchione Syndrome (DSC). Disease risk markers require clinical validation.	Association testing using genetic markers from the structured WeGene catalog related to De Sanctis-Cacchione Syndrome (DSC).	No clinical or diagnostic claims can be made. All rsIDs are externally unvalidated. This is a sensitive trait requiring clinical, regulatory, and ethical review before any reporting.	3	rs121917904;rs373227647;rs751838040	ERCC6	no	yes	structured_catalog_unvalidated	yes	yes	yes	no	yes	high	C	no	Sensitive trait (disease risk, pharmacogenomics, carrier status, reproductive genetics, or substance response). Requires clinical/regulatory review.	clinical, requires professional review	Sensitive trait. Requires clinical, regulatory, and ethical review. Not for direct-to-consumer reporting without professional oversight.	
wg-1762	genetic_disease	Disease Risk (Sensitive)	Dementia with Lewy Body (DLB)	Dementia with Lewy Body (DLB)	Genetic variants associated with Dementia with Lewy Body (DLB). Disease risk markers require clinical validation.	Association testing using genetic markers from the structured WeGene catalog related to Dementia with Lewy Body (DLB).	No clinical or diagnostic claims can be made. All rsIDs are externally unvalidated. This is a sensitive trait requiring clinical, regulatory, and ethical review before any reporting.	2	rs789731;rs803567	GBA	no	yes	structured_catalog_unvalidated	yes	yes	yes	no	yes	high	C	no	Sensitive trait (disease risk, pharmacogenomics, carrier status, reproductive genetics, or substance response). Requires clinical/regulatory review.	clinical, requires professional review	Sensitive trait. Requires clinical, regulatory, and ethical review. Not for direct-to-consumer reporting without professional oversight.	
wg-2176	genetic_disease	Disease Risk (Sensitive)	Dent Disease	Dent Disease	Genetic variants associated with Dent Disease. Disease risk markers require clinical validation.	Association testing using genetic markers from the structured WeGene catalog related to Dent Disease.	No clinical or diagnostic claims can be made. All rsIDs are externally unvalidated. This is a sensitive trait requiring clinical, regulatory, and ethical review before any reporting.	3	rs151340620;rs151340621;rs151340630	CLCN5	no	yes	structured_catalog_unvalidated	yes	yes	yes	no	yes	high	C	no	Sensitive trait (disease risk, pharmacogenomics, carrier status, reproductive genetics, or substance response). Requires clinical/regulatory review.	clinical, requires professional review	Sensitive trait. Requires clinical, regulatory, and ethical review. Not for direct-to-consumer reporting without professional oversight.	
wg-1552	health_risk	Disease Risk (Sensitive)	Dental Caries	Dental Caries	Genetic variants associated with Dental Caries. Disease risk markers require clinical validation.	Association testing using genetic markers from the structured WeGene catalog related to Dental Caries.	No clinical or diagnostic claims can be made. All rsIDs are externally unvalidated. This is a sensitive trait requiring clinical, regulatory, and ethical review before any reporting.	6	rs2046315;rs28822480;rs10486722;rs11672900;rs10048146;rs1079204	AAMP;PBX3	no	yes	structured_catalog_unvalidated	yes	yes	yes	no	yes	high	C	no	Sensitive trait (disease risk, pharmacogenomics, carrier status, reproductive genetics, or substance response). Requires clinical/regulatory review.	clinical, requires professional review	Sensitive trait. Requires clinical, regulatory, and ethical review. Not for direct-to-consumer reporting without professional oversight.	
wg-1550	health_risk	Disease Risk (Sensitive)	Dental Retardation	Dental Retardation	Genetic variants associated with Dental Retardation. Disease risk markers require clinical validation.	Association testing using genetic markers from the structured WeGene catalog related to Dental Retardation.	No clinical or diagnostic claims can be made. All rsIDs are externally unvalidated. This is a sensitive trait requiring clinical, regulatory, and ethical review before any reporting.	7	rs997154;rs5936487;rs1956529;rs10740993;rs2281845;rs12424086;rs4491709	CACNB2;EDA;MSRB3;RAD51B	no	yes	structured_catalog_unvalidated	yes	yes	yes	no	yes	high	C	no	Sensitive trait (disease risk, pharmacogenomics, carrier status, reproductive genetics, or substance response). Requires clinical/regulatory review.	clinical, requires professional review	Sensitive trait. Requires clinical, regulatory, and ethical review. Not for direct-to-consumer reporting without professional oversight.	
wg-242	health_risk	Disease Risk (Sensitive)	Depression	Depression	Genetic variants associated with Depression. Disease risk markers require clinical validation.	Association testing using genetic markers from the structured WeGene catalog related to Depression.	No clinical or diagnostic claims can be made. All rsIDs are externally unvalidated. This is a sensitive trait requiring clinical, regulatory, and ethical review before any reporting.	6	rs2267015;rs2156921;rs2267012;rs3761418;rs2267013;rs1360780	BCR;CYB561A3;FKBP5;RHEB;SORCS3	no	yes	structured_catalog_unvalidated	yes	yes	yes	no	yes	high	C	no	Sensitive trait (disease risk, pharmacogenomics, carrier status, reproductive genetics, or substance response). Requires clinical/regulatory review.	clinical, requires professional review	Sensitive trait. Requires clinical, regulatory, and ethical review. Not for direct-to-consumer reporting without professional oversight.	
wg-2177	genetic_disease	Disease Risk (Sensitive)	Desbuquois Dysplasia	Desbuquois Dysplasia	Genetic variants associated with Desbuquois Dysplasia. Disease risk markers require clinical validation.	Association testing using genetic markers from the structured WeGene catalog related to Desbuquois Dysplasia.	No clinical or diagnostic claims can be made. All rsIDs are externally unvalidated. This is a sensitive trait requiring clinical, regulatory, and ethical review before any reporting.	3	rs267606701;rs538543007;rs587776897	CANT1	no	yes	structured_catalog_unvalidated	yes	yes	yes	no	yes	high	C	no	Sensitive trait (disease risk, pharmacogenomics, carrier status, reproductive genetics, or substance response). Requires clinical/regulatory review.	clinical, requires professional review	Sensitive trait. Requires clinical, regulatory, and ethical review. Not for direct-to-consumer reporting without professional oversight.	
wg-131	health_risk	Disease Risk (Sensitive)	Developmental Dyslexia	Developmental Dyslexia	Genetic variants associated with Developmental Dyslexia. Disease risk markers require clinical validation.	Association testing using genetic markers from the structured WeGene catalog related to Developmental Dyslexia.	No clinical or diagnostic claims can be made. All rsIDs are externally unvalidated. This is a sensitive trait requiring clinical, regulatory, and ethical review before any reporting.	6	rs3765502;rs2274305;rs2255526;rs1079727;rs41012;rs761100	AUTS2;DCDC2;DRD2;KIAA0319	no	yes	structured_catalog_unvalidated	yes	yes	yes	no	yes	high	C	no	Sensitive trait (disease risk, pharmacogenomics, carrier status, reproductive genetics, or substance response). Requires clinical/regulatory review.	clinical, requires professional review	Sensitive trait. Requires clinical, regulatory, and ethical review. Not for direct-to-consumer reporting without professional oversight.	
wg-2000	genetic_disease	Disease Risk (Sensitive)	Developmental and Epileptic Encephalopathy (DEE)	Developmental and Epileptic Encephalopathy (DEE)	Genetic variants associated with Developmental and Epileptic Encephalopathy (DEE). Disease risk markers require clinical validation.	Association testing using genetic markers from the structured WeGene catalog related to Developmental and Epileptic Encephalopathy (DEE).	No clinical or diagnostic claims can be made. All rsIDs are externally unvalidated. This is a sensitive trait requiring clinical, regulatory, and ethical review before any reporting.	5	rs11819;rs79605;rs1057516095;rs1057516098;rs1060502176	AHI1;CACNA1A;CC2D2A;CDKL5;CHD2;CLN3;CLN5;CLN8;INPP5E;KCNQ2;KIAA05;MFSD8;PCCA;PCCB;PCDH19;PPT1;RPGRIP1L;SCN2A;TMEM67;UQCRFS1	no	yes	structured_catalog_unvalidated	yes	yes	yes	no	yes	high	C	no	Sensitive trait (disease risk, pharmacogenomics, carrier status, reproductive genetics, or substance response). Requires clinical/regulatory review.	clinical, requires professional review	Sensitive trait. Requires clinical, regulatory, and ethical review. Not for direct-to-consumer reporting without professional oversight.	
wg-2178	genetic_disease	Disease Risk (Sensitive)	Diamond-Blackfan Anemia (DBA)	Diamond-Blackfan Anemia (DBA)	Genetic variants associated with Diamond-Blackfan Anemia (DBA). Disease risk markers require clinical validation.	Association testing using genetic markers from the structured WeGene catalog related to Diamond-Blackfan Anemia (DBA).	No clinical or diagnostic claims can be made. All rsIDs are externally unvalidated. This is a sensitive trait requiring clinical, regulatory, and ethical review before any reporting.	4	rs61762;rs116840808;rs116840809;rs1555524354	RPS19;RPS26	no	yes	structured_catalog_unvalidated	yes	yes	yes	no	yes	high	C	no	Sensitive trait (disease risk, pharmacogenomics, carrier status, reproductive genetics, or substance response). Requires clinical/regulatory review.	clinical, requires professional review	Sensitive trait. Requires clinical, regulatory, and ethical review. Not for direct-to-consumer reporting without professional oversight.	
wg-2016	genetic_disease	Disease Risk (Sensitive)	Diastrophic Dysplasia	Diastrophic Dysplasia	Genetic variants associated with Diastrophic Dysplasia. Disease risk markers require clinical validation.	Association testing using genetic markers from the structured WeGene catalog related to Diastrophic Dysplasia.	No clinical or diagnostic claims can be made. All rsIDs are externally unvalidated. This is a sensitive trait requiring clinical, regulatory, and ethical review before any reporting.	2	rs104893916;rs786200881	SLC26A2	no	yes	structured_catalog_unvalidated	yes	yes	yes	no	yes	high	C	no	Sensitive trait (disease risk, pharmacogenomics, carrier status, reproductive genetics, or substance response). Requires clinical/regulatory review.	clinical, requires professional review	Sensitive trait. Requires clinical, regulatory, and ethical review. Not for direct-to-consumer reporting without professional oversight.	
wg-2271	exposure_risk	Disease Risk (Sensitive)	Dietary Sodium	Dietary Sodium	Genetic variants associated with Dietary Sodium. Disease risk markers require clinical validation.	Association testing using genetic markers from the structured WeGene catalog related to Dietary Sodium.	No clinical or diagnostic claims can be made. All rsIDs are externally unvalidated. This is a sensitive trait requiring clinical, regulatory, and ethical review before any reporting.	1	rs8022678		no	yes	structured_catalog_unvalidated	yes	yes	yes	no	yes	high	C	no	Sensitive trait (disease risk, pharmacogenomics, carrier status, reproductive genetics, or substance response). Requires clinical/regulatory review.	clinical, requires professional review	Sensitive trait. Requires clinical, regulatory, and ethical review. Not for direct-to-consumer reporting without professional oversight.	No genes associated.
wg-1733	genetic_disease	Disease Risk (Sensitive)	Dilated Cardiomyopathy	Dilated Cardiomyopathy	Genetic variants associated with Dilated Cardiomyopathy. Disease risk markers require clinical validation.	No genetic markers identified in the structured catalog.	No clinical or diagnostic claims can be made. All rsIDs are externally unvalidated. This is a sensitive trait requiring clinical, regulatory, and ethical review before any reporting.	0			no	no	no_markers	no	yes	no	no	no	high	E	no	No rsIDs linked to this trait.	N/A - no markers or not suitable	No genetic markers identified. Not suitable for commercial reporting.	
wg-2137	genetic_disease	Disease Risk (Sensitive)	Distal Myopathy with Anterior Tibial Onset (DMAT)	Distal Myopathy with Anterior Tibial Onset (DMAT)	Genetic variants associated with Distal Myopathy with Anterior Tibial Onset (DMAT). Disease risk markers require clinical validation.	Association testing using genetic markers from the structured WeGene catalog related to Distal Myopathy with Anterior Tibial Onset (DMAT).	No clinical or diagnostic claims can be made. All rsIDs are externally unvalidated. This is a sensitive trait requiring clinical, regulatory, and ethical review before any reporting.	1	rs398123773	DYSF	no	yes	structured_catalog_unvalidated	yes	yes	yes	no	yes	high	C	no	Sensitive trait (disease risk, pharmacogenomics, carrier status, reproductive genetics, or substance response). Requires clinical/regulatory review.	clinical, requires professional review	Sensitive trait. Requires clinical, regulatory, and ethical review. Not for direct-to-consumer reporting without professional oversight.	
wg-2248	exposure_risk	Disease Risk (Sensitive)	Dogs	Dogs	Genetic variants associated with Dogs. Disease risk markers require clinical validation.	Association testing using genetic markers from the structured WeGene catalog related to Dogs.	No clinical or diagnostic claims can be made. All rsIDs are externally unvalidated. This is a sensitive trait requiring clinical, regulatory, and ethical review before any reporting.	1	rs2305480	GSDMB	no	yes	structured_catalog_unvalidated	yes	yes	yes	no	yes	high	C	no	Sensitive trait (disease risk, pharmacogenomics, carrier status, reproductive genetics, or substance response). Requires clinical/regulatory review.	clinical, requires professional review	Sensitive trait. Requires clinical, regulatory, and ethical review. Not for direct-to-consumer reporting without professional oversight.	
wg-2179	genetic_disease	Disease Risk (Sensitive)	Duane Syndrome (DS)	Duane Syndrome (DS)	Genetic variants associated with Duane Syndrome (DS). Disease risk markers require clinical validation.	Association testing using genetic markers from the structured WeGene catalog related to Duane Syndrome (DS).	No clinical or diagnostic claims can be made. All rsIDs are externally unvalidated. This is a sensitive trait requiring clinical, regulatory, and ethical review before any reporting.	2	rs879255275;rs879255277	MAFB	no	yes	structured_catalog_unvalidated	yes	yes	yes	no	yes	high	C	no	Sensitive trait (disease risk, pharmacogenomics, carrier status, reproductive genetics, or substance response). Requires clinical/regulatory review.	clinical, requires professional review	Sensitive trait. Requires clinical, regulatory, and ethical review. Not for direct-to-consumer reporting without professional oversight.	
wg-1755	genetic_disease	Disease Risk (Sensitive)	Duchenne Muscular Dystrophy (DMD)	Duchenne Muscular Dystrophy (DMD)	Genetic variants associated with Duchenne Muscular Dystrophy (DMD). Disease risk markers require clinical validation.	Association testing using genetic markers from the structured WeGene catalog related to Duchenne Muscular Dystrophy (DMD).	No clinical or diagnostic claims can be made. All rsIDs are externally unvalidated. This is a sensitive trait requiring clinical, regulatory, and ethical review before any reporting.	2	rs10489;rs86322	BBS1;BBS10;BBS12;BBS2;BBS9;CACNA1C;CAV3;CNGB3;COL3A1;CRX;CTC1;CYP1A1;DKC1;DMD;EPHX1;ESR2;GJB2;GJB3;GPHN;GSTP1;HCN4;KCNH2;KCNJ2;KCNQ1;LOXHD;MYBPC;MYBPC3;MYL3;MYO15A;RD3;RTEL1;SCN5A;SDHB;SDHD;SLC26A4;SMAD3;TERT;TGFB2;TGFBR1;TGFBR2;TINF2;TNNI3;TRIM32;VHL;WFS1	no	yes	structured_catalog_unvalidated	yes	yes	yes	no	yes	high	C	no	Sensitive trait (disease risk, pharmacogenomics, carrier status, reproductive genetics, or substance response). Requires clinical/regulatory review.	clinical, requires professional review	Sensitive trait. Requires clinical, regulatory, and ethical review. Not for direct-to-consumer reporting without professional oversight.	
wg-2256	exposure_risk	Disease Risk (Sensitive)	Dust Mites	Dust Mites	Genetic variants associated with Dust Mites. Disease risk markers require clinical validation.	Association testing using genetic markers from the structured WeGene catalog related to Dust Mites.	No clinical or diagnostic claims can be made. All rsIDs are externally unvalidated. This is a sensitive trait requiring clinical, regulatory, and ethical review before any reporting.	1	rs2395185	BSN;CCHCR1;FCGR2A;ICAM1;IL23R;NOS3;TLR2	no	yes	structured_catalog_unvalidated	yes	yes	yes	no	yes	high	C	no	Sensitive trait (disease risk, pharmacogenomics, carrier status, reproductive genetics, or substance response). Requires clinical/regulatory review.	clinical, requires professional review	Sensitive trait. Requires clinical, regulatory, and ethical review. Not for direct-to-consumer reporting without professional oversight.	
wg-2103	genetic_disease	Disease Risk (Sensitive)	Dyskeratosis Congenita (DC)	Dyskeratosis Congenita (DC)	Genetic variants associated with Dyskeratosis Congenita (DC). Disease risk markers require clinical validation.	Association testing using genetic markers from the structured WeGene catalog related to Dyskeratosis Congenita (DC).	No clinical or diagnostic claims can be made. All rsIDs are externally unvalidated. This is a sensitive trait requiring clinical, regulatory, and ethical review before any reporting.	5	rs86322;rs199473679;rs121912288;rs121912289;rs121912293	BBS1;BBS10;BBS12;BBS2;BBS9;CNGB3;CRX;CTC1;DKC1;DMD;GPHN;RD3;RTEL1;TERT;TINF2;TRIM32	no	yes	structured_catalog_unvalidated	yes	yes	yes	no	yes	high	C	no	Sensitive trait (disease risk, pharmacogenomics, carrier status, reproductive genetics, or substance response). Requires clinical/regulatory review.	clinical, requires professional review	Sensitive trait. Requires clinical, regulatory, and ethical review. Not for direct-to-consumer reporting without professional oversight.	
wg-1588	genetic_disease	Disease Risk (Sensitive)	Early-Onset Alzheimer's Disease	Early-Onset Alzheimer's Disease	Genetic variants associated with Early-Onset Alzheimer's Disease. Disease risk markers require clinical validation.	Association testing using genetic markers from the structured WeGene catalog related to Early-Onset Alzheimer's Disease.	No clinical or diagnostic claims can be made. All rsIDs are externally unvalidated. This is a sensitive trait requiring clinical, regulatory, and ethical review before any reporting.	5	rs28936;rs63751;rs63749824;rs63749885;rs63750666	ABCA3;ACVRL1;APP;GDF5;HOXD1;HOXD13;PSEN1;PSEN2	no	yes	structured_catalog_unvalidated	yes	yes	yes	no	yes	high	C	no	Sensitive trait (disease risk, pharmacogenomics, carrier status, reproductive genetics, or substance response). Requires clinical/regulatory review.	clinical, requires professional review	Sensitive trait. Requires clinical, regulatory, and ethical review. Not for direct-to-consumer reporting without professional oversight.	
wg-2180	genetic_disease	Disease Risk (Sensitive)	Ehlers-Danlos Syndrome (EDS)	Ehlers-Danlos Syndrome (EDS)	Genetic variants associated with Ehlers-Danlos Syndrome (EDS). Disease risk markers require clinical validation.	No genetic markers identified in the structured catalog.	No clinical or diagnostic claims can be made. All rsIDs are externally unvalidated. This is a sensitive trait requiring clinical, regulatory, and ethical review before any reporting.	0			no	no	no_markers	no	yes	no	no	no	high	E	no	No rsIDs linked to this trait.	N/A - no markers or not suitable	No genetic markers identified. Not suitable for commercial reporting.	
wg-2090	genetic_disease	Disease Risk (Sensitive)	Elliptocytosis	Elliptocytosis	Genetic variants associated with Elliptocytosis. Disease risk markers require clinical validation.	Association testing using genetic markers from the structured WeGene catalog related to Elliptocytosis.	No clinical or diagnostic claims can be made. All rsIDs are externally unvalidated. This is a sensitive trait requiring clinical, regulatory, and ethical review before any reporting.	3	rs121918634;rs121918638;rs121918641	SPTA1;SPTB	no	yes	structured_catalog_unvalidated	yes	yes	yes	no	yes	high	C	no	Sensitive trait (disease risk, pharmacogenomics, carrier status, reproductive genetics, or substance response). Requires clinical/regulatory review.	clinical, requires professional review	Sensitive trait. Requires clinical, regulatory, and ethical review. Not for direct-to-consumer reporting without professional oversight.	
wg-2181	genetic_disease	Disease Risk (Sensitive)	Ellis-van Creveld Syndrome (EVC)	Ellis-van Creveld Syndrome (EVC)	Genetic variants associated with Ellis-van Creveld Syndrome (EVC). Disease risk markers require clinical validation.	Association testing using genetic markers from the structured WeGene catalog related to Ellis-van Creveld Syndrome (EVC).	No clinical or diagnostic claims can be made. All rsIDs are externally unvalidated. This is a sensitive trait requiring clinical, regulatory, and ethical review before any reporting.	3	rs750396637;rs751356206;rs794726665	EVC;EVC2	no	yes	structured_catalog_unvalidated	yes	yes	yes	no	yes	high	C	no	Sensitive trait (disease risk, pharmacogenomics, carrier status, reproductive genetics, or substance response). Requires clinical/regulatory review.	clinical, requires professional review	Sensitive trait. Requires clinical, regulatory, and ethical review. Not for direct-to-consumer reporting without professional oversight.	
wg-2261	exposure_risk	Disease Risk (Sensitive)	Endotoxins	Endotoxins	Genetic variants associated with Endotoxins. Disease risk markers require clinical validation.	Association testing using genetic markers from the structured WeGene catalog related to Endotoxins.	No clinical or diagnostic claims can be made. All rsIDs are externally unvalidated. This is a sensitive trait requiring clinical, regulatory, and ethical review before any reporting.	4	rs2915863;rs2569191;rs2569190;rs10808798	CD14	no	yes	structured_catalog_unvalidated	yes	yes	yes	no	yes	high	C	no	Sensitive trait (disease risk, pharmacogenomics, carrier status, reproductive genetics, or substance response). Requires clinical/regulatory review.	clinical, requires professional review	Sensitive trait. Requires clinical, regulatory, and ethical review. Not for direct-to-consumer reporting without professional oversight.	
wg-1962	infection_risk	Disease Risk (Sensitive)	Entamoeba Infection	Entamoeba Infection	Genetic variants associated with Entamoeba Infection. Disease risk markers require clinical validation.	Association testing using genetic markers from the structured WeGene catalog related to Entamoeba Infection.	No clinical or diagnostic claims can be made. All rsIDs are externally unvalidated. This is a sensitive trait requiring clinical, regulatory, and ethical review before any reporting.	1	rs58994923	CREM	no	yes	structured_catalog_unvalidated	yes	yes	yes	no	yes	high	C	no	Sensitive trait (disease risk, pharmacogenomics, carrier status, reproductive genetics, or substance response). Requires clinical/regulatory review.	clinical, requires professional review	Sensitive trait. Requires clinical, regulatory, and ethical review. Not for direct-to-consumer reporting without professional oversight.	
wg-1988	genetic_disease	Disease Risk (Sensitive)	Epidermolysis Bullosa (EB)	Epidermolysis Bullosa (EB)	Genetic variants associated with Epidermolysis Bullosa (EB). Disease risk markers require clinical validation.	Association testing using genetic markers from the structured WeGene catalog related to Epidermolysis Bullosa (EB).	No clinical or diagnostic claims can be made. All rsIDs are externally unvalidated. This is a sensitive trait requiring clinical, regulatory, and ethical review before any reporting.	4	rs88605;rs1057516241;rs1057516486;rs121912839	COL7A1;KRT5;LAMB3;LAMC2	no	yes	structured_catalog_unvalidated	yes	yes	yes	no	yes	high	C	no	Sensitive trait (disease risk, pharmacogenomics, carrier status, reproductive genetics, or substance response). Requires clinical/regulatory review.	clinical, requires professional review	Sensitive trait. Requires clinical, regulatory, and ethical review. Not for direct-to-consumer reporting without professional oversight.	
wg-48	health_risk	Disease Risk (Sensitive)	Esophageal Cancer	Esophageal Cancer	Genetic variants associated with Esophageal Cancer. Disease risk markers require clinical validation.	Association testing using genetic markers from the structured WeGene catalog related to Esophageal Cancer.	No clinical or diagnostic claims can be made. All rsIDs are externally unvalidated. This is a sensitive trait requiring clinical, regulatory, and ethical review before any reporting.	5	rs2074356;rs130079;rs1041981;rs1050631;rs2274223	AGER;CCHCR1;CYP26B1;HECTD4;IL17A;LTA;MPO;PLCE1;PSCA;SERPINE1;SLC39A6;TCN2;TNXB	no	yes	structured_catalog_unvalidated	yes	yes	yes	no	yes	high	C	no	Sensitive trait (disease risk, pharmacogenomics, carrier status, reproductive genetics, or substance response). Requires clinical/regulatory review.	clinical, requires professional review	Sensitive trait. Requires clinical, regulatory, and ethical review. Not for direct-to-consumer reporting without professional oversight.	
wg-132	health_risk	Disease Risk (Sensitive)	Essential Tremor	Essential Tremor	Genetic variants associated with Essential Tremor. Disease risk markers require clinical validation.	No genetic markers identified in the structured catalog.	No clinical or diagnostic claims can be made. All rsIDs are externally unvalidated. This is a sensitive trait requiring clinical, regulatory, and ethical review before any reporting.	0			no	no	no_markers	no	yes	no	no	no	high	E	no	No rsIDs linked to this trait.	N/A - no markers or not suitable	No genetic markers identified. Not suitable for commercial reporting.	
wg-2184	genetic_disease	Disease Risk (Sensitive)	FG Syndrome	FG Syndrome	Genetic variants associated with FG Syndrome. Disease risk markers require clinical validation.	Association testing using genetic markers from the structured WeGene catalog related to FG Syndrome.	No clinical or diagnostic claims can be made. All rsIDs are externally unvalidated. This is a sensitive trait requiring clinical, regulatory, and ethical review before any reporting.	2	rs387907360;rs398122844	CASK;MED12	no	yes	structured_catalog_unvalidated	yes	yes	yes	no	yes	high	C	no	Sensitive trait (disease risk, pharmacogenomics, carrier status, reproductive genetics, or substance response). Requires clinical/regulatory review.	clinical, requires professional review	Sensitive trait. Requires clinical, regulatory, and ethical review. Not for direct-to-consumer reporting without professional oversight.	
wg-2182	genetic_disease	Disease Risk (Sensitive)	Fabry Disease	Fabry Disease	Genetic variants associated with Fabry Disease. Disease risk markers require clinical validation.	Association testing using genetic markers from the structured WeGene catalog related to Fabry Disease.	No clinical or diagnostic claims can be made. All rsIDs are externally unvalidated. This is a sensitive trait requiring clinical, regulatory, and ethical review before any reporting.	4	rs86931;rs104894828;rs104894830;rs104894831	GLA	no	yes	structured_catalog_unvalidated	yes	yes	yes	no	yes	high	C	no	Sensitive trait (disease risk, pharmacogenomics, carrier status, reproductive genetics, or substance response). Requires clinical/regulatory review.	clinical, requires professional review	Sensitive trait. Requires clinical, regulatory, and ethical review. Not for direct-to-consumer reporting without professional oversight.	
wg-2059	genetic_disease	Disease Risk (Sensitive)	Factor V Deficiency	Factor V Deficiency	Genetic variants associated with Factor V Deficiency. Disease risk markers require clinical validation.	Association testing using genetic markers from the structured WeGene catalog related to Factor V Deficiency.	No clinical or diagnostic claims can be made. All rsIDs are externally unvalidated. This is a sensitive trait requiring clinical, regulatory, and ethical review before any reporting.	1	rs118203907	F5	no	yes	structured_catalog_unvalidated	yes	yes	yes	no	yes	high	C	no	Sensitive trait (disease risk, pharmacogenomics, carrier status, reproductive genetics, or substance response). Requires clinical/regulatory review.	clinical, requires professional review	Sensitive trait. Requires clinical, regulatory, and ethical review. Not for direct-to-consumer reporting without professional oversight.	
wg-2060	genetic_disease	Disease Risk (Sensitive)	Factor VII Deficiency	Factor VII Deficiency	Genetic variants associated with Factor VII Deficiency. Disease risk markers require clinical validation.	Association testing using genetic markers from the structured WeGene catalog related to Factor VII Deficiency.	No clinical or diagnostic claims can be made. All rsIDs are externally unvalidated. This is a sensitive trait requiring clinical, regulatory, and ethical review before any reporting.	1	rs755377592	F7	no	yes	structured_catalog_unvalidated	yes	yes	yes	no	yes	high	C	no	Sensitive trait (disease risk, pharmacogenomics, carrier status, reproductive genetics, or substance response). Requires clinical/regulatory review.	clinical, requires professional review	Sensitive trait. Requires clinical, regulatory, and ethical review. Not for direct-to-consumer reporting without professional oversight.	
wg-2061	genetic_disease	Disease Risk (Sensitive)	Factor XI Deficiency	Factor XI Deficiency	Genetic variants associated with Factor XI Deficiency. Disease risk markers require clinical validation.	Association testing using genetic markers from the structured WeGene catalog related to Factor XI Deficiency.	No clinical or diagnostic claims can be made. All rsIDs are externally unvalidated. This is a sensitive trait requiring clinical, regulatory, and ethical review before any reporting.	3	rs121965066;rs139695003;rs281875250	F11	no	yes	structured_catalog_unvalidated	yes	yes	yes	no	yes	high	C	no	Sensitive trait (disease risk, pharmacogenomics, carrier status, reproductive genetics, or substance response). Requires clinical/regulatory review.	clinical, requires professional review	Sensitive trait. Requires clinical, regulatory, and ethical review. Not for direct-to-consumer reporting without professional oversight.	
wg-2028	genetic_disease	Disease Risk (Sensitive)	Familial Amyotrophic Lateral Sclerosis (FALS)	Familial Amyotrophic Lateral Sclerosis (FALS)	Genetic variants associated with Familial Amyotrophic Lateral Sclerosis (FALS). Disease risk markers require clinical validation.	Association testing using genetic markers from the structured WeGene catalog related to Familial Amyotrophic Lateral Sclerosis (FALS).	No clinical or diagnostic claims can be made. All rsIDs are externally unvalidated. This is a sensitive trait requiring clinical, regulatory, and ethical review before any reporting.	4	rs38613;rs121912443;rs199947197;rs200793464	ALS2;LMNA;NEK1;SOD1;SPG11	no	yes	structured_catalog_unvalidated	yes	yes	yes	no	yes	high	C	no	Sensitive trait (disease risk, pharmacogenomics, carrier status, reproductive genetics, or substance response). Requires clinical/regulatory review.	clinical, requires professional review	Sensitive trait. Requires clinical, regulatory, and ethical review. Not for direct-to-consumer reporting without professional oversight.	
wg-1745	genetic_disease	Disease Risk (Sensitive)	Familial Atrial Fibrillation	Familial Atrial Fibrillation	Genetic variants associated with Familial Atrial Fibrillation. Disease risk markers require clinical validation.	Association testing using genetic markers from the structured WeGene catalog related to Familial Atrial Fibrillation.	No clinical or diagnostic claims can be made. All rsIDs are externally unvalidated. This is a sensitive trait requiring clinical, regulatory, and ethical review before any reporting.	3	rs12007;rs12143;rs12190	ABCA3;ACVRL1;ATM;BRAF;CASQ2;DSP;FOXI1;GJA5;HCN4;KCNA5;KCNQ1;MYBPC;MYH7;PEX1;PEX6;PKP2;RYR2;SCN5A;SLC25A;SLC25A15;SLC26A;SLC26A4;TNNT2;TPM1;TRDN	no	yes	structured_catalog_unvalidated	yes	yes	yes	no	yes	high	C	no	Sensitive trait (disease risk, pharmacogenomics, carrier status, reproductive genetics, or substance response). Requires clinical/regulatory review.	clinical, requires professional review	Sensitive trait. Requires clinical, regulatory, and ethical review. Not for direct-to-consumer reporting without professional oversight.	
wg-2026	genetic_disease	Disease Risk (Sensitive)	Familial Cold Autoinflammatory Syndrome (FCAS)	Familial Cold Autoinflammatory Syndrome (FCAS)	Genetic variants associated with Familial Cold Autoinflammatory Syndrome (FCAS). Disease risk markers require clinical validation.	Association testing using genetic markers from the structured WeGene catalog related to Familial Cold Autoinflammatory Syndrome (FCAS).	No clinical or diagnostic claims can be made. All rsIDs are externally unvalidated. This is a sensitive trait requiring clinical, regulatory, and ethical review before any reporting.	3	rs121908146;rs121908149;rs121908150	NLRC4;NLRP3	no	yes	structured_catalog_unvalidated	yes	yes	yes	no	yes	high	C	no	Sensitive trait (disease risk, pharmacogenomics, carrier status, reproductive genetics, or substance response). Requires clinical/regulatory review.	clinical, requires professional review	Sensitive trait. Requires clinical, regulatory, and ethical review. Not for direct-to-consumer reporting without professional oversight.	
wg-2030	genetic_disease	Disease Risk (Sensitive)	Familial Dysautonomia (FD)	Familial Dysautonomia (FD)	Genetic variants associated with Familial Dysautonomia (FD). Disease risk markers require clinical validation.	Association testing using genetic markers from the structured WeGene catalog related to Familial Dysautonomia (FD).	No clinical or diagnostic claims can be made. All rsIDs are externally unvalidated. This is a sensitive trait requiring clinical, regulatory, and ethical review before any reporting.	1	rs28939712	ELP1;IKBKAP	no	yes	structured_catalog_unvalidated	yes	yes	yes	no	yes	high	C	no	Sensitive trait (disease risk, pharmacogenomics, carrier status, reproductive genetics, or substance response). Requires clinical/regulatory review.	clinical, requires professional review	Sensitive trait. Requires clinical, regulatory, and ethical review. Not for direct-to-consumer reporting without professional oversight.	
wg-2029	genetic_disease	Disease Risk (Sensitive)	Familial Exudative Vitreoretinopathy (FEVR)	Familial Exudative Vitreoretinopathy (FEVR)	Genetic variants associated with Familial Exudative Vitreoretinopathy (FEVR). Disease risk markers require clinical validation.	Association testing using genetic markers from the structured WeGene catalog related to Familial Exudative Vitreoretinopathy (FEVR).	No clinical or diagnostic claims can be made. All rsIDs are externally unvalidated. This is a sensitive trait requiring clinical, regulatory, and ethical review before any reporting.	1	rs80358284	FZD4	no	yes	structured_catalog_unvalidated	yes	yes	yes	no	yes	high	C	no	Sensitive trait (disease risk, pharmacogenomics, carrier status, reproductive genetics, or substance response). Requires clinical/regulatory review.	clinical, requires professional review	Sensitive trait. Requires clinical, regulatory, and ethical review. Not for direct-to-consumer reporting without professional oversight.	
wg-186	genetic_disease	Disease Risk (Sensitive)	Familial Hypercholesterolemia Type B	Familial Hypercholesterolemia Type B	Genetic variants associated with Familial Hypercholesterolemia Type B. Disease risk markers require clinical validation.	Association testing using genetic markers from the structured WeGene catalog related to Familial Hypercholesterolemia Type B.	No clinical or diagnostic claims can be made. All rsIDs are externally unvalidated. This is a sensitive trait requiring clinical, regulatory, and ethical review before any reporting.	3	rs12713559;rs144467873;rs112029328	APOB	no	yes	structured_catalog_unvalidated	yes	yes	yes	no	yes	high	C	no	Sensitive trait (disease risk, pharmacogenomics, carrier status, reproductive genetics, or substance response). Requires clinical/regulatory review.	clinical, requires professional review	Sensitive trait. Requires clinical, regulatory, and ethical review. Not for direct-to-consumer reporting without professional oversight.	
wg-2024	genetic_disease	Disease Risk (Sensitive)	Familial Partial Lipodystrophy (FPL)	Familial Partial Lipodystrophy (FPL)	Genetic variants associated with Familial Partial Lipodystrophy (FPL). Disease risk markers require clinical validation.	Association testing using genetic markers from the structured WeGene catalog related to Familial Partial Lipodystrophy (FPL).	No clinical or diagnostic claims can be made. All rsIDs are externally unvalidated. This is a sensitive trait requiring clinical, regulatory, and ethical review before any reporting.	2	rs121909246;rs72551362	PPARG	no	yes	structured_catalog_unvalidated	yes	yes	yes	no	yes	high	C	no	Sensitive trait (disease risk, pharmacogenomics, carrier status, reproductive genetics, or substance response). Requires clinical/regulatory review.	clinical, requires professional review	Sensitive trait. Requires clinical, regulatory, and ethical review. Not for direct-to-consumer reporting without professional oversight.	
wg-1732	genetic_disease	Disease Risk (Sensitive)	Familial Thoracic Aortic Aneurysm	Familial Thoracic Aortic Aneurysm	Genetic variants associated with Familial Thoracic Aortic Aneurysm. Disease risk markers require clinical validation.	Association testing using genetic markers from the structured WeGene catalog related to Familial Thoracic Aortic Aneurysm.	No clinical or diagnostic claims can be made. All rsIDs are externally unvalidated. This is a sensitive trait requiring clinical, regulatory, and ethical review before any reporting.	2	rs11290;rs39751	ACTA2;APC;BTD;CLPB;LOX;MYH11;MYLK;PRKG1;SERAC1;SLC26A;SLC26A4;TAFAZZIN	no	yes	structured_catalog_unvalidated	yes	yes	yes	no	yes	high	C	no	Sensitive trait (disease risk, pharmacogenomics, carrier status, reproductive genetics, or substance response). Requires clinical/regulatory review.	clinical, requires professional review	Sensitive trait. Requires clinical, regulatory, and ethical review. Not for direct-to-consumer reporting without professional oversight.	
wg-2027	genetic_disease	Disease Risk (Sensitive)	Familial erythrocytosis	Familial erythrocytosis	Genetic variants associated with Familial erythrocytosis. Disease risk markers require clinical validation.	Association testing using genetic markers from the structured WeGene catalog related to Familial erythrocytosis.	No clinical or diagnostic claims can be made. All rsIDs are externally unvalidated. This is a sensitive trait requiring clinical, regulatory, and ethical review before any reporting.	4	rs34690;rs33914668;rs33971440;rs34282684	HBB	no	yes	structured_catalog_unvalidated	yes	yes	yes	no	yes	high	C	no	Sensitive trait (disease risk, pharmacogenomics, carrier status, reproductive genetics, or substance response). Requires clinical/regulatory review.	clinical, requires professional review	Sensitive trait. Requires clinical, regulatory, and ethical review. Not for direct-to-consumer reporting without professional oversight.	
wg-2183	genetic_disease	Disease Risk (Sensitive)	Fanconi Anemia (FA)	Fanconi Anemia (FA)	Genetic variants associated with Fanconi Anemia (FA). Disease risk markers require clinical validation.	No genetic markers identified in the structured catalog.	No clinical or diagnostic claims can be made. All rsIDs are externally unvalidated. This is a sensitive trait requiring clinical, regulatory, and ethical review before any reporting.	0			no	no	no_markers	no	yes	no	no	no	high	E	no	No rsIDs linked to this trait.	N/A - no markers or not suitable	No genetic markers identified. Not suitable for commercial reporting.	
wg-2135	genetic_disease	Disease Risk (Sensitive)	Fish-Eye Disease (FED)	Fish-Eye Disease (FED)	Genetic variants associated with Fish-Eye Disease (FED). Disease risk markers require clinical validation.	Association testing using genetic markers from the structured WeGene catalog related to Fish-Eye Disease (FED).	No clinical or diagnostic claims can be made. All rsIDs are externally unvalidated. This is a sensitive trait requiring clinical, regulatory, and ethical review before any reporting.	1	rs121908053	LCAT	no	yes	structured_catalog_unvalidated	yes	yes	yes	no	yes	high	C	no	Sensitive trait (disease risk, pharmacogenomics, carrier status, reproductive genetics, or substance response). Requires clinical/regulatory review.	clinical, requires professional review	Sensitive trait. Requires clinical, regulatory, and ethical review. Not for direct-to-consumer reporting without professional oversight.	
wg-2185	genetic_disease	Disease Risk (Sensitive)	Floating-Harbor Syndrome (FHS)	Floating-Harbor Syndrome (FHS)	Genetic variants associated with Floating-Harbor Syndrome (FHS). Disease risk markers require clinical validation.	Association testing using genetic markers from the structured WeGene catalog related to Floating-Harbor Syndrome (FHS).	No clinical or diagnostic claims can be made. All rsIDs are externally unvalidated. This is a sensitive trait requiring clinical, regulatory, and ethical review before any reporting.	3	rs199469464;rs199469465;rs587784444	SRCAP	no	yes	structured_catalog_unvalidated	yes	yes	yes	no	yes	high	C	no	Sensitive trait (disease risk, pharmacogenomics, carrier status, reproductive genetics, or substance response). Requires clinical/regulatory review.	clinical, requires professional review	Sensitive trait. Requires clinical, regulatory, and ethical review. Not for direct-to-consumer reporting without professional oversight.	
wg-2043	genetic_disease	Disease Risk (Sensitive)	Focal Segmental Glomerulosclerosis (FSGS)	Focal Segmental Glomerulosclerosis (FSGS)	Genetic variants associated with Focal Segmental Glomerulosclerosis (FSGS). Disease risk markers require clinical validation.	Association testing using genetic markers from the structured WeGene catalog related to Focal Segmental Glomerulosclerosis (FSGS).	No clinical or diagnostic claims can be made. All rsIDs are externally unvalidated. This is a sensitive trait requiring clinical, regulatory, and ethical review before any reporting.	3	rs121907909;rs267607183;rs387907037	INF2;WT1	no	yes	structured_catalog_unvalidated	yes	yes	yes	no	yes	high	C	no	Sensitive trait (disease risk, pharmacogenomics, carrier status, reproductive genetics, or substance response). Requires clinical/regulatory review.	clinical, requires professional review	Sensitive trait. Requires clinical, regulatory, and ethical review. Not for direct-to-consumer reporting without professional oversight.	
wg-73	health_risk	Disease Risk (Sensitive)	Follicular Lymphoma	Follicular Lymphoma	Genetic variants associated with Follicular Lymphoma. Disease risk markers require clinical validation.	Association testing using genetic markers from the structured WeGene catalog related to Follicular Lymphoma.	No clinical or diagnostic claims can be made. All rsIDs are externally unvalidated. This is a sensitive trait requiring clinical, regulatory, and ethical review before any reporting.	6	rs6457327;rs13254990;rs6444305;rs12195582;rs4938573;rs10484561	LPP;PVT1	no	yes	structured_catalog_unvalidated	yes	yes	yes	no	yes	high	C	no	Sensitive trait (disease risk, pharmacogenomics, carrier status, reproductive genetics, or substance response). Requires clinical/regulatory review.	clinical, requires professional review	Sensitive trait. Requires clinical, regulatory, and ethical review. Not for direct-to-consumer reporting without professional oversight.	
wg-1998	genetic_disease	Disease Risk (Sensitive)	Frontometaphyseal Dysplasia (FMD)	Frontometaphyseal Dysplasia (FMD)	Genetic variants associated with Frontometaphyseal Dysplasia (FMD). Disease risk markers require clinical validation.	Association testing using genetic markers from the structured WeGene catalog related to Frontometaphyseal Dysplasia (FMD).	No clinical or diagnostic claims can be made. All rsIDs are externally unvalidated. This is a sensitive trait requiring clinical, regulatory, and ethical review before any reporting.	3	rs137853312;rs797045044;rs863223630	FLNA	no	yes	structured_catalog_unvalidated	yes	yes	yes	no	yes	high	C	no	Sensitive trait (disease risk, pharmacogenomics, carrier status, reproductive genetics, or substance response). Requires clinical/regulatory review.	clinical, requires professional review	Sensitive trait. Requires clinical, regulatory, and ethical review. Not for direct-to-consumer reporting without professional oversight.	
wg-2121	genetic_disease	Disease Risk (Sensitive)	Fucosidosis	Fucosidosis	Genetic variants associated with Fucosidosis. Disease risk markers require clinical validation.	Association testing using genetic markers from the structured WeGene catalog related to Fucosidosis.	No clinical or diagnostic claims can be made. All rsIDs are externally unvalidated. This is a sensitive trait requiring clinical, regulatory, and ethical review before any reporting.	1	rs794727774	FUCA1	no	yes	structured_catalog_unvalidated	yes	yes	yes	no	yes	high	C	no	Sensitive trait (disease risk, pharmacogenomics, carrier status, reproductive genetics, or substance response). Requires clinical/regulatory review.	clinical, requires professional review	Sensitive trait. Requires clinical, regulatory, and ethical review. Not for direct-to-consumer reporting without professional oversight.	
wg-2122	genetic_disease	Disease Risk (Sensitive)	Fundus Albipunctatus (FA)	Fundus Albipunctatus (FA)	Genetic variants associated with Fundus Albipunctatus (FA). Disease risk markers require clinical validation.	Association testing using genetic markers from the structured WeGene catalog related to Fundus Albipunctatus (FA).	No clinical or diagnostic claims can be made. All rsIDs are externally unvalidated. This is a sensitive trait requiring clinical, regulatory, and ethical review before any reporting.	2	rs62638191;rs774122562	CD63;RDH5	no	yes	structured_catalog_unvalidated	yes	yes	yes	no	yes	high	C	no	Sensitive trait (disease risk, pharmacogenomics, carrier status, reproductive genetics, or substance response). Requires clinical/regulatory review.	clinical, requires professional review	Sensitive trait. Requires clinical, regulatory, and ethical review. Not for direct-to-consumer reporting without professional oversight.	
wg-2065	genetic_disease	Disease Risk (Sensitive)	GLUT1 Deficiency Syndrome	GLUT1 Deficiency Syndrome	Genetic variants associated with GLUT1 Deficiency Syndrome. Disease risk markers require clinical validation.	Association testing using genetic markers from the structured WeGene catalog related to GLUT1 Deficiency Syndrome.	No clinical or diagnostic claims can be made. All rsIDs are externally unvalidated. This is a sensitive trait requiring clinical, regulatory, and ethical review before any reporting.	3	rs121909739;rs121909740;rs267607061	SLC2A1	no	yes	structured_catalog_unvalidated	yes	yes	yes	no	yes	high	C	no	Sensitive trait (disease risk, pharmacogenomics, carrier status, reproductive genetics, or substance response). Requires clinical/regulatory review.	clinical, requires professional review	Sensitive trait. Requires clinical, regulatory, and ethical review. Not for direct-to-consumer reporting without professional oversight.	
wg-1977	genetic_disease	Disease Risk (Sensitive)	Galactosemia (GALAC)	Galactosemia (GALAC)	Genetic variants associated with Galactosemia (GALAC). Disease risk markers require clinical validation.	Association testing using genetic markers from the structured WeGene catalog related to Galactosemia (GALAC).	No clinical or diagnostic claims can be made. All rsIDs are externally unvalidated. This is a sensitive trait requiring clinical, regulatory, and ethical review before any reporting.	4	rs78620;rs111033658;rs111033661;rs111033667	ATM;BRAF;DSP;GALT;PKP2	no	yes	structured_catalog_unvalidated	yes	yes	yes	no	yes	high	C	no	Sensitive trait (disease risk, pharmacogenomics, carrier status, reproductive genetics, or substance response). Requires clinical/regulatory review.	clinical, requires professional review	Sensitive trait. Requires clinical, regulatory, and ethical review. Not for direct-to-consumer reporting without professional oversight.	
wg-1976	genetic_disease	Disease Risk (Sensitive)	Galactosialidosis (GSL)	Galactosialidosis (GSL)	Genetic variants associated with Galactosialidosis (GSL). Disease risk markers require clinical validation.	Association testing using genetic markers from the structured WeGene catalog related to Galactosialidosis (GSL).	No clinical or diagnostic claims can be made. All rsIDs are externally unvalidated. This is a sensitive trait requiring clinical, regulatory, and ethical review before any reporting.	2	rs137854547;rs786200859	CTSA	no	yes	structured_catalog_unvalidated	yes	yes	yes	no	yes	high	C	no	Sensitive trait (disease risk, pharmacogenomics, carrier status, reproductive genetics, or substance response). Requires clinical/regulatory review.	clinical, requires professional review	Sensitive trait. Requires clinical, regulatory, and ethical review. Not for direct-to-consumer reporting without professional oversight.	
wg-2266	exposure_risk	Disease Risk (Sensitive)	Gases and Fumes	Gases and Fumes	Genetic variants associated with Gases and Fumes. Disease risk markers require clinical validation.	Association testing using genetic markers from the structured WeGene catalog related to Gases and Fumes.	No clinical or diagnostic claims can be made. All rsIDs are externally unvalidated. This is a sensitive trait requiring clinical, regulatory, and ethical review before any reporting.	2	rs516732;rs159497		no	yes	structured_catalog_unvalidated	yes	yes	yes	no	yes	high	C	no	Sensitive trait (disease risk, pharmacogenomics, carrier status, reproductive genetics, or substance response). Requires clinical/regulatory review.	clinical, requires professional review	Sensitive trait. Requires clinical, regulatory, and ethical review. Not for direct-to-consumer reporting without professional oversight.	No genes associated.
wg-1957	health_risk	Disease Risk (Sensitive)	Gastroesophageal reflux disease	Gastroesophageal reflux disease	Genetic variants associated with Gastroesophageal reflux disease. Disease risk markers require clinical validation.	Association testing using genetic markers from the structured WeGene catalog related to Gastroesophageal reflux disease.	No clinical or diagnostic claims can be made. All rsIDs are externally unvalidated. This is a sensitive trait requiring clinical, regulatory, and ethical review before any reporting.	7	rs12357321;rs1716171;rs2734839;rs1479405;rs2106353;rs9940128;rs7600261	DPYD;DRD2;ERBB4;FOXP2;FTO	no	yes	structured_catalog_unvalidated	yes	yes	yes	no	yes	high	C	no	Sensitive trait (disease risk, pharmacogenomics, carrier status, reproductive genetics, or substance response). Requires clinical/regulatory review.	clinical, requires professional review	Sensitive trait. Requires clinical, regulatory, and ethical review. Not for direct-to-consumer reporting without professional oversight.	
wg-2186	genetic_disease	Disease Risk (Sensitive)	Gaucher Disease (GD)	Gaucher Disease (GD)	Genetic variants associated with Gaucher Disease (GD). Disease risk markers require clinical validation.	Association testing using genetic markers from the structured WeGene catalog related to Gaucher Disease (GD).	No clinical or diagnostic claims can be made. All rsIDs are externally unvalidated. This is a sensitive trait requiring clinical, regulatory, and ethical review before any reporting.	4	rs39812;rs104886460;rs121908309;rs1553333346	AGL;ANO5;ARSB;BCKDH;BCKDHA;BCKDHB;BTD;CDAN1;DBT;DMD;DYSF;G6PC;G6PC1;GAA;GALNS;GBA;GBA1;GBE1;GLB1;GNPTA;GNPTAB;GNPTG;IDS;IDUA;MCOLN;MCOLN1;MSH6;MYO7A;PCDH15;PYGM;SEC23B;SGSH;USH1C;USH1G;USH2A	no	yes	structured_catalog_unvalidated	yes	yes	yes	no	yes	high	C	no	Sensitive trait (disease risk, pharmacogenomics, carrier status, reproductive genetics, or substance response). Requires clinical/regulatory review.	clinical, requires professional review	Sensitive trait. Requires clinical, regulatory, and ethical review. Not for direct-to-consumer reporting without professional oversight.	
wg-2187	genetic_disease	Disease Risk (Sensitive)	Geleophysic Dysplasia	Geleophysic Dysplasia	Genetic variants associated with Geleophysic Dysplasia. Disease risk markers require clinical validation.	Association testing using genetic markers from the structured WeGene catalog related to Geleophysic Dysplasia.	No clinical or diagnostic claims can be made. All rsIDs are externally unvalidated. This is a sensitive trait requiring clinical, regulatory, and ethical review before any reporting.	3	rs387906622;rs387906623;rs1131691804	FBN1	no	yes	structured_catalog_unvalidated	yes	yes	yes	no	yes	high	C	no	Sensitive trait (disease risk, pharmacogenomics, carrier status, reproductive genetics, or substance response). Requires clinical/regulatory review.	clinical, requires professional review	Sensitive trait. Requires clinical, regulatory, and ethical review. Not for direct-to-consumer reporting without professional oversight.	
wg-2044	genetic_disease	Disease Risk (Sensitive)	Giant Axonal Neuropathy (GAN)	Giant Axonal Neuropathy (GAN)	Genetic variants associated with Giant Axonal Neuropathy (GAN). Disease risk markers require clinical validation.	Association testing using genetic markers from the structured WeGene catalog related to Giant Axonal Neuropathy (GAN).	No clinical or diagnostic claims can be made. All rsIDs are externally unvalidated. This is a sensitive trait requiring clinical, regulatory, and ethical review before any reporting.	1	rs747291494	GAN	no	yes	structured_catalog_unvalidated	yes	yes	yes	no	yes	high	C	no	Sensitive trait (disease risk, pharmacogenomics, carrier status, reproductive genetics, or substance response). Requires clinical/regulatory review.	clinical, requires professional review	Sensitive trait. Requires clinical, regulatory, and ethical review. Not for direct-to-consumer reporting without professional oversight.	
wg-1547	health_risk	Disease Risk (Sensitive)	Gingivitis	Gingivitis	Genetic variants associated with Gingivitis. Disease risk markers require clinical validation.	Association testing using genetic markers from the structured WeGene catalog related to Gingivitis.	No clinical or diagnostic claims can be made. All rsIDs are externally unvalidated. This is a sensitive trait requiring clinical, regulatory, and ethical review before any reporting.	3	rs1800795;rs1800896;rs3918242	CYP1B1;FGFR4;FYCO1;IL1B;MMP9;MTHFR;NLRP3;PCAT19;PON1;SELE;TIMM23B	no	yes	structured_catalog_unvalidated	yes	yes	yes	no	yes	high	C	no	Sensitive trait (disease risk, pharmacogenomics, carrier status, reproductive genetics, or substance response). Requires clinical/regulatory review.	clinical, requires professional review	Sensitive trait. Requires clinical, regulatory, and ethical review. Not for direct-to-consumer reporting without professional oversight.	
wg-190	genetic_disease	Disease Risk (Sensitive)	Glucose-6-Phosphate Dehydrogenase Deficiency (G6PD)	Glucose-6-Phosphate Dehydrogenase Deficiency (G6PD)	Genetic variants associated with Glucose-6-Phosphate Dehydrogenase Deficiency (G6PD). Disease risk markers require clinical validation.	Association testing using genetic markers from the structured WeGene catalog related to Glucose-6-Phosphate Dehydrogenase Deficiency (G6PD).	No clinical or diagnostic claims can be made. All rsIDs are externally unvalidated. This is a sensitive trait requiring clinical, regulatory, and ethical review before any reporting.	5	rs72554;rs13785;rs1050828;rs1050829;rs398123546	ATP7B;F8;F9;FBN1;G6PD;HCN4;SCN5A	no	yes	structured_catalog_unvalidated	yes	yes	yes	no	yes	high	C	no	Sensitive trait (disease risk, pharmacogenomics, carrier status, reproductive genetics, or substance response). Requires clinical/regulatory review.	clinical, requires professional review	Sensitive trait. Requires clinical, regulatory, and ethical review. Not for direct-to-consumer reporting without professional oversight.	
wg-2096	genetic_disease	Disease Risk (Sensitive)	Glutaric Acidemia (GA)	Glutaric Acidemia (GA)	Genetic variants associated with Glutaric Acidemia (GA). Disease risk markers require clinical validation.	Association testing using genetic markers from the structured WeGene catalog related to Glutaric Acidemia (GA).	No clinical or diagnostic claims can be made. All rsIDs are externally unvalidated. This is a sensitive trait requiring clinical, regulatory, and ethical review before any reporting.	4	rs387907;rs119458971;rs377656387;rs377686388	ETFA;ETFDH	no	yes	structured_catalog_unvalidated	yes	yes	yes	no	yes	high	C	no	Sensitive trait (disease risk, pharmacogenomics, carrier status, reproductive genetics, or substance response). Requires clinical/regulatory review.	clinical, requires professional review	Sensitive trait. Requires clinical, regulatory, and ethical review. Not for direct-to-consumer reporting without professional oversight.	
wg-1532	genetic_disease	Disease Risk (Sensitive)	Glutaric Aciduria Type 1 (GA1)	Glutaric Aciduria Type 1 (GA1)	Genetic variants associated with Glutaric Aciduria Type 1 (GA1). Disease risk markers require clinical validation.	Association testing using genetic markers from the structured WeGene catalog related to Glutaric Aciduria Type 1 (GA1).	No clinical or diagnostic claims can be made. All rsIDs are externally unvalidated. This is a sensitive trait requiring clinical, regulatory, and ethical review before any reporting.	3	rs121434371;rs121434370;rs121434369	GCDH	no	yes	structured_catalog_unvalidated	yes	yes	yes	no	yes	high	C	no	Sensitive trait (disease risk, pharmacogenomics, carrier status, reproductive genetics, or substance response). Requires clinical/regulatory review.	clinical, requires professional review	Sensitive trait. Requires clinical, regulatory, and ethical review. Not for direct-to-consumer reporting without professional oversight.	
wg-2085	genetic_disease	Disease Risk (Sensitive)	Glycogen Storage Disease (GSD)	Glycogen Storage Disease (GSD)	Genetic variants associated with Glycogen Storage Disease (GSD). Disease risk markers require clinical validation.	Association testing using genetic markers from the structured WeGene catalog related to Glycogen Storage Disease (GSD).	No clinical or diagnostic claims can be made. All rsIDs are externally unvalidated. This is a sensitive trait requiring clinical, regulatory, and ethical review before any reporting.	5	rs37079;rs39812;rs104894563;rs113994127;rs113994129	AGL;ANO5;ARSB;BCKDH;BCKDHA;BCKDHB;BTD;CDAN1;DBT;DMD;DYSF;G6PC;G6PC1;GAA;GALNS;GBA;GBA1;GBE1;GLB1;GNPTA;GNPTAB;GNPTG;IDS;IDUA;MCOLN;MCOLN1;MSH6;MYO7A;PCDH15;PYGM;SEC23B;SGSH;USH1C;USH1G;USH2A	no	yes	structured_catalog_unvalidated	yes	yes	yes	no	yes	high	C	no	Sensitive trait (disease risk, pharmacogenomics, carrier status, reproductive genetics, or substance response). Requires clinical/regulatory review.	clinical, requires professional review	Sensitive trait. Requires clinical, regulatory, and ethical review. Not for direct-to-consumer reporting without professional oversight.	
wg-2188	genetic_disease	Disease Risk (Sensitive)	Griscelli Syndrome (GS)	Griscelli Syndrome (GS)	Genetic variants associated with Griscelli Syndrome (GS). Disease risk markers require clinical validation.	Association testing using genetic markers from the structured WeGene catalog related to Griscelli Syndrome (GS).	No clinical or diagnostic claims can be made. All rsIDs are externally unvalidated. This is a sensitive trait requiring clinical, regulatory, and ethical review before any reporting.	1	rs786205551	MLPH	no	yes	structured_catalog_unvalidated	yes	yes	yes	no	yes	high	C	no	Sensitive trait (disease risk, pharmacogenomics, carrier status, reproductive genetics, or substance response). Requires clinical/regulatory review.	clinical, requires professional review	Sensitive trait. Requires clinical, regulatory, and ethical review. Not for direct-to-consumer reporting without professional oversight.	
wg-1971	infection_risk	Disease Risk (Sensitive)	H. pylori Infection	H. pylori Infection	Genetic variants associated with H. pylori Infection. Disease risk markers require clinical validation.	Association testing using genetic markers from the structured WeGene catalog related to H. pylori Infection.	No clinical or diagnostic claims can be made. All rsIDs are externally unvalidated. This is a sensitive trait requiring clinical, regulatory, and ethical review before any reporting.	4	rs10004;rs368433;rs2294008;rs2671655	AGER;CASC11;FCGR2A;IL17A;MPO;MYNN;PLCE1;PSCA;SERPINE1;SLC14A1;TACC3	no	yes	structured_catalog_unvalidated	yes	yes	yes	no	yes	high	C	no	Sensitive trait (disease risk, pharmacogenomics, carrier status, reproductive genetics, or substance response). Requires clinical/regulatory review.	clinical, requires professional review	Sensitive trait. Requires clinical, regulatory, and ethical review. Not for direct-to-consumer reporting without professional oversight.	
wg-1966	infection_risk	Disease Risk (Sensitive)	HIV Infection	HIV Infection	Genetic variants associated with HIV Infection. Disease risk markers require clinical validation.	Association testing using genetic markers from the structured WeGene catalog related to HIV Infection.	No clinical or diagnostic claims can be made. All rsIDs are externally unvalidated. This is a sensitive trait requiring clinical, regulatory, and ethical review before any reporting.	4	rs59682;rs333;rs35829419;rs11884476	BATF3;C1;CCR5;IL12B;NLRP3;PARD3B;PSORS1	no	yes	structured_catalog_unvalidated	yes	yes	yes	no	yes	high	C	no	Sensitive trait (disease risk, pharmacogenomics, carrier status, reproductive genetics, or substance response). Requires clinical/regulatory review.	clinical, requires professional review	Sensitive trait. Requires clinical, regulatory, and ethical review. Not for direct-to-consumer reporting without professional oversight.	
wg-1753	genetic_disease	Disease Risk (Sensitive)	Haemophilia A	Haemophilia A	Genetic variants associated with Haemophilia A. Disease risk markers require clinical validation.	Association testing using genetic markers from the structured WeGene catalog related to Haemophilia A.	No clinical or diagnostic claims can be made. All rsIDs are externally unvalidated. This is a sensitive trait requiring clinical, regulatory, and ethical review before any reporting.	1	rs13785	ATP7B;F8;F9;FBN1;G6PD;HCN4;SCN5A	no	yes	structured_catalog_unvalidated	yes	yes	yes	no	yes	high	C	no	Sensitive trait (disease risk, pharmacogenomics, carrier status, reproductive genetics, or substance response). Requires clinical/regulatory review.	clinical, requires professional review	Sensitive trait. Requires clinical, regulatory, and ethical review. Not for direct-to-consumer reporting without professional oversight.	
wg-1754	genetic_disease	Disease Risk (Sensitive)	Haemophilia B	Haemophilia B	Genetic variants associated with Haemophilia B. Disease risk markers require clinical validation.	Association testing using genetic markers from the structured WeGene catalog related to Haemophilia B.	No clinical or diagnostic claims can be made. All rsIDs are externally unvalidated. This is a sensitive trait requiring clinical, regulatory, and ethical review before any reporting.	1	rs13785	ATP7B;F8;F9;FBN1;G6PD;HCN4;SCN5A	no	yes	structured_catalog_unvalidated	yes	yes	yes	no	yes	high	C	no	Sensitive trait (disease risk, pharmacogenomics, carrier status, reproductive genetics, or substance response). Requires clinical/regulatory review.	clinical, requires professional review	Sensitive trait. Requires clinical, regulatory, and ethical review. Not for direct-to-consumer reporting without professional oversight.	
wg-1936	health_risk	Disease Risk (Sensitive)	Haemorrhoids	Haemorrhoids	Genetic variants associated with Haemorrhoids. Disease risk markers require clinical validation.	Association testing using genetic markers from the structured WeGene catalog related to Haemorrhoids.	No clinical or diagnostic claims can be made. All rsIDs are externally unvalidated. This is a sensitive trait requiring clinical, regulatory, and ethical review before any reporting.	7	rs2218793;rs676996;rs17293632;rs6482359;rs4345978;rs2186797;rs35318931	ABO;ANO1;GDF7;SRPX	no	yes	structured_catalog_unvalidated	yes	yes	yes	no	yes	high	C	no	Sensitive trait (disease risk, pharmacogenomics, carrier status, reproductive genetics, or substance response). Requires clinical/regulatory review.	clinical, requires professional review	Sensitive trait. Requires clinical, regulatory, and ethical review. Not for direct-to-consumer reporting without professional oversight.	
wg-2119	genetic_disease	Disease Risk (Sensitive)	Hemochromatosis	Hemochromatosis	Genetic variants associated with Hemochromatosis. Disease risk markers require clinical validation.	Association testing using genetic markers from the structured WeGene catalog related to Hemochromatosis.	No clinical or diagnostic claims can be made. All rsIDs are externally unvalidated. This is a sensitive trait requiring clinical, regulatory, and ethical review before any reporting.	2	rs387907377;rs786204108	SLC40A1;TFR2	no	yes	structured_catalog_unvalidated	yes	yes	yes	no	yes	high	C	no	Sensitive trait (disease risk, pharmacogenomics, carrier status, reproductive genetics, or substance response). Requires clinical/regulatory review.	clinical, requires professional review	Sensitive trait. Requires clinical, regulatory, and ethical review. Not for direct-to-consumer reporting without professional oversight.	
wg-2260	exposure_risk	Disease Risk (Sensitive)	Hen's Eggs	Hen's Eggs	Genetic variants associated with Hen's Eggs. Disease risk markers require clinical validation.	Association testing using genetic markers from the structured WeGene catalog related to Hen's Eggs.	No clinical or diagnostic claims can be made. All rsIDs are externally unvalidated. This is a sensitive trait requiring clinical, regulatory, and ethical review before any reporting.	3	rs1243064;rs11949166;rs12123821		no	yes	structured_catalog_unvalidated	yes	yes	yes	no	yes	high	C	no	Sensitive trait (disease risk, pharmacogenomics, carrier status, reproductive genetics, or substance response). Requires clinical/regulatory review.	clinical, requires professional review	Sensitive trait. Requires clinical, regulatory, and ethical review. Not for direct-to-consumer reporting without professional oversight.	No genes associated.
wg-2189	genetic_disease	Disease Risk (Sensitive)	Hennekam Lymphangiectasia-Lymphedema Syndrome (HKLLS)	Hennekam Lymphangiectasia-Lymphedema Syndrome (HKLLS)	Genetic variants associated with Hennekam Lymphangiectasia-Lymphedema Syndrome (HKLLS). Disease risk markers require clinical validation.	Association testing using genetic markers from the structured WeGene catalog related to Hennekam Lymphangiectasia-Lymphedema Syndrome (HKLLS).	No clinical or diagnostic claims can be made. All rsIDs are externally unvalidated. This is a sensitive trait requiring clinical, regulatory, and ethical review before any reporting.	1	rs121908250	CCBE1	no	yes	structured_catalog_unvalidated	yes	yes	yes	no	yes	high	C	no	Sensitive trait (disease risk, pharmacogenomics, carrier status, reproductive genetics, or substance response). Requires clinical/regulatory review.	clinical, requires professional review	Sensitive trait. Requires clinical, regulatory, and ethical review. Not for direct-to-consumer reporting without professional oversight.	
wg-1959	infection_risk	Disease Risk (Sensitive)	Hepatitis Virus Infection	Hepatitis Virus Infection	Genetic variants associated with Hepatitis Virus Infection. Disease risk markers require clinical validation.	Association testing using genetic markers from the structured WeGene catalog related to Hepatitis Virus Infection.	No clinical or diagnostic claims can be made. All rsIDs are externally unvalidated. This is a sensitive trait requiring clinical, regulatory, and ethical review before any reporting.	6	rs12614;rs12979;rs28567;rs74597329;rs1883832;rs3219487	CD40;CFB;IFNL4;MUTYH	no	yes	structured_catalog_unvalidated	yes	yes	yes	no	yes	high	C	no	Sensitive trait (disease risk, pharmacogenomics, carrier status, reproductive genetics, or substance response). Requires clinical/regulatory review.	clinical, requires professional review	Sensitive trait. Requires clinical, regulatory, and ethical review. Not for direct-to-consumer reporting without professional oversight.	
wg-2127	genetic_disease	Disease Risk (Sensitive)	Hereditary Desmoid Disease (HDD)	Hereditary Desmoid Disease (HDD)	Genetic variants associated with Hereditary Desmoid Disease (HDD). Disease risk markers require clinical validation.	Association testing using genetic markers from the structured WeGene catalog related to Hereditary Desmoid Disease (HDD).	No clinical or diagnostic claims can be made. All rsIDs are externally unvalidated. This is a sensitive trait requiring clinical, regulatory, and ethical review before any reporting.	4	rs39751;rs137854573;rs145945630;rs1554085355	ACTA2;APC;BTD;CLPB;LOX;MYH11;MYLK;PRKG1;SERAC1;SLC26A;SLC26A4;TAFAZZIN	no	yes	structured_catalog_unvalidated	yes	yes	yes	no	yes	high	C	no	Sensitive trait (disease risk, pharmacogenomics, carrier status, reproductive genetics, or substance response). Requires clinical/regulatory review.	clinical, requires professional review	Sensitive trait. Requires clinical, regulatory, and ethical review. Not for direct-to-consumer reporting without professional oversight.	
wg-195	genetic_disease	Disease Risk (Sensitive)	Hereditary Fructose Intolerance	Hereditary Fructose Intolerance	Genetic variants associated with Hereditary Fructose Intolerance. Disease risk markers require clinical validation.	Association testing using genetic markers from the structured WeGene catalog related to Hereditary Fructose Intolerance.	No clinical or diagnostic claims can be made. All rsIDs are externally unvalidated. This is a sensitive trait requiring clinical, regulatory, and ethical review before any reporting.	3	rs1800546;rs78340951;rs387906225	ALDOB	no	yes	structured_catalog_unvalidated	yes	yes	yes	no	yes	high	C	no	Sensitive trait (disease risk, pharmacogenomics, carrier status, reproductive genetics, or substance response). Requires clinical/regulatory review.	clinical, requires professional review	Sensitive trait. Requires clinical, regulatory, and ethical review. Not for direct-to-consumer reporting without professional oversight.	
wg-2128	genetic_disease	Disease Risk (Sensitive)	Hereditary Motor and Sensory Neuropathy (HMSN)	Hereditary Motor and Sensory Neuropathy (HMSN)	Genetic variants associated with Hereditary Motor and Sensory Neuropathy (HMSN). Disease risk markers require clinical validation.	Association testing using genetic markers from the structured WeGene catalog related to Hereditary Motor and Sensory Neuropathy (HMSN).	No clinical or diagnostic claims can be made. All rsIDs are externally unvalidated. This is a sensitive trait requiring clinical, regulatory, and ethical review before any reporting.	1	rs587780564	DYNC1H;DYNC1H1	no	yes	structured_catalog_unvalidated	yes	yes	yes	no	yes	high	C	no	Sensitive trait (disease risk, pharmacogenomics, carrier status, reproductive genetics, or substance response). Requires clinical/regulatory review.	clinical, requires professional review	Sensitive trait. Requires clinical, regulatory, and ethical review. Not for direct-to-consumer reporting without professional oversight.	
wg-2126	genetic_disease	Disease Risk (Sensitive)	Hereditary Pancreatitis (HP)	Hereditary Pancreatitis (HP)	Genetic variants associated with Hereditary Pancreatitis (HP). Disease risk markers require clinical validation.	Association testing using genetic markers from the structured WeGene catalog related to Hereditary Pancreatitis (HP).	No clinical or diagnostic claims can be made. All rsIDs are externally unvalidated. This is a sensitive trait requiring clinical, regulatory, and ethical review before any reporting.	5	rs39750;rs78802;rs104893938;rs111033565;rs111033567	BRAF;CFTR;CTRC;KRAS;MAP2K1;MAP2K2;PRSS1;SPINK1	no	yes	structured_catalog_unvalidated	yes	yes	yes	no	yes	high	C	no	Sensitive trait (disease risk, pharmacogenomics, carrier status, reproductive genetics, or substance response). Requires clinical/regulatory review.	clinical, requires professional review	Sensitive trait. Requires clinical, regulatory, and ethical review. Not for direct-to-consumer reporting without professional oversight.	
wg-2125	genetic_disease	Disease Risk (Sensitive)	Hereditary Sensory and Autonomic Neuropathy (HSAN)	Hereditary Sensory and Autonomic Neuropathy (HSAN)	Genetic variants associated with Hereditary Sensory and Autonomic Neuropathy (HSAN). Disease risk markers require clinical validation.	Association testing using genetic markers from the structured WeGene catalog related to Hereditary Sensory and Autonomic Neuropathy (HSAN).	No clinical or diagnostic claims can be made. All rsIDs are externally unvalidated. This is a sensitive trait requiring clinical, regulatory, and ethical review before any reporting.	1	rs797045071	SPTLC1	no	yes	structured_catalog_unvalidated	yes	yes	yes	no	yes	high	C	no	Sensitive trait (disease risk, pharmacogenomics, carrier status, reproductive genetics, or substance response). Requires clinical/regulatory review.	clinical, requires professional review	Sensitive trait. Requires clinical, regulatory, and ethical review. Not for direct-to-consumer reporting without professional oversight.	
wg-2190	genetic_disease	Disease Risk (Sensitive)	Hermansky-Pudlak Syndrome (HPS)	Hermansky-Pudlak Syndrome (HPS)	Genetic variants associated with Hermansky-Pudlak Syndrome (HPS). Disease risk markers require clinical validation.	Association testing using genetic markers from the structured WeGene catalog related to Hermansky-Pudlak Syndrome (HPS).	No clinical or diagnostic claims can be made. All rsIDs are externally unvalidated. This is a sensitive trait requiring clinical, regulatory, and ethical review before any reporting.	2	rs201227603;rs281865084	HPS1;HPS3	no	yes	structured_catalog_unvalidated	yes	yes	yes	no	yes	high	C	no	Sensitive trait (disease risk, pharmacogenomics, carrier status, reproductive genetics, or substance response). Requires clinical/regulatory review.	clinical, requires professional review	Sensitive trait. Requires clinical, regulatory, and ethical review. Not for direct-to-consumer reporting without professional oversight.	
wg-2069	genetic_disease	Disease Risk (Sensitive)	Holocarboxylase Synthetase Deficiency (HCSD)	Holocarboxylase Synthetase Deficiency (HCSD)	Genetic variants associated with Holocarboxylase Synthetase Deficiency (HCSD). Disease risk markers require clinical validation.	Association testing using genetic markers from the structured WeGene catalog related to Holocarboxylase Synthetase Deficiency (HCSD).	No clinical or diagnostic claims can be made. All rsIDs are externally unvalidated. This is a sensitive trait requiring clinical, regulatory, and ethical review before any reporting.	3	rs119103227;rs119103229;rs119103230	HLCS	no	yes	structured_catalog_unvalidated	yes	yes	yes	no	yes	high	C	no	Sensitive trait (disease risk, pharmacogenomics, carrier status, reproductive genetics, or substance response). Requires clinical/regulatory review.	clinical, requires professional review	Sensitive trait. Requires clinical, regulatory, and ethical review. Not for direct-to-consumer reporting without professional oversight.	
wg-2066	genetic_disease	Disease Risk (Sensitive)	Holoprosencephaly (HPE)	Holoprosencephaly (HPE)	Genetic variants associated with Holoprosencephaly (HPE). Disease risk markers require clinical validation.	Association testing using genetic markers from the structured WeGene catalog related to Holoprosencephaly (HPE).	No clinical or diagnostic claims can be made. All rsIDs are externally unvalidated. This is a sensitive trait requiring clinical, regulatory, and ethical review before any reporting.	4	rs387906;rs121909069;rs267607047;rs28936675	AKR1D1;AMACR;CDON;HSD3B7;SHH;TGIF1	no	yes	structured_catalog_unvalidated	yes	yes	yes	no	yes	high	C	no	Sensitive trait (disease risk, pharmacogenomics, carrier status, reproductive genetics, or substance response). Requires clinical/regulatory review.	clinical, requires professional review	Sensitive trait. Requires clinical, regulatory, and ethical review. Not for direct-to-consumer reporting without professional oversight.	
wg-2005	genetic_disease	Disease Risk (Sensitive)	Homocystinuria (HCU)	Homocystinuria (HCU)	Genetic variants associated with Homocystinuria (HCU). Disease risk markers require clinical validation.	Association testing using genetic markers from the structured WeGene catalog related to Homocystinuria (HCU).	No clinical or diagnostic claims can be made. All rsIDs are externally unvalidated. This is a sensitive trait requiring clinical, regulatory, and ethical review before any reporting.	5	rs77791;rs77822;rs121964962;rs121964973;rs1347651454	CBS	no	yes	structured_catalog_unvalidated	yes	yes	yes	no	yes	high	C	no	Sensitive trait (disease risk, pharmacogenomics, carrier status, reproductive genetics, or substance response). Requires clinical/regulatory review.	clinical, requires professional review	Sensitive trait. Requires clinical, regulatory, and ethical review. Not for direct-to-consumer reporting without professional oversight.	
wg-2191	genetic_disease	Disease Risk (Sensitive)	Hutchinson-Gilford Progeria Syndrom (HGPS)	Hutchinson-Gilford Progeria Syndrom (HGPS)	Genetic variants associated with Hutchinson-Gilford Progeria Syndrom (HGPS). Disease risk markers require clinical validation.	Association testing using genetic markers from the structured WeGene catalog related to Hutchinson-Gilford Progeria Syndrom (HGPS).	No clinical or diagnostic claims can be made. All rsIDs are externally unvalidated. This is a sensitive trait requiring clinical, regulatory, and ethical review before any reporting.	1	rs60652225	LMNA	no	yes	structured_catalog_unvalidated	yes	yes	yes	no	yes	high	C	no	Sensitive trait (disease risk, pharmacogenomics, carrier status, reproductive genetics, or substance response). Requires clinical/regulatory review.	clinical, requires professional review	Sensitive trait. Requires clinical, regulatory, and ethical review. Not for direct-to-consumer reporting without professional oversight.	
wg-2054	genetic_disease	Disease Risk (Sensitive)	Hydrocephalus Syndrome	Hydrocephalus Syndrome	Genetic variants associated with Hydrocephalus Syndrome. Disease risk markers require clinical validation.	Association testing using genetic markers from the structured WeGene catalog related to Hydrocephalus Syndrome.	No clinical or diagnostic claims can be made. All rsIDs are externally unvalidated. This is a sensitive trait requiring clinical, regulatory, and ethical review before any reporting.	3	rs137852522;rs137852524;rs797044787	L1CAM	no	yes	structured_catalog_unvalidated	yes	yes	yes	no	yes	high	C	no	Sensitive trait (disease risk, pharmacogenomics, carrier status, reproductive genetics, or substance response). Requires clinical/regulatory review.	clinical, requires professional review	Sensitive trait. Requires clinical, regulatory, and ethical review. Not for direct-to-consumer reporting without professional oversight.	
wg-2008	genetic_disease	Disease Risk (Sensitive)	Hyperinsulinemic Hypoglycemia (HH)	Hyperinsulinemic Hypoglycemia (HH)	Genetic variants associated with Hyperinsulinemic Hypoglycemia (HH). Disease risk markers require clinical validation.	Association testing using genetic markers from the structured WeGene catalog related to Hyperinsulinemic Hypoglycemia (HH).	No clinical or diagnostic claims can be made. All rsIDs are externally unvalidated. This is a sensitive trait requiring clinical, regulatory, and ethical review before any reporting.	3	rs137852671;rs139328569;rs139964066	ABCC8	no	yes	structured_catalog_unvalidated	yes	yes	yes	no	yes	high	C	no	Sensitive trait (disease risk, pharmacogenomics, carrier status, reproductive genetics, or substance response). Requires clinical/regulatory review.	clinical, requires professional review	Sensitive trait. Requires clinical, regulatory, and ethical review. Not for direct-to-consumer reporting without professional oversight.	
wg-2007	genetic_disease	Disease Risk (Sensitive)	Hyperornithinemia-Hyperammonemia-Homocitrullinuria Syndrome (HHH)	Hyperornithinemia-Hyperammonemia-Homocitrullinuria Syndrome (HHH)	Genetic variants associated with Hyperornithinemia-Hyperammonemia-Homocitrullinuria Syndrome (HHH). Disease risk markers require clinical validation.	Association testing using genetic markers from the structured WeGene catalog related to Hyperornithinemia-Hyperammonemia-Homocitrullinuria Syndrome (HHH).	No clinical or diagnostic claims can be made. All rsIDs are externally unvalidated. This is a sensitive trait requiring clinical, regulatory, and ethical review before any reporting.	4	rs12190;rs104894424;rs104894429;rs104894430	ABCA3;ACVRL1;FOXI1;GJA5;HCN4;KCNA5;KCNQ1;MYBPC;MYH7;RYR2;SCN5A;SLC25A;SLC25A15;SLC26A;SLC26A4;TNNT2;TPM1	no	yes	structured_catalog_unvalidated	yes	yes	yes	no	yes	high	C	no	Sensitive trait (disease risk, pharmacogenomics, carrier status, reproductive genetics, or substance response). Requires clinical/regulatory review.	clinical, requires professional review	Sensitive trait. Requires clinical, regulatory, and ethical review. Not for direct-to-consumer reporting without professional oversight.	
wg-2006	genetic_disease	Disease Risk (Sensitive)	Hyperphosphatasia with Intellectual Disability Syndrome	Hyperphosphatasia with Intellectual Disability Syndrome	Genetic variants associated with Hyperphosphatasia with Intellectual Disability Syndrome. Disease risk markers require clinical validation.	Association testing using genetic markers from the structured WeGene catalog related to Hyperphosphatasia with Intellectual Disability Syndrome.	No clinical or diagnostic claims can be made. All rsIDs are externally unvalidated. This is a sensitive trait requiring clinical, regulatory, and ethical review before any reporting.	2	rs139073416;rs770591449	PIGO;PIGV	no	yes	structured_catalog_unvalidated	yes	yes	yes	no	yes	high	C	no	Sensitive trait (disease risk, pharmacogenomics, carrier status, reproductive genetics, or substance response). Requires clinical/regulatory review.	clinical, requires professional review	Sensitive trait. Requires clinical, regulatory, and ethical review. Not for direct-to-consumer reporting without professional oversight.	
wg-2415	health_risk	Disease Risk (Sensitive)	Hyperthyroidism	Hyperthyroidism	Genetic variants associated with Hyperthyroidism. Disease risk markers require clinical validation.	Association testing using genetic markers from the structured WeGene catalog related to Hyperthyroidism.	No clinical or diagnostic claims can be made. All rsIDs are externally unvalidated. This is a sensitive trait requiring clinical, regulatory, and ethical review before any reporting.	8	rs7555082;rs6574611;rs604912;rs2476491;rs3742721;rs2476601;rs3087243;rs8043085	CEP128;CTLA4;FAM227B;IL2RA;JAK1;PTPN22;RASGRP1;SH2B3;SLAMF6;SLC1A2;STAT4;TLR3;VAV3	no	yes	structured_catalog_unvalidated	yes	yes	yes	no	yes	high	C	no	Sensitive trait (disease risk, pharmacogenomics, carrier status, reproductive genetics, or substance response). Requires clinical/regulatory review.	clinical, requires professional review	Sensitive trait. Requires clinical, regulatory, and ethical review. Not for direct-to-consumer reporting without professional oversight.	
wg-134	health_risk	Disease Risk (Sensitive)	Hypertriglyceridemia	Hypertriglyceridemia	Genetic variants associated with Hypertriglyceridemia. Disease risk markers require clinical validation.	Association testing using genetic markers from the structured WeGene catalog related to Hypertriglyceridemia.	No clinical or diagnostic claims can be made. All rsIDs are externally unvalidated. This is a sensitive trait requiring clinical, regulatory, and ethical review before any reporting.	5	rs2068888;rs9686661;rs261342;rs1260326;rs964184	ABCG8;AGTR1;CYP4F2;GCKR;PPARGC1A;SLC10A2;UGT1A1;ZPR1	no	yes	structured_catalog_unvalidated	yes	yes	yes	no	yes	high	C	no	Sensitive trait (disease risk, pharmacogenomics, carrier status, reproductive genetics, or substance response). Requires clinical/regulatory review.	clinical, requires professional review	Sensitive trait. Requires clinical, regulatory, and ethical review. Not for direct-to-consumer reporting without professional oversight.	
wg-196	genetic_disease	Disease Risk (Sensitive)	Hypertrophic Cardiomyopathy	Hypertrophic Cardiomyopathy	Genetic variants associated with Hypertrophic Cardiomyopathy. Disease risk markers require clinical validation.	Association testing using genetic markers from the structured WeGene catalog related to Hypertrophic Cardiomyopathy.	No clinical or diagnostic claims can be made. All rsIDs are externally unvalidated. This is a sensitive trait requiring clinical, regulatory, and ethical review before any reporting.	3	rs10489;rs73088;rs36212066	CACNA1C;CAV3;COL3A1;CYP1A1;DMD;EPHX1;ESR2;GJB2;GJB3;GSTP1;HCN4;KCNH2;KCNJ2;KCNQ1;LOXHD;MYBPC;MYBPC3;MYL3;MYO15A;SCN5A;SDHB;SDHD;SLC26A4;SMAD3;TGFB2;TGFBR1;TGFBR2;TNNI3;VHL;WFS1	no	yes	structured_catalog_unvalidated	yes	yes	yes	no	yes	high	C	no	Sensitive trait (disease risk, pharmacogenomics, carrier status, reproductive genetics, or substance response). Requires clinical/regulatory review.	clinical, requires professional review	Sensitive trait. Requires clinical, regulatory, and ethical review. Not for direct-to-consumer reporting without professional oversight.	
wg-2025	genetic_disease	Disease Risk (Sensitive)	Hypobetalipoproteinemia (HBL)	Hypobetalipoproteinemia (HBL)	Genetic variants associated with Hypobetalipoproteinemia (HBL). Disease risk markers require clinical validation.	Association testing using genetic markers from the structured WeGene catalog related to Hypobetalipoproteinemia (HBL).	No clinical or diagnostic claims can be made. All rsIDs are externally unvalidated. This is a sensitive trait requiring clinical, regulatory, and ethical review before any reporting.	6	rs87885;rs15533;rs79704;rs1057518647;rs1215189537;rs121918385	APOB;ATF6;BRAF;CC2D2A;CEP290;CNGA3;CNGB3;COASY;GNPTA;GNPTAB;GNPTG;KRAS;MAP2K1;MAP2K2;MCOLN;MCOLN1;MKS1;OCA2;PDE6C;PLA2G6;RPGRIP;SLC45A2;TMEM2;TMEM216;TMEM67;TYR;TYRP1;UBE3A;WDR45	no	yes	structured_catalog_unvalidated	yes	yes	yes	no	yes	high	C	no	Sensitive trait (disease risk, pharmacogenomics, carrier status, reproductive genetics, or substance response). Requires clinical/regulatory review.	clinical, requires professional review	Sensitive trait. Requires clinical, regulatory, and ethical review. Not for direct-to-consumer reporting without professional oversight.	
wg-2070	genetic_disease	Disease Risk (Sensitive)	Hypochondroplasia	Hypochondroplasia	Genetic variants associated with Hypochondroplasia. Disease risk markers require clinical validation.	Association testing using genetic markers from the structured WeGene catalog related to Hypochondroplasia.	No clinical or diagnostic claims can be made. All rsIDs are externally unvalidated. This is a sensitive trait requiring clinical, regulatory, and ethical review before any reporting.	1	rs121913115	FGFR3	no	yes	structured_catalog_unvalidated	yes	yes	yes	no	yes	high	C	no	Sensitive trait (disease risk, pharmacogenomics, carrier status, reproductive genetics, or substance response). Requires clinical/regulatory review.	clinical, requires professional review	Sensitive trait. Requires clinical, regulatory, and ethical review. Not for direct-to-consumer reporting without professional oversight.	
wg-1990	genetic_disease	Disease Risk (Sensitive)	Hypokalemic Periodic Paralysis (HKOPP)	Hypokalemic Periodic Paralysis (HKOPP)	Genetic variants associated with Hypokalemic Periodic Paralysis (HKOPP). Disease risk markers require clinical validation.	Association testing using genetic markers from the structured WeGene catalog related to Hypokalemic Periodic Paralysis (HKOPP).	No clinical or diagnostic claims can be made. All rsIDs are externally unvalidated. This is a sensitive trait requiring clinical, regulatory, and ethical review before any reporting.	5	rs26760;rs52723;rs121908552;rs1553252746;rs1558056376	ABCA4;BAG3;CACNA;CACNA1S;DES;FLNC;NDUFS4;PROM1;PRPH2;SCN4A;SURF1	no	yes	structured_catalog_unvalidated	yes	yes	yes	no	yes	high	C	no	Sensitive trait (disease risk, pharmacogenomics, carrier status, reproductive genetics, or substance response). Requires clinical/regulatory review.	clinical, requires professional review	Sensitive trait. Requires clinical, regulatory, and ethical review. Not for direct-to-consumer reporting without professional oversight.	
wg-2084	genetic_disease	Disease Risk (Sensitive)	Hypomyelination and Congenital Cataract (HCC)	Hypomyelination and Congenital Cataract (HCC)	Genetic variants associated with Hypomyelination and Congenital Cataract (HCC). Disease risk markers require clinical validation.	Association testing using genetic markers from the structured WeGene catalog related to Hypomyelination and Congenital Cataract (HCC).	No clinical or diagnostic claims can be made. All rsIDs are externally unvalidated. This is a sensitive trait requiring clinical, regulatory, and ethical review before any reporting.	1	rs72549407	FAM126A;HYCC1	no	yes	structured_catalog_unvalidated	yes	yes	yes	no	yes	high	C	no	Sensitive trait (disease risk, pharmacogenomics, carrier status, reproductive genetics, or substance response). Requires clinical/regulatory review.	clinical, requires professional review	Sensitive trait. Requires clinical, regulatory, and ethical review. Not for direct-to-consumer reporting without professional oversight.	
wg-1992	genetic_disease	Disease Risk (Sensitive)	Hypophosphatasia (HPP)	Hypophosphatasia (HPP)	Genetic variants associated with Hypophosphatasia (HPP). Disease risk markers require clinical validation.	Association testing using genetic markers from the structured WeGene catalog related to Hypophosphatasia (HPP).	No clinical or diagnostic claims can be made. All rsIDs are externally unvalidated. This is a sensitive trait requiring clinical, regulatory, and ethical review before any reporting.	3	rs121918000;rs121918013;rs121918014	ALPL	no	yes	structured_catalog_unvalidated	yes	yes	yes	no	yes	high	C	no	Sensitive trait (disease risk, pharmacogenomics, carrier status, reproductive genetics, or substance response). Requires clinical/regulatory review.	clinical, requires professional review	Sensitive trait. Requires clinical, regulatory, and ethical review. Not for direct-to-consumer reporting without professional oversight.	
wg-1991	genetic_disease	Disease Risk (Sensitive)	Hypophosphatemic Rickets (HR)	Hypophosphatemic Rickets (HR)	Genetic variants associated with Hypophosphatemic Rickets (HR). Disease risk markers require clinical validation.	Association testing using genetic markers from the structured WeGene catalog related to Hypophosphatemic Rickets (HR).	No clinical or diagnostic claims can be made. All rsIDs are externally unvalidated. This is a sensitive trait requiring clinical, regulatory, and ethical review before any reporting.	3	rs121908248;rs193922702;rs28937882	CLCN5;ENPP1;FGF23;PHEX	no	yes	structured_catalog_unvalidated	yes	yes	yes	no	yes	high	C	no	Sensitive trait (disease risk, pharmacogenomics, carrier status, reproductive genetics, or substance response). Requires clinical/regulatory review.	clinical, requires professional review	Sensitive trait. Requires clinical, regulatory, and ethical review. Not for direct-to-consumer reporting without professional oversight.	
wg-81	health_risk	Disease Risk (Sensitive)	Idiopathic Pulmonary Fibrosis (IPF)	Idiopathic Pulmonary Fibrosis (IPF)	Genetic variants associated with Idiopathic Pulmonary Fibrosis (IPF). Disease risk markers require clinical validation.	Association testing using genetic markers from the structured WeGene catalog related to Idiopathic Pulmonary Fibrosis (IPF).	No clinical or diagnostic claims can be made. All rsIDs are externally unvalidated. This is a sensitive trait requiring clinical, regulatory, and ethical review before any reporting.	7	rs12699415;rs2034650;rs6793295;rs12912339;rs2076295;rs121610495;rs1278769	ATP11A;DPP9;DSP;LRRC34;MAPT;MUC2;TERT	no	yes	structured_catalog_unvalidated	yes	yes	yes	no	yes	high	C	no	Sensitive trait (disease risk, pharmacogenomics, carrier status, reproductive genetics, or substance response). Requires clinical/regulatory review.	clinical, requires professional review	Sensitive trait. Requires clinical, regulatory, and ethical review. Not for direct-to-consumer reporting without professional oversight.	
wg-2052	genetic_disease	Disease Risk (Sensitive)	Immunodeficiency	Immunodeficiency	Genetic variants associated with Immunodeficiency. Disease risk markers require clinical validation.	Association testing using genetic markers from the structured WeGene catalog related to Immunodeficiency.	No clinical or diagnostic claims can be made. All rsIDs are externally unvalidated. This is a sensitive trait requiring clinical, regulatory, and ethical review before any reporting.	4	rs58777;rs104893893;rs121918659;rs193922641	CLP1;EXOSC3;FBN1;FBXL4;IL7R;MPV17;PGM3;PIK3R1;POLG;RARS2;SEPSEC;SLC25A;STAT1;SUCLG1;TK2;TSEN54;TYMP;VRK1	no	yes	structured_catalog_unvalidated	yes	yes	yes	no	yes	high	C	no	Sensitive trait (disease risk, pharmacogenomics, carrier status, reproductive genetics, or substance response). Requires clinical/regulatory review.	clinical, requires professional review	Sensitive trait. Requires clinical, regulatory, and ethical review. Not for direct-to-consumer reporting without professional oversight.	
wg-2073	genetic_disease	Disease Risk (Sensitive)	Incontinentia Pigmenti (IP)	Incontinentia Pigmenti (IP)	Genetic variants associated with Incontinentia Pigmenti (IP). Disease risk markers require clinical validation.	Association testing using genetic markers from the structured WeGene catalog related to Incontinentia Pigmenti (IP).	No clinical or diagnostic claims can be made. All rsIDs are externally unvalidated. This is a sensitive trait requiring clinical, regulatory, and ethical review before any reporting.	1	rs137853323	IKBKG	no	yes	structured_catalog_unvalidated	yes	yes	yes	no	yes	high	C	no	Sensitive trait (disease risk, pharmacogenomics, carrier status, reproductive genetics, or substance response). Requires clinical/regulatory review.	clinical, requires professional review	Sensitive trait. Requires clinical, regulatory, and ethical review. Not for direct-to-consumer reporting without professional oversight.	
wg-2132	genetic_disease	Disease Risk (Sensitive)	Infantile Cerebellar-Retinal Degeneration (ICRD)	Infantile Cerebellar-Retinal Degeneration (ICRD)	Genetic variants associated with Infantile Cerebellar-Retinal Degeneration (ICRD). Disease risk markers require clinical validation.	Association testing using genetic markers from the structured WeGene catalog related to Infantile Cerebellar-Retinal Degeneration (ICRD).	No clinical or diagnostic claims can be made. All rsIDs are externally unvalidated. This is a sensitive trait requiring clinical, regulatory, and ethical review before any reporting.	1	rs375761361	ACO2	no	yes	structured_catalog_unvalidated	yes	yes	yes	no	yes	high	C	no	Sensitive trait (disease risk, pharmacogenomics, carrier status, reproductive genetics, or substance response). Requires clinical/regulatory review.	clinical, requires professional review	Sensitive trait. Requires clinical, regulatory, and ethical review. Not for direct-to-consumer reporting without professional oversight.	
wg-1974	health_risk	Disease Risk (Sensitive)	Insomnia	Insomnia	Genetic variants associated with Insomnia. Disease risk markers require clinical validation.	Association testing using genetic markers from the structured WeGene catalog related to Insomnia.	No clinical or diagnostic claims can be made. All rsIDs are externally unvalidated. This is a sensitive trait requiring clinical, regulatory, and ethical review before any reporting.	9	rs1344829;rs67588220;rs2792990;rs145611631;rs79693059;rs55777621;rs13107325;rs12039093;rs703848	DPYD;MYO1A;PPP1R10;SLC39A8	no	yes	structured_catalog_unvalidated	yes	yes	yes	no	yes	high	C	no	Sensitive trait (disease risk, pharmacogenomics, carrier status, reproductive genetics, or substance response). Requires clinical/regulatory review.	clinical, requires professional review	Sensitive trait. Requires clinical, regulatory, and ethical review. Not for direct-to-consumer reporting without professional oversight.	
wg-2147	genetic_disease	Disease Risk (Sensitive)	Intellectual Disability-Hypotonic Facies Syndrome	Intellectual Disability-Hypotonic Facies Syndrome	Genetic variants associated with Intellectual Disability-Hypotonic Facies Syndrome. Disease risk markers require clinical validation.	Association testing using genetic markers from the structured WeGene catalog related to Intellectual Disability-Hypotonic Facies Syndrome.	No clinical or diagnostic claims can be made. All rsIDs are externally unvalidated. This is a sensitive trait requiring clinical, regulatory, and ethical review before any reporting.	2	rs122445099;rs398123425	ATRX	no	yes	structured_catalog_unvalidated	yes	yes	yes	no	yes	high	C	no	Sensitive trait (disease risk, pharmacogenomics, carrier status, reproductive genetics, or substance response). Requires clinical/regulatory review.	clinical, requires professional review	Sensitive trait. Requires clinical, regulatory, and ethical review. Not for direct-to-consumer reporting without professional oversight.	
wg-2086	genetic_disease	Disease Risk (Sensitive)	Isolated Growth Hormone Deficiency (IGHD)	Isolated Growth Hormone Deficiency (IGHD)	Genetic variants associated with Isolated Growth Hormone Deficiency (IGHD). Disease risk markers require clinical validation.	Association testing using genetic markers from the structured WeGene catalog related to Isolated Growth Hormone Deficiency (IGHD).	No clinical or diagnostic claims can be made. All rsIDs are externally unvalidated. This is a sensitive trait requiring clinical, regulatory, and ethical review before any reporting.	3	rs121918117;rs121918121;rs483352872	GHRHR	no	yes	structured_catalog_unvalidated	yes	yes	yes	no	yes	high	C	no	Sensitive trait (disease risk, pharmacogenomics, carrier status, reproductive genetics, or substance response). Requires clinical/regulatory review.	clinical, requires professional review	Sensitive trait. Requires clinical, regulatory, and ethical review. Not for direct-to-consumer reporting without professional oversight.	
wg-2130	genetic_disease	Disease Risk (Sensitive)	Isovaleric Acidemia (IVA)	Isovaleric Acidemia (IVA)	Genetic variants associated with Isovaleric Acidemia (IVA). Disease risk markers require clinical validation.	Association testing using genetic markers from the structured WeGene catalog related to Isovaleric Acidemia (IVA).	No clinical or diagnostic claims can be made. All rsIDs are externally unvalidated. This is a sensitive trait requiring clinical, regulatory, and ethical review before any reporting.	1	rs786204613	IVD	no	yes	structured_catalog_unvalidated	yes	yes	yes	no	yes	high	C	no	Sensitive trait (disease risk, pharmacogenomics, carrier status, reproductive genetics, or substance response). Requires clinical/regulatory review.	clinical, requires professional review	Sensitive trait. Requires clinical, regulatory, and ethical review. Not for direct-to-consumer reporting without professional oversight.	
wg-1583	genetic_disease	Disease Risk (Sensitive)	Jervell-Lange-Nielsen Syndrome	Jervell-Lange-Nielsen Syndrome	Genetic variants associated with Jervell-Lange-Nielsen Syndrome. Disease risk markers require clinical validation.	Association testing using genetic markers from the structured WeGene catalog related to Jervell-Lange-Nielsen Syndrome.	No clinical or diagnostic claims can be made. All rsIDs are externally unvalidated. This is a sensitive trait requiring clinical, regulatory, and ethical review before any reporting.	1	rs786204778	KCNQ1	no	yes	structured_catalog_unvalidated	yes	yes	yes	no	yes	high	C	no	Sensitive trait (disease risk, pharmacogenomics, carrier status, reproductive genetics, or substance response). Requires clinical/regulatory review.	clinical, requires professional review	Sensitive trait. Requires clinical, regulatory, and ethical review. Not for direct-to-consumer reporting without professional oversight.	
wg-2192	genetic_disease	Disease Risk (Sensitive)	Johanson-Blizzard Syndrome (JBS)	Johanson-Blizzard Syndrome (JBS)	Genetic variants associated with Johanson-Blizzard Syndrome (JBS). Disease risk markers require clinical validation.	Association testing using genetic markers from the structured WeGene catalog related to Johanson-Blizzard Syndrome (JBS).	No clinical or diagnostic claims can be made. All rsIDs are externally unvalidated. This is a sensitive trait requiring clinical, regulatory, and ethical review before any reporting.	1	rs797045112	UBR1	no	yes	structured_catalog_unvalidated	yes	yes	yes	no	yes	high	C	no	Sensitive trait (disease risk, pharmacogenomics, carrier status, reproductive genetics, or substance response). Requires clinical/regulatory review.	clinical, requires professional review	Sensitive trait. Requires clinical, regulatory, and ethical review. Not for direct-to-consumer reporting without professional oversight.	
wg-2193	genetic_disease	Disease Risk (Sensitive)	Joubert Syndrome (JS)	Joubert Syndrome (JS)	Genetic variants associated with Joubert Syndrome (JS). Disease risk markers require clinical validation.	Association testing using genetic markers from the structured WeGene catalog related to Joubert Syndrome (JS).	No clinical or diagnostic claims can be made. All rsIDs are externally unvalidated. This is a sensitive trait requiring clinical, regulatory, and ethical review before any reporting.	5	rs79605;rs754279998;rs115195998;rs121918128;rs137853107	AHI1;CACNA1A;CC2D2A;CDKL5;CHD2;CLN3;CLN5;CLN8;INPP5E;KIAA05;MFSD8;PCCA;PCCB;PCDH19;PPT1;RPGRIP1L;SCN2A;TMEM67;UQCRFS1	no	yes	structured_catalog_unvalidated	yes	yes	yes	no	yes	high	C	no	Sensitive trait (disease risk, pharmacogenomics, carrier status, reproductive genetics, or substance response). Requires clinical/regulatory review.	clinical, requires professional review	Sensitive trait. Requires clinical, regulatory, and ethical review. Not for direct-to-consumer reporting without professional oversight.	
wg-2134	genetic_disease	Disease Risk (Sensitive)	Juvenile Polyposis Syndrome (JPS)	Juvenile Polyposis Syndrome (JPS)	Genetic variants associated with Juvenile Polyposis Syndrome (JPS). Disease risk markers require clinical validation.	Association testing using genetic markers from the structured WeGene catalog related to Juvenile Polyposis Syndrome (JPS).	No clinical or diagnostic claims can be made. All rsIDs are externally unvalidated. This is a sensitive trait requiring clinical, regulatory, and ethical review before any reporting.	6	rs12191;rs37776;rs80338;rs1060500738;rs1060500739;rs1060500742	BAG3;BMPR1A;COL4A3;COL4A5;DES;FLNC;MVK;MYO7A;PCDH15;RYR1;SMAD4;TNNI3;USH1C;USH1G;USH2A	no	yes	structured_catalog_unvalidated	yes	yes	yes	no	yes	high	C	no	Sensitive trait (disease risk, pharmacogenomics, carrier status, reproductive genetics, or substance response). Requires clinical/regulatory review.	clinical, requires professional review	Sensitive trait. Requires clinical, regulatory, and ethical review. Not for direct-to-consumer reporting without professional oversight.	
wg-2194	genetic_disease	Disease Risk (Sensitive)	KBG Syndrome	KBG Syndrome	Genetic variants associated with KBG Syndrome. Disease risk markers require clinical validation.	Association testing using genetic markers from the structured WeGene catalog related to KBG Syndrome.	No clinical or diagnostic claims can be made. All rsIDs are externally unvalidated. This is a sensitive trait requiring clinical, regulatory, and ethical review before any reporting.	3	rs797044890;rs886039734;rs886041791	ANKRD11	no	yes	structured_catalog_unvalidated	yes	yes	yes	no	yes	high	C	no	Sensitive trait (disease risk, pharmacogenomics, carrier status, reproductive genetics, or substance response). Requires clinical/regulatory review.	clinical, requires professional review	Sensitive trait. Requires clinical, regulatory, and ethical review. Not for direct-to-consumer reporting without professional oversight.	
wg-2009	genetic_disease	Disease Risk (Sensitive)	Kabuki Syndrome (KS)	Kabuki Syndrome (KS)	Genetic variants associated with Kabuki Syndrome (KS). Disease risk markers require clinical validation.	Association testing using genetic markers from the structured WeGene catalog related to Kabuki Syndrome (KS).	No clinical or diagnostic claims can be made. All rsIDs are externally unvalidated. This is a sensitive trait requiring clinical, regulatory, and ethical review before any reporting.	5	rs79472;rs587783713;rs267607237;rs398122929;rs398123704	COL1A1;COL1A2;COL4A3;COL4A5;KDM6A;KMT2D;P3H1	no	yes	structured_catalog_unvalidated	yes	yes	yes	no	yes	high	C	no	Sensitive trait (disease risk, pharmacogenomics, carrier status, reproductive genetics, or substance response). Requires clinical/regulatory review.	clinical, requires professional review	Sensitive trait. Requires clinical, regulatory, and ethical review. Not for direct-to-consumer reporting without professional oversight.	
wg-1747	health_risk	Disease Risk (Sensitive)	Kawasaki Disease	Kawasaki Disease	Genetic variants associated with Kawasaki Disease. Disease risk markers require clinical validation.	Association testing using genetic markers from the structured WeGene catalog related to Kawasaki Disease.	No clinical or diagnostic claims can be made. All rsIDs are externally unvalidated. This is a sensitive trait requiring clinical, regulatory, and ethical review before any reporting.	6	rs1801274;rs2130392;rs28493229;rs2233152;rs2254546;rs2736340	BSN;CCHCR1;CENPU;FCGR2A;IL23R;ITPKC;PELI1	no	yes	structured_catalog_unvalidated	yes	yes	yes	no	yes	high	C	no	Sensitive trait (disease risk, pharmacogenomics, carrier status, reproductive genetics, or substance response). Requires clinical/regulatory review.	clinical, requires professional review	Sensitive trait. Requires clinical, regulatory, and ethical review. Not for direct-to-consumer reporting without professional oversight.	
wg-2195	genetic_disease	Disease Risk (Sensitive)	Kenny-Caffey Syndrome (KCS)	Kenny-Caffey Syndrome (KCS)	Genetic variants associated with Kenny-Caffey Syndrome (KCS). Disease risk markers require clinical validation.	Association testing using genetic markers from the structured WeGene catalog related to Kenny-Caffey Syndrome (KCS).	No clinical or diagnostic claims can be made. All rsIDs are externally unvalidated. This is a sensitive trait requiring clinical, regulatory, and ethical review before any reporting.	1	rs587777011	FAM111A	no	yes	structured_catalog_unvalidated	yes	yes	yes	no	yes	high	C	no	Sensitive trait (disease risk, pharmacogenomics, carrier status, reproductive genetics, or substance response). Requires clinical/regulatory review.	clinical, requires professional review	Sensitive trait. Requires clinical, regulatory, and ethical review. Not for direct-to-consumer reporting without professional oversight.	
wg-2196	genetic_disease	Disease Risk (Sensitive)	Kniest Dysplasia	Kniest Dysplasia	Genetic variants associated with Kniest Dysplasia. Disease risk markers require clinical validation.	Association testing using genetic markers from the structured WeGene catalog related to Kniest Dysplasia.	No clinical or diagnostic claims can be made. All rsIDs are externally unvalidated. This is a sensitive trait requiring clinical, regulatory, and ethical review before any reporting.	1	rs121912877	COL2A1	no	yes	structured_catalog_unvalidated	yes	yes	yes	no	yes	high	C	no	Sensitive trait (disease risk, pharmacogenomics, carrier status, reproductive genetics, or substance response). Requires clinical/regulatory review.	clinical, requires professional review	Sensitive trait. Requires clinical, regulatory, and ethical review. Not for direct-to-consumer reporting without professional oversight.	
wg-2197	genetic_disease	Disease Risk (Sensitive)	L1 Syndrome	L1 Syndrome	Genetic variants associated with L1 Syndrome. Disease risk markers require clinical validation.	Association testing using genetic markers from the structured WeGene catalog related to L1 Syndrome.	No clinical or diagnostic claims can be made. All rsIDs are externally unvalidated. This is a sensitive trait requiring clinical, regulatory, and ethical review before any reporting.	2	rs137852520;rs797045673	L1CAM	no	yes	structured_catalog_unvalidated	yes	yes	yes	no	yes	high	C	no	Sensitive trait (disease risk, pharmacogenomics, carrier status, reproductive genetics, or substance response). Requires clinical/regulatory review.	clinical, requires professional review	Sensitive trait. Requires clinical, regulatory, and ethical review. Not for direct-to-consumer reporting without professional oversight.	
wg-1576	genetic_disease	Disease Risk (Sensitive)	Large Vestibular Aqueduct Syndrome	Large Vestibular Aqueduct Syndrome	Genetic variants associated with Large Vestibular Aqueduct Syndrome. Disease risk markers require clinical validation.	Association testing using genetic markers from the structured WeGene catalog related to Large Vestibular Aqueduct Syndrome.	No clinical or diagnostic claims can be made. All rsIDs are externally unvalidated. This is a sensitive trait requiring clinical, regulatory, and ethical review before any reporting.	4	rs39751;rs14795;rs786204739;rs200712253	ACTA2;APC;BTD;CLPB;LOX;MYH11;MYLK;PRKG1;SERAC1;SLC26A;SLC26A4;TAFAZZIN	no	yes	structured_catalog_unvalidated	yes	yes	yes	no	yes	high	C	no	Sensitive trait (disease risk, pharmacogenomics, carrier status, reproductive genetics, or substance response). Requires clinical/regulatory review.	clinical, requires professional review	Sensitive trait. Requires clinical, regulatory, and ethical review. Not for direct-to-consumer reporting without professional oversight.	
wg-38	health_risk	Disease Risk (Sensitive)	Late-Onset Alzheimer's Disease	Late-Onset Alzheimer's Disease	Genetic variants associated with Late-Onset Alzheimer's Disease. Disease risk markers require clinical validation.	Association testing using genetic markers from the structured WeGene catalog related to Late-Onset Alzheimer's Disease.	No clinical or diagnostic claims can be made. All rsIDs are externally unvalidated. This is a sensitive trait requiring clinical, regulatory, and ethical review before any reporting.	7	rs7101429;rs6675281;rs1992269;rs7412;rs892086;rs908832;rs5848	ABCA2;APOE;GCH1;KCNJ15;PSEN1;SORL1	no	yes	structured_catalog_unvalidated	yes	yes	yes	no	yes	high	C	no	Sensitive trait (disease risk, pharmacogenomics, carrier status, reproductive genetics, or substance response). Requires clinical/regulatory review.	clinical, requires professional review	Sensitive trait. Requires clinical, regulatory, and ethical review. Not for direct-to-consumer reporting without professional oversight.	
wg-2198	genetic_disease	Disease Risk (Sensitive)	Leber Congenital Amaurosis (LCA)	Leber Congenital Amaurosis (LCA)	Genetic variants associated with Leber Congenital Amaurosis (LCA). Disease risk markers require clinical validation.	Association testing using genetic markers from the structured WeGene catalog related to Leber Congenital Amaurosis (LCA).	No clinical or diagnostic claims can be made. All rsIDs are externally unvalidated. This is a sensitive trait requiring clinical, regulatory, and ethical review before any reporting.	6	rs38683;rs77337;rs86322;rs116733939;rs192003551;rs200125117	BBS1;BBS10;BBS12;BBS2;BBS9;CNGB3;CRX;CTC1;DKC1;DMD;GPHN;RD3;RTEL1;TERT;TINF2;TRIM32	no	yes	structured_catalog_unvalidated	yes	yes	yes	no	yes	high	C	no	Sensitive trait (disease risk, pharmacogenomics, carrier status, reproductive genetics, or substance response). Requires clinical/regulatory review.	clinical, requires professional review	Sensitive trait. Requires clinical, regulatory, and ethical review. Not for direct-to-consumer reporting without professional oversight.	
wg-1740	genetic_disease	Disease Risk (Sensitive)	Left Ventricular Noncompaction	Left Ventricular Noncompaction	Genetic variants associated with Left Ventricular Noncompaction. Disease risk markers require clinical validation.	Association testing using genetic markers from the structured WeGene catalog related to Left Ventricular Noncompaction.	No clinical or diagnostic claims can be made. All rsIDs are externally unvalidated. This is a sensitive trait requiring clinical, regulatory, and ethical review before any reporting.	2	rs12190;rs12196	ABCA3;ACVRL1;FOXI1;GJA5;HCN4;KCNA5;KCNQ1;MYBPC;MYH7;RYR2;SCN5A;SLC25A;SLC25A15;SLC26A;SLC26A4;TNNT2;TPM1	no	yes	structured_catalog_unvalidated	yes	yes	yes	no	yes	high	C	no	Sensitive trait (disease risk, pharmacogenomics, carrier status, reproductive genetics, or substance response). Requires clinical/regulatory review.	clinical, requires professional review	Sensitive trait. Requires clinical, regulatory, and ethical review. Not for direct-to-consumer reporting without professional oversight.	
wg-2199	genetic_disease	Disease Risk (Sensitive)	Leigh Syndrome	Leigh Syndrome	Genetic variants associated with Leigh Syndrome. Disease risk markers require clinical validation.	Association testing using genetic markers from the structured WeGene catalog related to Leigh Syndrome.	No clinical or diagnostic claims can be made. All rsIDs are externally unvalidated. This is a sensitive trait requiring clinical, regulatory, and ethical review before any reporting.	5	rs78219;rs26760;rs118192100;rs1556423632;rs199474657	BAG3;CACNA;CACNA1S;DES;FLNC;NDUFS4;SCN4A;SURF1	no	yes	structured_catalog_unvalidated	yes	yes	yes	no	yes	high	C	no	Sensitive trait (disease risk, pharmacogenomics, carrier status, reproductive genetics, or substance response). Requires clinical/regulatory review.	clinical, requires professional review	Sensitive trait. Requires clinical, regulatory, and ethical review. Not for direct-to-consumer reporting without professional oversight.	
wg-2200	genetic_disease	Disease Risk (Sensitive)	Lesch-Nyhan Syndrome (LNS)	Lesch-Nyhan Syndrome (LNS)	Genetic variants associated with Lesch-Nyhan Syndrome (LNS). Disease risk markers require clinical validation.	Association testing using genetic markers from the structured WeGene catalog related to Lesch-Nyhan Syndrome (LNS).	No clinical or diagnostic claims can be made. All rsIDs are externally unvalidated. This is a sensitive trait requiring clinical, regulatory, and ethical review before any reporting.	3	rs137852480;rs137852486;rs137852487	HPRT1	no	yes	structured_catalog_unvalidated	yes	yes	yes	no	yes	high	C	no	Sensitive trait (disease risk, pharmacogenomics, carrier status, reproductive genetics, or substance response). Requires clinical/regulatory review.	clinical, requires professional review	Sensitive trait. Requires clinical, regulatory, and ethical review. Not for direct-to-consumer reporting without professional oversight.	
wg-2146	genetic_disease	Disease Risk (Sensitive)	Lethal Congenital Contracture Syndrome (LCCS)	Lethal Congenital Contracture Syndrome (LCCS)	Genetic variants associated with Lethal Congenital Contracture Syndrome (LCCS). Disease risk markers require clinical validation.	Association testing using genetic markers from the structured WeGene catalog related to Lethal Congenital Contracture Syndrome (LCCS).	No clinical or diagnostic claims can be made. All rsIDs are externally unvalidated. This is a sensitive trait requiring clinical, regulatory, and ethical review before any reporting.	3	rs121434407;rs793888524;rs793888525	ADGRG6;GLE1	no	yes	structured_catalog_unvalidated	yes	yes	yes	no	yes	high	C	no	Sensitive trait (disease risk, pharmacogenomics, carrier status, reproductive genetics, or substance response). Requires clinical/regulatory review.	clinical, requires professional review	Sensitive trait. Requires clinical, regulatory, and ethical review. Not for direct-to-consumer reporting without professional oversight.	
wg-2047	genetic_disease	Disease Risk (Sensitive)	Leucine-Induced Hypoglycemia (LIH)	Leucine-Induced Hypoglycemia (LIH)	Genetic variants associated with Leucine-Induced Hypoglycemia (LIH). Disease risk markers require clinical validation.	Association testing using genetic markers from the structured WeGene catalog related to Leucine-Induced Hypoglycemia (LIH).	No clinical or diagnostic claims can be made. All rsIDs are externally unvalidated. This is a sensitive trait requiring clinical, regulatory, and ethical review before any reporting.	3	rs193922402;rs201682634;rs773306994	ABCC8	no	yes	structured_catalog_unvalidated	yes	yes	yes	no	yes	high	C	no	Sensitive trait (disease risk, pharmacogenomics, carrier status, reproductive genetics, or substance response). Requires clinical/regulatory review.	clinical, requires professional review	Sensitive trait. Requires clinical, regulatory, and ethical review. Not for direct-to-consumer reporting without professional oversight.	
wg-2140	genetic_disease	Disease Risk (Sensitive)	Limb-Girdle Muscular Dystrophy (LGMD)	Limb-Girdle Muscular Dystrophy (LGMD)	Genetic variants associated with Limb-Girdle Muscular Dystrophy (LGMD). Disease risk markers require clinical validation.	Association testing using genetic markers from the structured WeGene catalog related to Limb-Girdle Muscular Dystrophy (LGMD).	No clinical or diagnostic claims can be made. All rsIDs are externally unvalidated. This is a sensitive trait requiring clinical, regulatory, and ethical review before any reporting.	3	rs121912938;rs121912939;rs121913572	COL12A1;COL6A1;COL6A3;LAMA2	no	yes	structured_catalog_unvalidated	yes	yes	yes	no	yes	high	C	no	Sensitive trait (disease risk, pharmacogenomics, carrier status, reproductive genetics, or substance response). Requires clinical/regulatory review.	clinical, requires professional review	Sensitive trait. Requires clinical, regulatory, and ethical review. Not for direct-to-consumer reporting without professional oversight.	
wg-2064	genetic_disease	Disease Risk (Sensitive)	Lissencephaly	Lissencephaly	Genetic variants associated with Lissencephaly. Disease risk markers require clinical validation.	Association testing using genetic markers from the structured WeGene catalog related to Lissencephaly.	No clinical or diagnostic claims can be made. All rsIDs are externally unvalidated. This is a sensitive trait requiring clinical, regulatory, and ethical review before any reporting.	4	rs58778;rs104894782;rs1057517843;rs137853044	ARX;B1;CREBBP;DCX;EP300;PAFAH1;PAFAH1B1;TUBA1A	no	yes	structured_catalog_unvalidated	yes	yes	yes	no	yes	high	C	no	Sensitive trait (disease risk, pharmacogenomics, carrier status, reproductive genetics, or substance response). Requires clinical/regulatory review.	clinical, requires professional review	Sensitive trait. Requires clinical, regulatory, and ethical review. Not for direct-to-consumer reporting without professional oversight.	
wg-1727	genetic_disease	Disease Risk (Sensitive)	Loeys Dietz Syndrome	Loeys Dietz Syndrome	Genetic variants associated with Loeys Dietz Syndrome. Disease risk markers require clinical validation.	Association testing using genetic markers from the structured WeGene catalog related to Loeys Dietz Syndrome.	No clinical or diagnostic claims can be made. All rsIDs are externally unvalidated. This is a sensitive trait requiring clinical, regulatory, and ethical review before any reporting.	3	rs10489;rs73088;rs38790	CACNA1C;CAV3;CEP290;CLPB;COL3A1;CYP1A1;DMD;EPHX1;ESR2;GJB2;GJB3;GSTP1;HCN4;IQCB1;KCNH2;KCNJ2;KCNQ1;LOXHD;MYBPC;MYBPC3;MYL3;MYO15A;SCN5A;SDCCAG8;SDHB;SDHD;SERAC1;SLC26A4;SMAD3;TAFAZZIN;TGFB2;TGFBR1;TGFBR2;TNNI3;VHL;WDR19;WFS1	no	yes	structured_catalog_unvalidated	yes	yes	yes	no	yes	high	C	no	Sensitive trait (disease risk, pharmacogenomics, carrier status, reproductive genetics, or substance response). Requires clinical/regulatory review.	clinical, requires professional review	Sensitive trait. Requires clinical, regulatory, and ethical review. Not for direct-to-consumer reporting without professional oversight.	
wg-1738	genetic_disease	Disease Risk (Sensitive)	Long QT Syndrome (LQTS)	Long QT Syndrome (LQTS)	Genetic variants associated with Long QT Syndrome (LQTS). Disease risk markers require clinical validation.	Association testing using genetic markers from the structured WeGene catalog related to Long QT Syndrome (LQTS).	No clinical or diagnostic claims can be made. All rsIDs are externally unvalidated. This is a sensitive trait requiring clinical, regulatory, and ethical review before any reporting.	2	rs10489;rs19947	CACNA1C;CAV3;COL3A1;CYP1A1;DMD;EPHX1;ESR2;GJB2;GJB3;GSTP1;HCN4;KCNH2;KCNJ2;KCNQ1;LOXHD;MYBPC;MYBPC3;MYL3;MYO15A;SCN1B;SCN5A;SDHB;SDHD;SLC26A4;SMAD3;TGFB2;TGFBR1;TGFBR2;TNNI3;VHL;WFS1	no	yes	structured_catalog_unvalidated	yes	yes	yes	no	yes	high	C	no	Sensitive trait (disease risk, pharmacogenomics, carrier status, reproductive genetics, or substance response). Requires clinical/regulatory review.	clinical, requires professional review	Sensitive trait. Requires clinical, regulatory, and ethical review. Not for direct-to-consumer reporting without professional oversight.	
wg-2201	genetic_disease	Disease Risk (Sensitive)	Lowe Syndrome	Lowe Syndrome	Genetic variants associated with Lowe Syndrome. Disease risk markers require clinical validation.	Association testing using genetic markers from the structured WeGene catalog related to Lowe Syndrome.	No clinical or diagnostic claims can be made. All rsIDs are externally unvalidated. This is a sensitive trait requiring clinical, regulatory, and ethical review before any reporting.	2	rs794727182;rs794727333	OCRL	no	yes	structured_catalog_unvalidated	yes	yes	yes	no	yes	high	C	no	Sensitive trait (disease risk, pharmacogenomics, carrier status, reproductive genetics, or substance response). Requires clinical/regulatory review.	clinical, requires professional review	Sensitive trait. Requires clinical, regulatory, and ethical review. Not for direct-to-consumer reporting without professional oversight.	
wg-2153	genetic_disease	Disease Risk (Sensitive)	Lymphoproliferative Syndrome	Lymphoproliferative Syndrome	Genetic variants associated with Lymphoproliferative Syndrome. Disease risk markers require clinical validation.	Association testing using genetic markers from the structured WeGene catalog related to Lymphoproliferative Syndrome.	No clinical or diagnostic claims can be made. All rsIDs are externally unvalidated. This is a sensitive trait requiring clinical, regulatory, and ethical review before any reporting.	1	rs111033623	SH2D1A	no	yes	structured_catalog_unvalidated	yes	yes	yes	no	yes	high	C	no	Sensitive trait (disease risk, pharmacogenomics, carrier status, reproductive genetics, or substance response). Requires clinical/regulatory review.	clinical, requires professional review	Sensitive trait. Requires clinical, regulatory, and ethical review. Not for direct-to-consumer reporting without professional oversight.	
wg-1961	infection_risk	Disease Risk (Sensitive)	M. leprae Infection	M. leprae Infection	Genetic variants associated with M. leprae Infection. Disease risk markers require clinical validation.	Association testing using genetic markers from the structured WeGene catalog related to M. leprae Infection.	No clinical or diagnostic claims can be made. All rsIDs are externally unvalidated. This is a sensitive trait requiring clinical, regulatory, and ethical review before any reporting.	7	rs22756;rs77061;rs28446;rs6871626;rs2221593;rs3764147;rs35829419	BATF3;C1;CCR5;IL12B;NLRP3;PARD3B;PSORS1	no	yes	structured_catalog_unvalidated	yes	yes	yes	no	yes	high	C	no	Sensitive trait (disease risk, pharmacogenomics, carrier status, reproductive genetics, or substance response). Requires clinical/regulatory review.	clinical, requires professional review	Sensitive trait. Requires clinical, regulatory, and ethical review. Not for direct-to-consumer reporting without professional oversight.	
wg-1960	infection_risk	Disease Risk (Sensitive)	M. tuberculosis Infection	M. tuberculosis Infection	Genetic variants associated with M. tuberculosis Infection. Disease risk markers require clinical validation.	Association testing using genetic markers from the structured WeGene catalog related to M. tuberculosis Infection.	No clinical or diagnostic claims can be made. All rsIDs are externally unvalidated. This is a sensitive trait requiring clinical, regulatory, and ethical review before any reporting.	4	rs43314;rs61140;rs2269497;rs4240897	ESRRB;MFN2;RGS12;TGM6	no	yes	structured_catalog_unvalidated	yes	yes	yes	no	yes	high	C	no	Sensitive trait (disease risk, pharmacogenomics, carrier status, reproductive genetics, or substance response). Requires clinical/regulatory review.	clinical, requires professional review	Sensitive trait. Requires clinical, regulatory, and ethical review. Not for direct-to-consumer reporting without professional oversight.	
wg-1585	health_risk	Disease Risk (Sensitive)	Male Baldness	Male Baldness	Genetic variants associated with Male Baldness. Disease risk markers require clinical validation.	Association testing using genetic markers from the structured WeGene catalog related to Male Baldness.	No clinical or diagnostic claims can be made. All rsIDs are externally unvalidated. This is a sensitive trait requiring clinical, regulatory, and ethical review before any reporting.	8	rs2180439;rs929626;rs6113492;rs1160312;rs1998076;rs1385699;rs2223841;rs1422798	EBF1;EDA2R;SLC14A2;SPPL2C	no	yes	structured_catalog_unvalidated	yes	yes	yes	no	yes	high	C	no	Sensitive trait (disease risk, pharmacogenomics, carrier status, reproductive genetics, or substance response). Requires clinical/regulatory review.	clinical, requires professional review	Sensitive trait. Requires clinical, regulatory, and ethical review. Not for direct-to-consumer reporting without professional oversight.	
wg-113	health_risk	Disease Risk (Sensitive)	Male Breast Cancer	Male Breast Cancer	Genetic variants associated with Male Breast Cancer. Disease risk markers require clinical validation.	Association testing using genetic markers from the structured WeGene catalog related to Male Breast Cancer.	No clinical or diagnostic claims can be made. All rsIDs are externally unvalidated. This is a sensitive trait requiring clinical, regulatory, and ethical review before any reporting.	2	rs1314913;rs3803662	CASC16;RAD51B	no	yes	structured_catalog_unvalidated	yes	yes	yes	no	yes	high	C	no	Sensitive trait (disease risk, pharmacogenomics, carrier status, reproductive genetics, or substance response). Requires clinical/regulatory review.	clinical, requires professional review	Sensitive trait. Requires clinical, regulatory, and ethical review. Not for direct-to-consumer reporting without professional oversight.	
wg-1968	infection_risk	Disease Risk (Sensitive)	Male HPV Infection	Male HPV Infection	Genetic variants associated with Male HPV Infection. Disease risk markers require clinical validation.	Association testing using genetic markers from the structured WeGene catalog related to Male HPV Infection.	No clinical or diagnostic claims can be made. All rsIDs are externally unvalidated. This is a sensitive trait requiring clinical, regulatory, and ethical review before any reporting.	3	rs59661306;rs745772;rs9357152		no	yes	structured_catalog_unvalidated	yes	yes	yes	no	yes	high	C	no	Sensitive trait (disease risk, pharmacogenomics, carrier status, reproductive genetics, or substance response). Requires clinical/regulatory review.	clinical, requires professional review	Sensitive trait. Requires clinical, regulatory, and ethical review. Not for direct-to-consumer reporting without professional oversight.	No genes associated.
wg-61	health_risk	Disease Risk (Sensitive)	Male Infertility	Male Infertility	Genetic variants associated with Male Infertility. Disease risk markers require clinical validation.	Association testing using genetic markers from the structured WeGene catalog related to Male Infertility.	No clinical or diagnostic claims can be made. All rsIDs are externally unvalidated. This is a sensitive trait requiring clinical, regulatory, and ethical review before any reporting.	5	rs35576928;rs2477686;rs3129878;rs12097821;rs498422	PRM1	no	yes	structured_catalog_unvalidated	yes	yes	yes	no	yes	high	C	no	Sensitive trait (disease risk, pharmacogenomics, carrier status, reproductive genetics, or substance response). Requires clinical/regulatory review.	clinical, requires professional review	Sensitive trait. Requires clinical, regulatory, and ethical review. Not for direct-to-consumer reporting without professional oversight.	
wg-1551	health_risk	Disease Risk (Sensitive)	Mandibular Protrusion	Mandibular Protrusion	Genetic variants associated with Mandibular Protrusion. Disease risk markers require clinical validation.	Association testing using genetic markers from the structured WeGene catalog related to Mandibular Protrusion.	No clinical or diagnostic claims can be made. All rsIDs are externally unvalidated. This is a sensitive trait requiring clinical, regulatory, and ethical review before any reporting.	3	rs4654388;rs229038;rs1793953	COL2A1;EPB41	no	yes	structured_catalog_unvalidated	yes	yes	yes	no	yes	high	C	no	Sensitive trait (disease risk, pharmacogenomics, carrier status, reproductive genetics, or substance response). Requires clinical/regulatory review.	clinical, requires professional review	Sensitive trait. Requires clinical, regulatory, and ethical review. Not for direct-to-consumer reporting without professional oversight.	
wg-2097	genetic_disease	Disease Risk (Sensitive)	Mandibuloacral Dysplasia with Type A Lipodystrophy (MADA)	Mandibuloacral Dysplasia with Type A Lipodystrophy (MADA)	Genetic variants associated with Mandibuloacral Dysplasia with Type A Lipodystrophy (MADA). Disease risk markers require clinical validation.	Association testing using genetic markers from the structured WeGene catalog related to Mandibuloacral Dysplasia with Type A Lipodystrophy (MADA).	No clinical or diagnostic claims can be made. All rsIDs are externally unvalidated. This is a sensitive trait requiring clinical, regulatory, and ethical review before any reporting.	6	rs38613;rs48335;rs61195;rs267607552;rs267607554;rs267607555	ALS2;LMNA;NEK1;SOD1;SPG11	no	yes	structured_catalog_unvalidated	yes	yes	yes	no	yes	high	C	no	Sensitive trait (disease risk, pharmacogenomics, carrier status, reproductive genetics, or substance response). Requires clinical/regulatory review.	clinical, requires professional review	Sensitive trait. Requires clinical, regulatory, and ethical review. Not for direct-to-consumer reporting without professional oversight.	
wg-2001	genetic_disease	Disease Risk (Sensitive)	Maple Syrup Urine Disease (MSUD)	Maple Syrup Urine Disease (MSUD)	Genetic variants associated with Maple Syrup Urine Disease (MSUD). Disease risk markers require clinical validation.	Association testing using genetic markers from the structured WeGene catalog related to Maple Syrup Urine Disease (MSUD).	No clinical or diagnostic claims can be made. All rsIDs are externally unvalidated. This is a sensitive trait requiring clinical, regulatory, and ethical review before any reporting.	5	rs39812;rs796051938;rs121964999;rs137852871;rs137852874	AGL;ANO5;ARSB;BCKDH;BCKDHA;BCKDHB;BTD;CDAN1;DBT;DMD;DYSF;G6PC;G6PC1;GAA;GALNS;GBA;GBA1;GBE1;GLB1;GNPTA;GNPTAB;GNPTG;IDS;IDUA;MCOLN;MCOLN1;MSH6;MYO7A;PCDH15;PYGM;SEC23B;SGSH;USH1C;USH1G;USH2A	no	yes	structured_catalog_unvalidated	yes	yes	yes	no	yes	high	C	no	Sensitive trait (disease risk, pharmacogenomics, carrier status, reproductive genetics, or substance response). Requires clinical/regulatory review.	clinical, requires professional review	Sensitive trait. Requires clinical, regulatory, and ethical review. Not for direct-to-consumer reporting without professional oversight.	
wg-1734	genetic_disease	Disease Risk (Sensitive)	Marfan Syndrome	Marfan Syndrome	Genetic variants associated with Marfan Syndrome. Disease risk markers require clinical validation.	No genetic markers identified in the structured catalog.	No clinical or diagnostic claims can be made. All rsIDs are externally unvalidated. This is a sensitive trait requiring clinical, regulatory, and ethical review before any reporting.	0			no	no	no_markers	no	yes	no	no	no	high	E	no	No rsIDs linked to this trait.	N/A - no markers or not suitable	No genetic markers identified. Not suitable for commercial reporting.	
wg-2067	genetic_disease	Disease Risk (Sensitive)	Maturity-Onset Diabetes of the Young (MODY)	Maturity-Onset Diabetes of the Young (MODY)	Genetic variants associated with Maturity-Onset Diabetes of the Young (MODY). Disease risk markers require clinical validation.	Association testing using genetic markers from the structured WeGene catalog related to Maturity-Onset Diabetes of the Young (MODY).	No clinical or diagnostic claims can be made. All rsIDs are externally unvalidated. This is a sensitive trait requiring clinical, regulatory, and ethical review before any reporting.	5	rs19392;rs11723;rs104894006;rs104894008;rs104894009	ABCC8;BTK;GCK;HNF1A;HNF4A;INS;KCNJ11;NAC5;PDX1;ST6GAL	no	yes	structured_catalog_unvalidated	yes	yes	yes	no	yes	high	C	no	Sensitive trait (disease risk, pharmacogenomics, carrier status, reproductive genetics, or substance response). Requires clinical/regulatory review.	clinical, requires professional review	Sensitive trait. Requires clinical, regulatory, and ethical review. Not for direct-to-consumer reporting without professional oversight.	
wg-2202	genetic_disease	Disease Risk (Sensitive)	Meckel Syndrome (MKS)	Meckel Syndrome (MKS)	Genetic variants associated with Meckel Syndrome (MKS). Disease risk markers require clinical validation.	Association testing using genetic markers from the structured WeGene catalog related to Meckel Syndrome (MKS).	No clinical or diagnostic claims can be made. All rsIDs are externally unvalidated. This is a sensitive trait requiring clinical, regulatory, and ethical review before any reporting.	5	rs75545;rs79704;rs121918204;rs145665129;rs1555293215	APOB;ATF6;BRAF;CC2D2A;CEP290;CNGA3;CNGB3;COASY;GNPTA;GNPTAB;GNPTG;KRAS;MAP2K1;MAP2K2;MCOLN;MCOLN1;MKS1;OCA2;PDE6C;PLA2G6;RPGRIP;SLC45A2;TMEM2;TMEM216;TMEM67;TYR;TYRP1;UBE3A;WDR45	no	yes	structured_catalog_unvalidated	yes	yes	yes	no	yes	high	C	no	Sensitive trait (disease risk, pharmacogenomics, carrier status, reproductive genetics, or substance response). Requires clinical/regulatory review.	clinical, requires professional review	Sensitive trait. Requires clinical, regulatory, and ethical review. Not for direct-to-consumer reporting without professional oversight.	
wg-1978	genetic_disease	Disease Risk (Sensitive)	Megalencephalic Leukoencephalopathy with Subcortical Cysts (MLC)	Megalencephalic Leukoencephalopathy with Subcortical Cysts (MLC)	Genetic variants associated with Megalencephalic Leukoencephalopathy with Subcortical Cysts (MLC). Disease risk markers require clinical validation.	Association testing using genetic markers from the structured WeGene catalog related to Megalencephalic Leukoencephalopathy with Subcortical Cysts (MLC).	No clinical or diagnostic claims can be made. All rsIDs are externally unvalidated. This is a sensitive trait requiring clinical, regulatory, and ethical review before any reporting.	1	rs387907053	HEPACA;HEPACAM	no	yes	structured_catalog_unvalidated	yes	yes	yes	no	yes	high	C	no	Sensitive trait (disease risk, pharmacogenomics, carrier status, reproductive genetics, or substance response). Requires clinical/regulatory review.	clinical, requires professional review	Sensitive trait. Requires clinical, regulatory, and ethical review. Not for direct-to-consumer reporting without professional oversight.	
wg-2203	genetic_disease	Disease Risk (Sensitive)	Meier-Gorlin Syndrome (MGS)	Meier-Gorlin Syndrome (MGS)	Genetic variants associated with Meier-Gorlin Syndrome (MGS). Disease risk markers require clinical validation.	No genetic markers identified in the structured catalog.	No clinical or diagnostic claims can be made. All rsIDs are externally unvalidated. This is a sensitive trait requiring clinical, regulatory, and ethical review before any reporting.	0			no	no	no_markers	no	yes	no	no	no	high	E	no	No rsIDs linked to this trait.	N/A - no markers or not suitable	No genetic markers identified. Not suitable for commercial reporting.	
wg-68	health_risk	Disease Risk (Sensitive)	Melanoma	Melanoma	Genetic variants associated with Melanoma. Disease risk markers require clinical validation.	Association testing using genetic markers from the structured WeGene catalog related to Melanoma.	No clinical or diagnostic claims can be made. All rsIDs are externally unvalidated. This is a sensitive trait requiring clinical, regulatory, and ethical review before any reporting.	7	rs16891982;rs12785878;rs35407;rs1408799;rs10741657;rs4785763;rs910873	ATP11A;CASP8;DCT;HERC2;IRF4;KIAA09;PIGU;SLC45A2;TYR	no	yes	structured_catalog_unvalidated	yes	yes	yes	no	yes	high	C	no	Sensitive trait (disease risk, pharmacogenomics, carrier status, reproductive genetics, or substance response). Requires clinical/regulatory review.	clinical, requires professional review	Sensitive trait. Requires clinical, regulatory, and ethical review. Not for direct-to-consumer reporting without professional oversight.	
wg-62	health_risk	Disease Risk (Sensitive)	Meningioma	Meningioma	Genetic variants associated with Meningioma. Disease risk markers require clinical validation.	Association testing using genetic markers from the structured WeGene catalog related to Meningioma.	No clinical or diagnostic claims can be made. All rsIDs are externally unvalidated. This is a sensitive trait requiring clinical, regulatory, and ethical review before any reporting.	5	rs1801394;rs12770228;rs11012732;rs4968451;rs1805087	BRIP1;CASC10;MLLT10;MTHFR;MTRR	no	yes	structured_catalog_unvalidated	yes	yes	yes	no	yes	high	C	no	Sensitive trait (disease risk, pharmacogenomics, carrier status, reproductive genetics, or substance response). Requires clinical/regulatory review.	clinical, requires professional review	Sensitive trait. Requires clinical, regulatory, and ethical review. Not for direct-to-consumer reporting without professional oversight.	
wg-2129	genetic_disease	Disease Risk (Sensitive)	Metachromatic Leukodystrophy (MLD)	Metachromatic Leukodystrophy (MLD)	Genetic variants associated with Metachromatic Leukodystrophy (MLD). Disease risk markers require clinical validation.	Association testing using genetic markers from the structured WeGene catalog related to Metachromatic Leukodystrophy (MLD).	No clinical or diagnostic claims can be made. All rsIDs are externally unvalidated. This is a sensitive trait requiring clinical, regulatory, and ethical review before any reporting.	3	rs199476382;rs199476389;rs398123414	ARSA	no	yes	structured_catalog_unvalidated	yes	yes	yes	no	yes	high	C	no	Sensitive trait (disease risk, pharmacogenomics, carrier status, reproductive genetics, or substance response). Requires clinical/regulatory review.	clinical, requires professional review	Sensitive trait. Requires clinical, regulatory, and ethical review. Not for direct-to-consumer reporting without professional oversight.	
wg-2270	exposure_risk	Disease Risk (Sensitive)	Metal Dust	Metal Dust	Genetic variants associated with Metal Dust. Disease risk markers require clinical validation.	Association testing using genetic markers from the structured WeGene catalog related to Metal Dust.	No clinical or diagnostic claims can be made. All rsIDs are externally unvalidated. This is a sensitive trait requiring clinical, regulatory, and ethical review before any reporting.	1	rs7588395		no	yes	structured_catalog_unvalidated	yes	yes	yes	no	yes	high	C	no	Sensitive trait (disease risk, pharmacogenomics, carrier status, reproductive genetics, or substance response). Requires clinical/regulatory review.	clinical, requires professional review	Sensitive trait. Requires clinical, regulatory, and ethical review. Not for direct-to-consumer reporting without professional oversight.	No genes associated.
wg-2004	genetic_disease	Disease Risk (Sensitive)	Metaphyseal Dysplasia without Hypotrichosis (MDWH)	Metaphyseal Dysplasia without Hypotrichosis (MDWH)	Genetic variants associated with Metaphyseal Dysplasia without Hypotrichosis (MDWH). Disease risk markers require clinical validation.	Association testing using genetic markers from the structured WeGene catalog related to Metaphyseal Dysplasia without Hypotrichosis (MDWH).	No clinical or diagnostic claims can be made. All rsIDs are externally unvalidated. This is a sensitive trait requiring clinical, regulatory, and ethical review before any reporting.	1	rs786204684	RMRP	no	yes	structured_catalog_unvalidated	yes	yes	yes	no	yes	high	C	no	Sensitive trait (disease risk, pharmacogenomics, carrier status, reproductive genetics, or substance response). Requires clinical/regulatory review.	clinical, requires professional review	Sensitive trait. Requires clinical, regulatory, and ethical review. Not for direct-to-consumer reporting without professional oversight.	
wg-2034	genetic_disease	Disease Risk (Sensitive)	Methylmalonic Acidemia	Methylmalonic Acidemia	Genetic variants associated with Methylmalonic Acidemia. Disease risk markers require clinical validation.	Association testing using genetic markers from the structured WeGene catalog related to Methylmalonic Acidemia.	No clinical or diagnostic claims can be made. All rsIDs are externally unvalidated. This is a sensitive trait requiring clinical, regulatory, and ethical review before any reporting.	2	rs121918257;rs796052002	MMUT;MUT	no	yes	structured_catalog_unvalidated	yes	yes	yes	no	yes	high	C	no	Sensitive trait (disease risk, pharmacogenomics, carrier status, reproductive genetics, or substance response). Requires clinical/regulatory review.	clinical, requires professional review	Sensitive trait. Requires clinical, regulatory, and ethical review. Not for direct-to-consumer reporting without professional oversight.	
wg-2035	genetic_disease	Disease Risk (Sensitive)	Methylmalonic Acidemia with Homocystinuria	Methylmalonic Acidemia with Homocystinuria	Genetic variants associated with Methylmalonic Acidemia with Homocystinuria. Disease risk markers require clinical validation.	Association testing using genetic markers from the structured WeGene catalog related to Methylmalonic Acidemia with Homocystinuria.	No clinical or diagnostic claims can be made. All rsIDs are externally unvalidated. This is a sensitive trait requiring clinical, regulatory, and ethical review before any reporting.	3	rs1305170860;rs370596113;rs398124295	MMACH;MMACHC	no	yes	structured_catalog_unvalidated	yes	yes	yes	no	yes	high	C	no	Sensitive trait (disease risk, pharmacogenomics, carrier status, reproductive genetics, or substance response). Requires clinical/regulatory review.	clinical, requires professional review	Sensitive trait. Requires clinical, regulatory, and ethical review. Not for direct-to-consumer reporting without professional oversight.	
wg-2032	genetic_disease	Disease Risk (Sensitive)	Methylmalonic Aciduria	Methylmalonic Aciduria	Genetic variants associated with Methylmalonic Aciduria. Disease risk markers require clinical validation.	Association testing using genetic markers from the structured WeGene catalog related to Methylmalonic Aciduria.	No clinical or diagnostic claims can be made. All rsIDs are externally unvalidated. This is a sensitive trait requiring clinical, regulatory, and ethical review before any reporting.	5	rs77255;rs75800;rs121918249;rs121918254;rs121918255	MMAA;MMAB;MMUT;MUT	no	yes	structured_catalog_unvalidated	yes	yes	yes	no	yes	high	C	no	Sensitive trait (disease risk, pharmacogenomics, carrier status, reproductive genetics, or substance response). Requires clinical/regulatory review.	clinical, requires professional review	Sensitive trait. Requires clinical, regulatory, and ethical review. Not for direct-to-consumer reporting without professional oversight.	
wg-2033	genetic_disease	Disease Risk (Sensitive)	Methylmalonic Aciduria and Homocystinuria	Methylmalonic Aciduria and Homocystinuria	Genetic variants associated with Methylmalonic Aciduria and Homocystinuria. Disease risk markers require clinical validation.	Association testing using genetic markers from the structured WeGene catalog related to Methylmalonic Aciduria and Homocystinuria.	No clinical or diagnostic claims can be made. All rsIDs are externally unvalidated. This is a sensitive trait requiring clinical, regulatory, and ethical review before any reporting.	1	rs749272546	LMBRD1	no	yes	structured_catalog_unvalidated	yes	yes	yes	no	yes	high	C	no	Sensitive trait (disease risk, pharmacogenomics, carrier status, reproductive genetics, or substance response). Requires clinical/regulatory review.	clinical, requires professional review	Sensitive trait. Requires clinical, regulatory, and ethical review. Not for direct-to-consumer reporting without professional oversight.	
wg-2036	genetic_disease	Disease Risk (Sensitive)	Mevalonic Aciduria (MA)	Mevalonic Aciduria (MA)	Genetic variants associated with Mevalonic Aciduria (MA). Disease risk markers require clinical validation.	Association testing using genetic markers from the structured WeGene catalog related to Mevalonic Aciduria (MA).	No clinical or diagnostic claims can be made. All rsIDs are externally unvalidated. This is a sensitive trait requiring clinical, regulatory, and ethical review before any reporting.	4	rs12191;rs104895298;rs104895301;rs104895311	BAG3;BMPR1A;COL4A3;COL4A5;DES;FLNC;MVK;RYR1;SMAD4;TNNI3	no	yes	structured_catalog_unvalidated	yes	yes	yes	no	yes	high	C	no	Sensitive trait (disease risk, pharmacogenomics, carrier status, reproductive genetics, or substance response). Requires clinical/regulatory review.	clinical, requires professional review	Sensitive trait. Requires clinical, regulatory, and ethical review. Not for direct-to-consumer reporting without professional oversight.	
wg-2115	genetic_disease	Disease Risk (Sensitive)	Microcephalic Osteodysplastic Primordial Dwarfism (MOPD)	Microcephalic Osteodysplastic Primordial Dwarfism (MOPD)	Genetic variants associated with Microcephalic Osteodysplastic Primordial Dwarfism (MOPD). Disease risk markers require clinical validation.	Association testing using genetic markers from the structured WeGene catalog related to Microcephalic Osteodysplastic Primordial Dwarfism (MOPD).	No clinical or diagnostic claims can be made. All rsIDs are externally unvalidated. This is a sensitive trait requiring clinical, regulatory, and ethical review before any reporting.	3	rs119479063;rs151020551;rs181690344	PCNT	no	yes	structured_catalog_unvalidated	yes	yes	yes	no	yes	high	C	no	Sensitive trait (disease risk, pharmacogenomics, carrier status, reproductive genetics, or substance response). Requires clinical/regulatory review.	clinical, requires professional review	Sensitive trait. Requires clinical, regulatory, and ethical review. Not for direct-to-consumer reporting without professional oversight.	
wg-2116	genetic_disease	Disease Risk (Sensitive)	Microcephaly-Capillary Malformation Syndrome (MICCAP)	Microcephaly-Capillary Malformation Syndrome (MICCAP)	Genetic variants associated with Microcephaly-Capillary Malformation Syndrome (MICCAP). Disease risk markers require clinical validation.	Association testing using genetic markers from the structured WeGene catalog related to Microcephaly-Capillary Malformation Syndrome (MICCAP).	No clinical or diagnostic claims can be made. All rsIDs are externally unvalidated. This is a sensitive trait requiring clinical, regulatory, and ethical review before any reporting.	2	rs397509390;rs797046015	STAMBP	no	yes	structured_catalog_unvalidated	yes	yes	yes	no	yes	high	C	no	Sensitive trait (disease risk, pharmacogenomics, carrier status, reproductive genetics, or substance response). Requires clinical/regulatory review.	clinical, requires professional review	Sensitive trait. Requires clinical, regulatory, and ethical review. Not for direct-to-consumer reporting without professional oversight.	
wg-107	health_risk	Disease Risk (Sensitive)	Migraines	Migraines	Genetic variants associated with Migraines. Disease risk markers require clinical validation.	Association testing using genetic markers from the structured WeGene catalog related to Migraines.	No clinical or diagnostic claims can be made. All rsIDs are externally unvalidated. This is a sensitive trait requiring clinical, regulatory, and ethical review before any reporting.	7	rs56019088;rs9349379;rs2160875;rs1024905;rs10218452;rs10166942;rs2651899	ADTRP;BRAP;CDKN2BAS;DAB1;LRP1;PALLD;PLCE1;PON1;PRDM16;SCML4;SNX19;THSD7A;TRPM8	no	yes	structured_catalog_unvalidated	yes	yes	yes	no	yes	high	C	no	Sensitive trait (disease risk, pharmacogenomics, carrier status, reproductive genetics, or substance response). Requires clinical/regulatory review.	clinical, requires professional review	Sensitive trait. Requires clinical, regulatory, and ethical review. Not for direct-to-consumer reporting without professional oversight.	
wg-2268	exposure_risk	Disease Risk (Sensitive)	Mineral Dust	Mineral Dust	Genetic variants associated with Mineral Dust. Disease risk markers require clinical validation.	Association testing using genetic markers from the structured WeGene catalog related to Mineral Dust.	No clinical or diagnostic claims can be made. All rsIDs are externally unvalidated. This is a sensitive trait requiring clinical, regulatory, and ethical review before any reporting.	1	rs13278529		no	yes	structured_catalog_unvalidated	yes	yes	yes	no	yes	high	C	no	Sensitive trait (disease risk, pharmacogenomics, carrier status, reproductive genetics, or substance response). Requires clinical/regulatory review.	clinical, requires professional review	Sensitive trait. Requires clinical, regulatory, and ethical review. Not for direct-to-consumer reporting without professional oversight.	No genes associated.
wg-2114	genetic_disease	Disease Risk (Sensitive)	Mitochondrial Complex II Deficiency (MC2D)	Mitochondrial Complex II Deficiency (MC2D)	Genetic variants associated with Mitochondrial Complex II Deficiency (MC2D). Disease risk markers require clinical validation.	Association testing using genetic markers from the structured WeGene catalog related to Mitochondrial Complex II Deficiency (MC2D).	No clinical or diagnostic claims can be made. All rsIDs are externally unvalidated. This is a sensitive trait requiring clinical, regulatory, and ethical review before any reporting.	3	rs151170408;rs202198133;rs587782077	SDHA;SDHD	no	yes	structured_catalog_unvalidated	yes	yes	yes	no	yes	high	C	no	Sensitive trait (disease risk, pharmacogenomics, carrier status, reproductive genetics, or substance response). Requires clinical/regulatory review.	clinical, requires professional review	Sensitive trait. Requires clinical, regulatory, and ethical review. Not for direct-to-consumer reporting without professional oversight.	
wg-2113	genetic_disease	Disease Risk (Sensitive)	Mitochondrial DNA Depletion Syndrome (MDS)	Mitochondrial DNA Depletion Syndrome (MDS)	Genetic variants associated with Mitochondrial DNA Depletion Syndrome (MDS). Disease risk markers require clinical validation.	Association testing using genetic markers from the structured WeGene catalog related to Mitochondrial DNA Depletion Syndrome (MDS).	No clinical or diagnostic claims can be made. All rsIDs are externally unvalidated. This is a sensitive trait requiring clinical, regulatory, and ethical review before any reporting.	5	rs58777;rs88604;rs121909721;rs121909723;rs121913037	APBB1;CLP1;EXOSC3;FBN1;FBXL4;IL7R;MPV17;NPC1;NPC2;PGM3;PIK3R1;POLG;RARS2;SEPSEC;SLC25A;SMPD1;STAT1;SUCLG1;TK2;TSEN54;TYMP;VRK1	no	yes	structured_catalog_unvalidated	yes	yes	yes	no	yes	high	C	no	Sensitive trait (disease risk, pharmacogenomics, carrier status, reproductive genetics, or substance response). Requires clinical/regulatory review.	clinical, requires professional review	Sensitive trait. Requires clinical, regulatory, and ethical review. Not for direct-to-consumer reporting without professional oversight.	
wg-1580	genetic_disease	Disease Risk (Sensitive)	Mitochondrial Hereditary Non-Syndromic Deafness	Mitochondrial Hereditary Non-Syndromic Deafness	Genetic variants associated with Mitochondrial Hereditary Non-Syndromic Deafness. Disease risk markers require clinical validation.	Association testing using genetic markers from the structured WeGene catalog related to Mitochondrial Hereditary Non-Syndromic Deafness.	No clinical or diagnostic claims can be made. All rsIDs are externally unvalidated. This is a sensitive trait requiring clinical, regulatory, and ethical review before any reporting.	2	rs199474818;rs28358569	RNR1	no	yes	structured_catalog_unvalidated	yes	yes	yes	no	yes	high	C	no	Sensitive trait (disease risk, pharmacogenomics, carrier status, reproductive genetics, or substance response). Requires clinical/regulatory review.	clinical, requires professional review	Sensitive trait. Requires clinical, regulatory, and ethical review. Not for direct-to-consumer reporting without professional oversight.	
wg-2204	genetic_disease	Disease Risk (Sensitive)	Miyoshi Muscular Dystrophy (MMD)	Miyoshi Muscular Dystrophy (MMD)	Genetic variants associated with Miyoshi Muscular Dystrophy (MMD). Disease risk markers require clinical validation.	Association testing using genetic markers from the structured WeGene catalog related to Miyoshi Muscular Dystrophy (MMD).	No clinical or diagnostic claims can be made. All rsIDs are externally unvalidated. This is a sensitive trait requiring clinical, regulatory, and ethical review before any reporting.	5	rs39812;rs76601;rs121908956;rs121908958;rs121908959	AGL;ANO5;ARSB;BCKDH;BCKDHA;BCKDHB;BTD;CDAN1;DBT;DMD;DYSF;G6PC;G6PC1;GAA;GALNS;GBA;GBA1;GBE1;GLB1;GNPTA;GNPTAB;GNPTG;IDS;IDUA;MCOLN;MCOLN1;MSH6;MYO7A;PCDH15;PYGM;SEC23B;SGSH;USH1C;USH1G;USH2A	no	yes	structured_catalog_unvalidated	yes	yes	yes	no	yes	high	C	no	Sensitive trait (disease risk, pharmacogenomics, carrier status, reproductive genetics, or substance response). Requires clinical/regulatory review.	clinical, requires professional review	Sensitive trait. Requires clinical, regulatory, and ethical review. Not for direct-to-consumer reporting without professional oversight.	
wg-1584	genetic_disease	Disease Risk (Sensitive)	Mohr-Tranebjaerg Syndrome	Mohr-Tranebjaerg Syndrome	Genetic variants associated with Mohr-Tranebjaerg Syndrome. Disease risk markers require clinical validation.	Association testing using genetic markers from the structured WeGene catalog related to Mohr-Tranebjaerg Syndrome.	No clinical or diagnostic claims can be made. All rsIDs are externally unvalidated. This is a sensitive trait requiring clinical, regulatory, and ethical review before any reporting.	1	rs80356560	TIMM8A	no	yes	structured_catalog_unvalidated	yes	yes	yes	no	yes	high	C	no	Sensitive trait (disease risk, pharmacogenomics, carrier status, reproductive genetics, or substance response). Requires clinical/regulatory review.	clinical, requires professional review	Sensitive trait. Requires clinical, regulatory, and ethical review. Not for direct-to-consumer reporting without professional oversight.	
wg-1548	health_risk	Disease Risk (Sensitive)	Mouth Ulcers	Mouth Ulcers	Genetic variants associated with Mouth Ulcers. Disease risk markers require clinical validation.	Association testing using genetic markers from the structured WeGene catalog related to Mouth Ulcers.	No clinical or diagnostic claims can be made. All rsIDs are externally unvalidated. This is a sensitive trait requiring clinical, regulatory, and ethical review before any reporting.	6	rs1800871;rs11697325;rs1800796;rs1801133;rs1800896;rs1143634	ADA;ADAMTS1;ADGRE1;ADH1B;ALDH2;APC;APOE;CHRNA;COMT;CYP1B1;CYP4A1;CYP4A11;FGFR4;FUT2;FYCO1;GLT6D1;GNAS;IL10;IL1B;IL37;MMP9;MTHFR;MTRR;NLRP3;PCAT19;PER2;SELE;SLC23A1;SYK;TFCP2L1;TIMM23B	no	yes	structured_catalog_unvalidated	yes	yes	yes	no	yes	high	C	no	Sensitive trait (disease risk, pharmacogenomics, carrier status, reproductive genetics, or substance response). Requires clinical/regulatory review.	clinical, requires professional review	Sensitive trait. Requires clinical, regulatory, and ethical review. Not for direct-to-consumer reporting without professional oversight.	
wg-2205	genetic_disease	Disease Risk (Sensitive)	Mowat-Wilson Syndrome (MWS)	Mowat-Wilson Syndrome (MWS)	Genetic variants associated with Mowat-Wilson Syndrome (MWS). Disease risk markers require clinical validation.	No genetic markers identified in the structured catalog.	No clinical or diagnostic claims can be made. All rsIDs are externally unvalidated. This is a sensitive trait requiring clinical, regulatory, and ethical review before any reporting.	0			no	no	no_markers	no	yes	no	no	no	high	E	no	No rsIDs linked to this trait.	N/A - no markers or not suitable	No genetic markers identified. Not suitable for commercial reporting.	
wg-2057	genetic_disease	Disease Risk (Sensitive)	Mucolipidosis	Mucolipidosis	Genetic variants associated with Mucolipidosis. Disease risk markers require clinical validation.	Association testing using genetic markers from the structured WeGene catalog related to Mucolipidosis.	No clinical or diagnostic claims can be made. All rsIDs are externally unvalidated. This is a sensitive trait requiring clinical, regulatory, and ethical review before any reporting.	5	rs39812;rs79704;rs104886461;rs121908371;rs121908373	AGL;ANO5;APOB;ARSB;ATF6;BCKDH;BCKDHA;BCKDHB;BRAF;BTD;CC2D2A;CDAN1;CEP290;CNGA3;CNGB3;COASY;DBT;DMD;DYSF;G6PC;G6PC1;GAA;GALNS;GBA;GBA1;GBE1;GLB1;GNPTA;GNPTAB;GNPTG;IDS;IDUA;KRAS;MAP2K1;MAP2K2;MCOLN;MCOLN1;MKS1;MSH6;MYO7A;OCA2;PCDH15;PDE6C;PLA2G6;PYGM;RPGRIP;SEC23B;SGSH;SLC45A2;TMEM2;TMEM216;TMEM67;TYR;TYRP1;UBE3A;USH1C;USH1G;USH2A;WDR45	no	yes	structured_catalog_unvalidated	yes	yes	yes	no	yes	high	C	no	Sensitive trait (disease risk, pharmacogenomics, carrier status, reproductive genetics, or substance response). Requires clinical/regulatory review.	clinical, requires professional review	Sensitive trait. Requires clinical, regulatory, and ethical review. Not for direct-to-consumer reporting without professional oversight.	
wg-2056	genetic_disease	Disease Risk (Sensitive)	Mucopolysaccharidosis (MPS)	Mucopolysaccharidosis (MPS)	Genetic variants associated with Mucopolysaccharidosis (MPS). Disease risk markers require clinical validation.	Association testing using genetic markers from the structured WeGene catalog related to Mucopolysaccharidosis (MPS).	No clinical or diagnostic claims can be made. All rsIDs are externally unvalidated. This is a sensitive trait requiring clinical, regulatory, and ethical review before any reporting.	5	rs72750;rs39812;rs104894641;rs104894856;rs113993945	AGL;ANO5;ARSB;BCKDH;BCKDHA;BCKDHB;BTD;CDAN1;DBT;DMD;DYSF;G6PC;G6PC1;GAA;GALNS;GBA;GBA1;GBE1;GJB2;GLB1;GNPTA;GNPTAB;GNPTG;IDS;IDUA;LOXHD;MCOLN;MCOLN1;MSH6;MYO15A;MYO7A;PCDH15;PYGM;SEC23B;SGSH;SLC26A4;USH1C;USH1G;USH2A	no	yes	structured_catalog_unvalidated	yes	yes	yes	no	yes	high	C	no	Sensitive trait (disease risk, pharmacogenomics, carrier status, reproductive genetics, or substance response). Requires clinical/regulatory review.	clinical, requires professional review	Sensitive trait. Requires clinical, regulatory, and ethical review. Not for direct-to-consumer reporting without professional oversight.	
wg-69	health_risk	Disease Risk (Sensitive)	Multiple Sclerosis (MS)	Multiple Sclerosis (MS)	Genetic variants associated with Multiple Sclerosis (MS). Disease risk markers require clinical validation.	Association testing using genetic markers from the structured WeGene catalog related to Multiple Sclerosis (MS).	No clinical or diagnostic claims can be made. All rsIDs are externally unvalidated. This is a sensitive trait requiring clinical, regulatory, and ethical review before any reporting.	9	rs117822168;rs3135391;rs3135388;rs3129934;rs7326018;rs10492972;rs725613;rs68979932;rs10984447	BRINP1;CLEC16A;ICAM1;IL7R;KIF1B;NOS3;TLR2	no	yes	structured_catalog_unvalidated	yes	yes	yes	no	yes	high	C	no	Sensitive trait (disease risk, pharmacogenomics, carrier status, reproductive genetics, or substance response). Requires clinical/regulatory review.	clinical, requires professional review	Sensitive trait. Requires clinical, regulatory, and ethical review. Not for direct-to-consumer reporting without professional oversight.	
wg-1994	genetic_disease	Disease Risk (Sensitive)	Multiple Sulfatase Deficiency (MSD)	Multiple Sulfatase Deficiency (MSD)	Genetic variants associated with Multiple Sulfatase Deficiency (MSD). Disease risk markers require clinical validation.	Association testing using genetic markers from the structured WeGene catalog related to Multiple Sulfatase Deficiency (MSD).	No clinical or diagnostic claims can be made. All rsIDs are externally unvalidated. This is a sensitive trait requiring clinical, regulatory, and ethical review before any reporting.	3	rs137852847;rs137852849;rs770241913	SUMF1	no	yes	structured_catalog_unvalidated	yes	yes	yes	no	yes	high	C	no	Sensitive trait (disease risk, pharmacogenomics, carrier status, reproductive genetics, or substance response). Requires clinical/regulatory review.	clinical, requires professional review	Sensitive trait. Requires clinical, regulatory, and ethical review. Not for direct-to-consumer reporting without professional oversight.	
wg-2276	health_risk	Disease Risk (Sensitive)	Multisite Chronic Pain	Multisite Chronic Pain	Genetic variants associated with Multisite Chronic Pain. Disease risk markers require clinical validation.	Association testing using genetic markers from the structured WeGene catalog related to Multisite Chronic Pain.	No clinical or diagnostic claims can be made. All rsIDs are externally unvalidated. This is a sensitive trait requiring clinical, regulatory, and ethical review before any reporting.	7	rs11871043;rs2424248;rs1946247;rs1443914;rs6926377;rs10888692;rs6770476	FAF1;GABRB2;KNDC1;SORCS3;STAG1	no	yes	structured_catalog_unvalidated	yes	yes	yes	no	yes	high	C	no	Sensitive trait (disease risk, pharmacogenomics, carrier status, reproductive genetics, or substance response). Requires clinical/regulatory review.	clinical, requires professional review	Sensitive trait. Requires clinical, regulatory, and ethical review. Not for direct-to-consumer reporting without professional oversight.	
wg-1997	genetic_disease	Disease Risk (Sensitive)	Multisystemic Smooth Muscle Dysfunction Syndrome (MSMDS)	Multisystemic Smooth Muscle Dysfunction Syndrome (MSMDS)	Genetic variants associated with Multisystemic Smooth Muscle Dysfunction Syndrome (MSMDS). Disease risk markers require clinical validation.	Association testing using genetic markers from the structured WeGene catalog related to Multisystemic Smooth Muscle Dysfunction Syndrome (MSMDS).	No clinical or diagnostic claims can be made. All rsIDs are externally unvalidated. This is a sensitive trait requiring clinical, regulatory, and ethical review before any reporting.	2	rs387906592;rs886039303	ACTA2	no	yes	structured_catalog_unvalidated	yes	yes	yes	no	yes	high	C	no	Sensitive trait (disease risk, pharmacogenomics, carrier status, reproductive genetics, or substance response). Requires clinical/regulatory review.	clinical, requires professional review	Sensitive trait. Requires clinical, regulatory, and ethical review. Not for direct-to-consumer reporting without professional oversight.	
wg-135	health_risk	Disease Risk (Sensitive)	Myeloproliferative Neoplasm (MPN)	Myeloproliferative Neoplasm (MPN)	Genetic variants associated with Myeloproliferative Neoplasm (MPN). Disease risk markers require clinical validation.	Association testing using genetic markers from the structured WeGene catalog related to Myeloproliferative Neoplasm (MPN).	No clinical or diagnostic claims can be made. All rsIDs are externally unvalidated. This is a sensitive trait requiring clinical, regulatory, and ethical review before any reporting.	5	rs4487645;rs12340895;rs13338946;rs10936600;rs1948915	CCAT1;ELL2;JAK2;LRRC34;WAC	no	yes	structured_catalog_unvalidated	yes	yes	yes	no	yes	high	C	no	Sensitive trait (disease risk, pharmacogenomics, carrier status, reproductive genetics, or substance response). Requires clinical/regulatory review.	clinical, requires professional review	Sensitive trait. Requires clinical, regulatory, and ethical review. Not for direct-to-consumer reporting without professional oversight.	
wg-2206	genetic_disease	Disease Risk (Sensitive)	Myhre Syndrome	Myhre Syndrome	Genetic variants associated with Myhre Syndrome. Disease risk markers require clinical validation.	Association testing using genetic markers from the structured WeGene catalog related to Myhre Syndrome.	No clinical or diagnostic claims can be made. All rsIDs are externally unvalidated. This is a sensitive trait requiring clinical, regulatory, and ethical review before any reporting.	3	rs281875320;rs281875321;rs1555686624	SMAD4	no	yes	structured_catalog_unvalidated	yes	yes	yes	no	yes	high	C	no	Sensitive trait (disease risk, pharmacogenomics, carrier status, reproductive genetics, or substance response). Requires clinical/regulatory review.	clinical, requires professional review	Sensitive trait. Requires clinical, regulatory, and ethical review. Not for direct-to-consumer reporting without professional oversight.	
wg-2273	health_risk	Disease Risk (Sensitive)	Myocardial Infarction (MI)	Myocardial Infarction (MI)	Genetic variants associated with Myocardial Infarction (MI). Disease risk markers require clinical validation.	Association testing using genetic markers from the structured WeGene catalog related to Myocardial Infarction (MI).	No clinical or diagnostic claims can be made. All rsIDs are externally unvalidated. This is a sensitive trait requiring clinical, regulatory, and ethical review before any reporting.	8	rs2422293;rs55730499;rs9982601;rs1620983;rs55766194;rs11591147;rs6761276;rs10455872	DAB2IP;ERG;IL1F10;LPA;LPL;NEDD9;NOS3;PCSK9	no	yes	structured_catalog_unvalidated	yes	yes	yes	no	yes	high	C	no	Sensitive trait (disease risk, pharmacogenomics, carrier status, reproductive genetics, or substance response). Requires clinical/regulatory review.	clinical, requires professional review	Sensitive trait. Requires clinical, regulatory, and ethical review. Not for direct-to-consumer reporting without professional oversight.	
wg-2015	genetic_disease	Disease Risk (Sensitive)	Myofibrillar Myopathy (MFM)	Myofibrillar Myopathy (MFM)	Genetic variants associated with Myofibrillar Myopathy (MFM). Disease risk markers require clinical validation.	Association testing using genetic markers from the structured WeGene catalog related to Myofibrillar Myopathy (MFM).	No clinical or diagnostic claims can be made. All rsIDs are externally unvalidated. This is a sensitive trait requiring clinical, regulatory, and ethical review before any reporting.	6	rs12191;rs26760;rs15629;rs1057517945;rs1064795229;rs1114167361	BAG3;BMPR1A;CACNA;CACNA1S;COL4A3;COL4A5;DES;FLNC;MVK;NDUFS4;RYR1;SCN4A;SMAD4;SURF1;TNNI3	no	yes	structured_catalog_unvalidated	yes	yes	yes	no	yes	high	C	no	Sensitive trait (disease risk, pharmacogenomics, carrier status, reproductive genetics, or substance response). Requires clinical/regulatory review.	clinical, requires professional review	Sensitive trait. Requires clinical, regulatory, and ethical review. Not for direct-to-consumer reporting without professional oversight.	
wg-1766	health_risk	Disease Risk (Sensitive)	Myopia	Myopia	Genetic variants associated with Myopia. Disease risk markers require clinical validation.	Association testing using genetic markers from the structured WeGene catalog related to Myopia.	No clinical or diagnostic claims can be made. All rsIDs are externally unvalidated. This is a sensitive trait requiring clinical, regulatory, and ethical review before any reporting.	8	rs2166181;rs12032649;rs7042950;rs1550094;rs2155413;rs10880855;rs1649068;rs1994840	CASC15;FLT1;HERC2;PDGFRA;PRSS56;RGR;TFAP2B	no	yes	structured_catalog_unvalidated	yes	yes	yes	no	yes	high	C	no	Sensitive trait (disease risk, pharmacogenomics, carrier status, reproductive genetics, or substance response). Requires clinical/regulatory review.	clinical, requires professional review	Sensitive trait. Requires clinical, regulatory, and ethical review. Not for direct-to-consumer reporting without professional oversight.	
wg-2031	genetic_disease	Disease Risk (Sensitive)	Nail-patella Syndrome (NPS)	Nail-patella Syndrome (NPS)	Genetic variants associated with Nail-patella Syndrome (NPS). Disease risk markers require clinical validation.	Association testing using genetic markers from the structured WeGene catalog related to Nail-patella Syndrome (NPS).	No clinical or diagnostic claims can be made. All rsIDs are externally unvalidated. This is a sensitive trait requiring clinical, regulatory, and ethical review before any reporting.	1	rs864621969	LMX1B	no	yes	structured_catalog_unvalidated	yes	yes	yes	no	yes	high	C	no	Sensitive trait (disease risk, pharmacogenomics, carrier status, reproductive genetics, or substance response). Requires clinical/regulatory review.	clinical, requires professional review	Sensitive trait. Requires clinical, regulatory, and ethical review. Not for direct-to-consumer reporting without professional oversight.	
wg-2207	genetic_disease	Disease Risk (Sensitive)	Nance-Horan Syndrome (NHS)	Nance-Horan Syndrome (NHS)	Genetic variants associated with Nance-Horan Syndrome (NHS). Disease risk markers require clinical validation.	Association testing using genetic markers from the structured WeGene catalog related to Nance-Horan Syndrome (NHS).	No clinical or diagnostic claims can be made. All rsIDs are externally unvalidated. This is a sensitive trait requiring clinical, regulatory, and ethical review before any reporting.	1	rs132630322	NHS	no	yes	structured_catalog_unvalidated	yes	yes	yes	no	yes	high	C	no	Sensitive trait (disease risk, pharmacogenomics, carrier status, reproductive genetics, or substance response). Requires clinical/regulatory review.	clinical, requires professional review	Sensitive trait. Requires clinical, regulatory, and ethical review. Not for direct-to-consumer reporting without professional oversight.	
wg-2252	exposure_risk	Disease Risk (Sensitive)	Natural Rubber Latex	Natural Rubber Latex	Genetic variants associated with Natural Rubber Latex. Disease risk markers require clinical validation.	Association testing using genetic markers from the structured WeGene catalog related to Natural Rubber Latex.	No clinical or diagnostic claims can be made. All rsIDs are externally unvalidated. This is a sensitive trait requiring clinical, regulatory, and ethical review before any reporting.	1	rs1800925	IL13;TH2LCRR	no	yes	structured_catalog_unvalidated	yes	yes	yes	no	yes	high	C	no	Sensitive trait (disease risk, pharmacogenomics, carrier status, reproductive genetics, or substance response). Requires clinical/regulatory review.	clinical, requires professional review	Sensitive trait. Requires clinical, regulatory, and ethical review. Not for direct-to-consumer reporting without professional oversight.	
wg-2003	genetic_disease	Disease Risk (Sensitive)	Nemaline Myopathy (NM)	Nemaline Myopathy (NM)	Genetic variants associated with Nemaline Myopathy (NM). Disease risk markers require clinical validation.	Association testing using genetic markers from the structured WeGene catalog related to Nemaline Myopathy (NM).	No clinical or diagnostic claims can be made. All rsIDs are externally unvalidated. This is a sensitive trait requiring clinical, regulatory, and ethical review before any reporting.	3	rs398124172;rs121964854;rs398124167	NEB;TPM3	no	yes	structured_catalog_unvalidated	yes	yes	yes	no	yes	high	C	no	Sensitive trait (disease risk, pharmacogenomics, carrier status, reproductive genetics, or substance response). Requires clinical/regulatory review.	clinical, requires professional review	Sensitive trait. Requires clinical, regulatory, and ethical review. Not for direct-to-consumer reporting without professional oversight.	
wg-2078	genetic_disease	Disease Risk (Sensitive)	Nephronophthisis (NPHP)	Nephronophthisis (NPHP)	Genetic variants associated with Nephronophthisis (NPHP). Disease risk markers require clinical validation.	Association testing using genetic markers from the structured WeGene catalog related to Nephronophthisis (NPHP).	No clinical or diagnostic claims can be made. All rsIDs are externally unvalidated. This is a sensitive trait requiring clinical, regulatory, and ethical review before any reporting.	3	rs119456962;rs121907899;rs137853108	CEP290;NPHP1;NPHP3;TMEM6;TTC21B	no	yes	structured_catalog_unvalidated	yes	yes	yes	no	yes	high	C	no	Sensitive trait (disease risk, pharmacogenomics, carrier status, reproductive genetics, or substance response). Requires clinical/regulatory review.	clinical, requires professional review	Sensitive trait. Requires clinical, regulatory, and ethical review. Not for direct-to-consumer reporting without professional oversight.	
wg-2076	genetic_disease	Disease Risk (Sensitive)	Nephropathic Cystinosis	Nephropathic Cystinosis	Genetic variants associated with Nephropathic Cystinosis. Disease risk markers require clinical validation.	Association testing using genetic markers from the structured WeGene catalog related to Nephropathic Cystinosis.	No clinical or diagnostic claims can be made. All rsIDs are externally unvalidated. This is a sensitive trait requiring clinical, regulatory, and ethical review before any reporting.	3	rs760256854;rs786204501;rs113994207	CTNS	no	yes	structured_catalog_unvalidated	yes	yes	yes	no	yes	high	C	no	Sensitive trait (disease risk, pharmacogenomics, carrier status, reproductive genetics, or substance response). Requires clinical/regulatory review.	clinical, requires professional review	Sensitive trait. Requires clinical, regulatory, and ethical review. Not for direct-to-consumer reporting without professional oversight.	
wg-2208	genetic_disease	Disease Risk (Sensitive)	Neu-Laxova Syndrome (NLS)	Neu-Laxova Syndrome (NLS)	Genetic variants associated with Neu-Laxova Syndrome (NLS). Disease risk markers require clinical validation.	Association testing using genetic markers from the structured WeGene catalog related to Neu-Laxova Syndrome (NLS).	No clinical or diagnostic claims can be made. All rsIDs are externally unvalidated. This is a sensitive trait requiring clinical, regulatory, and ethical review before any reporting.	1	rs267606948	PHGDH	no	yes	structured_catalog_unvalidated	yes	yes	yes	no	yes	high	C	no	Sensitive trait (disease risk, pharmacogenomics, carrier status, reproductive genetics, or substance response). Requires clinical/regulatory review.	clinical, requires professional review	Sensitive trait. Requires clinical, regulatory, and ethical review. Not for direct-to-consumer reporting without professional oversight.	
wg-76	health_risk	Disease Risk (Sensitive)	Neuroblastoma	Neuroblastoma	Genetic variants associated with Neuroblastoma. Disease risk markers require clinical validation.	Association testing using genetic markers from the structured WeGene catalog related to Neuroblastoma.	No clinical or diagnostic claims can be made. All rsIDs are externally unvalidated. This is a sensitive trait requiring clinical, regulatory, and ethical review before any reporting.	5	rs6939340;rs6435862;rs3768716;rs7585356;rs110419	BARD1;CASC15;LMO1	no	yes	structured_catalog_unvalidated	yes	yes	yes	no	yes	high	C	no	Sensitive trait (disease risk, pharmacogenomics, carrier status, reproductive genetics, or substance response). Requires clinical/regulatory review.	clinical, requires professional review	Sensitive trait. Requires clinical, regulatory, and ethical review. Not for direct-to-consumer reporting without professional oversight.	
wg-2074	genetic_disease	Disease Risk (Sensitive)	Neurodegeneration with Brain Iron Accumulation (NBIA)	Neurodegeneration with Brain Iron Accumulation (NBIA)	Genetic variants associated with Neurodegeneration with Brain Iron Accumulation (NBIA). Disease risk markers require clinical validation.	Association testing using genetic markers from the structured WeGene catalog related to Neurodegeneration with Brain Iron Accumulation (NBIA).	No clinical or diagnostic claims can be made. All rsIDs are externally unvalidated. This is a sensitive trait requiring clinical, regulatory, and ethical review before any reporting.	5	rs79704;rs587784343;rs121908681;rs121908686;rs145108650	APOB;ATF6;BRAF;CC2D2A;CEP290;CNGA3;CNGB3;COASY;GNPTA;GNPTAB;GNPTG;KRAS;MAP2K1;MAP2K2;MCOLN;MCOLN1;MKS1;OCA2;PDE6C;PLA2G6;RPGRIP;SLC45A2;TMEM2;TMEM216;TMEM67;TYR;TYRP1;UBE3A;WDR45	no	yes	structured_catalog_unvalidated	yes	yes	yes	no	yes	high	C	no	Sensitive trait (disease risk, pharmacogenomics, carrier status, reproductive genetics, or substance response). Requires clinical/regulatory review.	clinical, requires professional review	Sensitive trait. Requires clinical, regulatory, and ethical review. Not for direct-to-consumer reporting without professional oversight.	
wg-2075	genetic_disease	Disease Risk (Sensitive)	Neuronal Ceroid Lipofuscinosis (NCL)	Neuronal Ceroid Lipofuscinosis (NCL)	Genetic variants associated with Neuronal Ceroid Lipofuscinosis (NCL). Disease risk markers require clinical validation.	Association testing using genetic markers from the structured WeGene catalog related to Neuronal Ceroid Lipofuscinosis (NCL).	No clinical or diagnostic claims can be made. All rsIDs are externally unvalidated. This is a sensitive trait requiring clinical, regulatory, and ethical review before any reporting.	5	rs79605;rs72415;rs104894060;rs119455953;rs121908080	AHI1;CACNA1A;CC2D2A;CDKL5;CHD2;CLN3;CLN5;CLN8;INPP5E;KIAA05;MFSD8;PCCA;PCCB;PCDH19;PPT1;RPGRIP1L;SCN2A;TMEM67;UQCRFS1	no	yes	structured_catalog_unvalidated	yes	yes	yes	no	yes	high	C	no	Sensitive trait (disease risk, pharmacogenomics, carrier status, reproductive genetics, or substance response). Requires clinical/regulatory review.	clinical, requires professional review	Sensitive trait. Requires clinical, regulatory, and ethical review. Not for direct-to-consumer reporting without professional oversight.	
wg-2209	genetic_disease	Disease Risk (Sensitive)	Nicolaides-Baraitser Syndrome (NCBRS)	Nicolaides-Baraitser Syndrome (NCBRS)	Genetic variants associated with Nicolaides-Baraitser Syndrome (NCBRS). Disease risk markers require clinical validation.	Association testing using genetic markers from the structured WeGene catalog related to Nicolaides-Baraitser Syndrome (NCBRS).	No clinical or diagnostic claims can be made. All rsIDs are externally unvalidated. This is a sensitive trait requiring clinical, regulatory, and ethical review before any reporting.	3	rs281875189;rs797045974;rs797045976	SMARCA;SMARCA2	no	yes	structured_catalog_unvalidated	yes	yes	yes	no	yes	high	C	no	Sensitive trait (disease risk, pharmacogenomics, carrier status, reproductive genetics, or substance response). Requires clinical/regulatory review.	clinical, requires professional review	Sensitive trait. Requires clinical, regulatory, and ethical review. Not for direct-to-consumer reporting without professional oversight.	
wg-77	health_risk	Disease Risk (Sensitive)	Nicotine Dependence	Nicotine Dependence	Genetic variants associated with Nicotine Dependence. Disease risk markers require clinical validation.	Association testing using genetic markers from the structured WeGene catalog related to Nicotine Dependence.	No clinical or diagnostic claims can be made. All rsIDs are externally unvalidated. This is a sensitive trait requiring clinical, regulatory, and ethical review before any reporting.	7	rs910083;rs4648317;rs16969968;rs1051730;rs806368;rs1044396;rs10485057	CHRNA3;CHRNA4;CHRNA5;CNR1;DRD2;F5;LPL;OPRM1;PTPN11	no	yes	structured_catalog_unvalidated	yes	yes	yes	no	yes	high	C	no	Sensitive trait (disease risk, pharmacogenomics, carrier status, reproductive genetics, or substance response). Requires clinical/regulatory review.	clinical, requires professional review	Sensitive trait. Requires clinical, regulatory, and ethical review. Not for direct-to-consumer reporting without professional oversight.	
wg-2210	genetic_disease	Disease Risk (Sensitive)	Niemann-Pick Disease (NPD)	Niemann-Pick Disease (NPD)	Genetic variants associated with Niemann-Pick Disease (NPD). Disease risk markers require clinical validation.	Association testing using genetic markers from the structured WeGene catalog related to Niemann-Pick Disease (NPD).	No clinical or diagnostic claims can be made. All rsIDs are externally unvalidated. This is a sensitive trait requiring clinical, regulatory, and ethical review before any reporting.	5	rs80358;rs88604;rs1057516403;rs120074118;rs120074119	APBB1;FBXL4;MPV17;NPC1;NPC2;POLG;SLC25A;SMPD1;SUCLG1;TK2;TYMP	no	yes	structured_catalog_unvalidated	yes	yes	yes	no	yes	high	C	no	Sensitive trait (disease risk, pharmacogenomics, carrier status, reproductive genetics, or substance response). Requires clinical/regulatory review.	clinical, requires professional review	Sensitive trait. Requires clinical, regulatory, and ethical review. Not for direct-to-consumer reporting without professional oversight.	
wg-2264	exposure_risk	Disease Risk (Sensitive)	Night Shift	Night Shift	Genetic variants associated with Night Shift. Disease risk markers require clinical validation.	Association testing using genetic markers from the structured WeGene catalog related to Night Shift.	No clinical or diagnostic claims can be made. All rsIDs are externally unvalidated. This is a sensitive trait requiring clinical, regulatory, and ethical review before any reporting.	1	rs10830963	KCNJ11;MTNR1B;SLC30A8;TCF7L2;WFS1	no	yes	structured_catalog_unvalidated	yes	yes	yes	no	yes	high	C	no	Sensitive trait (disease risk, pharmacogenomics, carrier status, reproductive genetics, or substance response). Requires clinical/regulatory review.	clinical, requires professional review	Sensitive trait. Requires clinical, regulatory, and ethical review. Not for direct-to-consumer reporting without professional oversight.	
wg-2254	exposure_risk	Disease Risk (Sensitive)	Noises	Noises	Genetic variants associated with Noises. Disease risk markers require clinical validation.	Association testing using genetic markers from the structured WeGene catalog related to Noises.	No clinical or diagnostic claims can be made. All rsIDs are externally unvalidated. This is a sensitive trait requiring clinical, regulatory, and ethical review before any reporting.	1	rs9321402	EYA4	no	yes	structured_catalog_unvalidated	yes	yes	yes	no	yes	high	C	no	Sensitive trait (disease risk, pharmacogenomics, carrier status, reproductive genetics, or substance response). Requires clinical/regulatory review.	clinical, requires professional review	Sensitive trait. Requires clinical, regulatory, and ethical review. Not for direct-to-consumer reporting without professional oversight.	
wg-136	health_risk	Disease Risk (Sensitive)	Non-Alcoholic Fatty Liver Disease (NAFLD)	Non-Alcoholic Fatty Liver Disease (NAFLD)	Genetic variants associated with Non-Alcoholic Fatty Liver Disease (NAFLD). Disease risk markers require clinical validation.	Association testing using genetic markers from the structured WeGene catalog related to Non-Alcoholic Fatty Liver Disease (NAFLD).	No clinical or diagnostic claims can be made. All rsIDs are externally unvalidated. This is a sensitive trait requiring clinical, regulatory, and ethical review before any reporting.	6	rs17216588;rs1260326;rs2290602;rs58542926;rs8107974;rs3772622	ABCG8;AGTR1;ALDH2;APOE;C2;EFCAB11;GCKR;HMBS;KIF1B;MICA;PNPLA3;PPARGC1A;SERPINA1;SLC10A2;STAT4;TM6SF2;UGT1A1;ZPR1	no	yes	structured_catalog_unvalidated	yes	yes	yes	no	yes	high	C	no	Sensitive trait (disease risk, pharmacogenomics, carrier status, reproductive genetics, or substance response). Requires clinical/regulatory review.	clinical, requires professional review	Sensitive trait. Requires clinical, regulatory, and ethical review. Not for direct-to-consumer reporting without professional oversight.	
wg-2272	exposure_risk	Disease Risk (Sensitive)	Non-aromatic Solvents	Non-aromatic Solvents	Genetic variants associated with Non-aromatic Solvents. Disease risk markers require clinical validation.	Association testing using genetic markers from the structured WeGene catalog related to Non-aromatic Solvents.	No clinical or diagnostic claims can be made. All rsIDs are externally unvalidated. This is a sensitive trait requiring clinical, regulatory, and ethical review before any reporting.	1	rs7758025	ARHGAP;ARHGAP18	no	yes	structured_catalog_unvalidated	yes	yes	yes	no	yes	high	C	no	Sensitive trait (disease risk, pharmacogenomics, carrier status, reproductive genetics, or substance response). Requires clinical/regulatory review.	clinical, requires professional review	Sensitive trait. Requires clinical, regulatory, and ethical review. Not for direct-to-consumer reporting without professional oversight.	
wg-1735	genetic_disease	Disease Risk (Sensitive)	Noonan Syndrome	Noonan Syndrome	Genetic variants associated with Noonan Syndrome. Disease risk markers require clinical validation.	No genetic markers identified in the structured catalog.	No clinical or diagnostic claims can be made. All rsIDs are externally unvalidated. This is a sensitive trait requiring clinical, regulatory, and ethical review before any reporting.	0			no	no	no_markers	no	yes	no	no	no	high	E	no	No rsIDs linked to this trait.	N/A - no markers or not suitable	No genetic markers identified. Not suitable for commercial reporting.	
wg-1965	infection_risk	Disease Risk (Sensitive)	Norovirus Infection	Norovirus Infection	Genetic variants associated with Norovirus Infection. Disease risk markers require clinical validation.	Association testing using genetic markers from the structured WeGene catalog related to Norovirus Infection.	No clinical or diagnostic claims can be made. All rsIDs are externally unvalidated. This is a sensitive trait requiring clinical, regulatory, and ethical review before any reporting.	2	rs601338;rs1047781	ABCG8;APOE;CLYBL;FUT2;MS4A3;SLC10A2;UGT1A1	no	yes	structured_catalog_unvalidated	yes	yes	yes	no	yes	high	C	no	Sensitive trait (disease risk, pharmacogenomics, carrier status, reproductive genetics, or substance response). Requires clinical/regulatory review.	clinical, requires professional review	Sensitive trait. Requires clinical, regulatory, and ethical review. Not for direct-to-consumer reporting without professional oversight.	
wg-2255	exposure_risk	Disease Risk (Sensitive)	Nuts	Nuts	Genetic variants associated with Nuts. Disease risk markers require clinical validation.	Association testing using genetic markers from the structured WeGene catalog related to Nuts.	No clinical or diagnostic claims can be made. All rsIDs are externally unvalidated. This is a sensitive trait requiring clinical, regulatory, and ethical review before any reporting.	1	rs324015	STAT6	no	yes	structured_catalog_unvalidated	yes	yes	yes	no	yes	high	C	no	Sensitive trait (disease risk, pharmacogenomics, carrier status, reproductive genetics, or substance response). Requires clinical/regulatory review.	clinical, requires professional review	Sensitive trait. Requires clinical, regulatory, and ethical review. Not for direct-to-consumer reporting without professional oversight.	
wg-86	health_risk	Disease Risk (Sensitive)	Obesity	Obesity	Genetic variants associated with Obesity. Disease risk markers require clinical validation.	No genetic markers identified in the structured catalog.	No clinical or diagnostic claims can be made. All rsIDs are externally unvalidated. This is a sensitive trait requiring clinical, regulatory, and ethical review before any reporting.	0			no	no	no_markers	no	yes	no	no	no	high	E	no	No rsIDs linked to this trait.	N/A - no markers or not suitable	No genetic markers identified. Not suitable for commercial reporting.	
wg-2269	exposure_risk	Disease Risk (Sensitive)	Occupational Stress	Occupational Stress	Genetic variants associated with Occupational Stress. Disease risk markers require clinical validation.	Association testing using genetic markers from the structured WeGene catalog related to Occupational Stress.	No clinical or diagnostic claims can be made. All rsIDs are externally unvalidated. This is a sensitive trait requiring clinical, regulatory, and ethical review before any reporting.	4	rs2304672;rs1805193;rs1801131;rs1801133	ADA;ADAMTS1;ADH1B;ALDH2;APC;APOE;CHRNA;COMT;CYP4A1;CYP4A11;GNAS;IL1B;MMP9;MTHFR;MTRR;NLRP3;PER2;SELE;SYK	no	yes	structured_catalog_unvalidated	yes	yes	yes	no	yes	high	C	no	Sensitive trait (disease risk, pharmacogenomics, carrier status, reproductive genetics, or substance response). Requires clinical/regulatory review.	clinical, requires professional review	Sensitive trait. Requires clinical, regulatory, and ethical review. Not for direct-to-consumer reporting without professional oversight.	
wg-2123	genetic_disease	Disease Risk (Sensitive)	Oculocutaneous Albinism (OCA)	Oculocutaneous Albinism (OCA)	Genetic variants associated with Oculocutaneous Albinism (OCA). Disease risk markers require clinical validation.	Association testing using genetic markers from the structured WeGene catalog related to Oculocutaneous Albinism (OCA).	No clinical or diagnostic claims can be made. All rsIDs are externally unvalidated. This is a sensitive trait requiring clinical, regulatory, and ethical review before any reporting.	5	rs62645;rs79704;rs104894316;rs142988897;rs281865424	APOB;ATF6;BRAF;CC2D2A;CEP290;CNGA3;CNGB3;COASY;GNPTA;GNPTAB;GNPTG;KRAS;MAP2K1;MAP2K2;MCOLN;MCOLN1;MKS1;OCA2;PDE6C;PLA2G6;RPGRIP;SLC45A2;TMEM2;TMEM216;TMEM67;TYR;TYRP1;UBE3A;WDR45	no	yes	structured_catalog_unvalidated	yes	yes	yes	no	yes	high	C	no	Sensitive trait (disease risk, pharmacogenomics, carrier status, reproductive genetics, or substance response). Requires clinical/regulatory review.	clinical, requires professional review	Sensitive trait. Requires clinical, regulatory, and ethical review. Not for direct-to-consumer reporting without professional oversight.	
wg-2211	genetic_disease	Disease Risk (Sensitive)	Ogden Syndrome	Ogden Syndrome	Genetic variants associated with Ogden Syndrome. Disease risk markers require clinical validation.	Association testing using genetic markers from the structured WeGene catalog related to Ogden Syndrome.	No clinical or diagnostic claims can be made. All rsIDs are externally unvalidated. This is a sensitive trait requiring clinical, regulatory, and ethical review before any reporting.	3	rs587780563;rs797044868;rs878853263	NAA10	no	yes	structured_catalog_unvalidated	yes	yes	yes	no	yes	high	C	no	Sensitive trait (disease risk, pharmacogenomics, carrier status, reproductive genetics, or substance response). Requires clinical/regulatory review.	clinical, requires professional review	Sensitive trait. Requires clinical, regulatory, and ethical review. Not for direct-to-consumer reporting without professional oversight.	
wg-1546	health_risk	Disease Risk (Sensitive)	Open-Angle Glaucoma	Open-Angle Glaucoma	Genetic variants associated with Open-Angle Glaucoma. Disease risk markers require clinical validation.	Association testing using genetic markers from the structured WeGene catalog related to Open-Angle Glaucoma.	No clinical or diagnostic claims can be made. All rsIDs are externally unvalidated. This is a sensitive trait requiring clinical, regulatory, and ethical review before any reporting.	7	rs2472493;rs10819187;rs33912345;rs2472494;rs6952464;rs10918274;rs12139208	ANGPT1;EXOC2;RARB;RSPO1;TMCO1	no	yes	structured_catalog_unvalidated	yes	yes	yes	no	yes	high	C	no	Sensitive trait (disease risk, pharmacogenomics, carrier status, reproductive genetics, or substance response). Requires clinical/regulatory review.	clinical, requires professional review	Sensitive trait. Requires clinical, regulatory, and ethical review. Not for direct-to-consumer reporting without professional oversight.	
wg-2081	genetic_disease	Disease Risk (Sensitive)	Optic Atrophy (OA)	Optic Atrophy (OA)	Genetic variants associated with Optic Atrophy (OA). Disease risk markers require clinical validation.	Association testing using genetic markers from the structured WeGene catalog related to Optic Atrophy (OA).	No clinical or diagnostic claims can be made. All rsIDs are externally unvalidated. This is a sensitive trait requiring clinical, regulatory, and ethical review before any reporting.	4	rs803565;rs730882246;rs753611141;rs768643552	DNM1L;ISCA2;OPA3	no	yes	structured_catalog_unvalidated	yes	yes	yes	no	yes	high	C	no	Sensitive trait (disease risk, pharmacogenomics, carrier status, reproductive genetics, or substance response). Requires clinical/regulatory review.	clinical, requires professional review	Sensitive trait. Requires clinical, regulatory, and ethical review. Not for direct-to-consumer reporting without professional oversight.	
wg-2058	genetic_disease	Disease Risk (Sensitive)	Ornithine Aminotransferase Deficiency (OAT)	Ornithine Aminotransferase Deficiency (OAT)	Genetic variants associated with Ornithine Aminotransferase Deficiency (OAT). Disease risk markers require clinical validation.	Association testing using genetic markers from the structured WeGene catalog related to Ornithine Aminotransferase Deficiency (OAT).	No clinical or diagnostic claims can be made. All rsIDs are externally unvalidated. This is a sensitive trait requiring clinical, regulatory, and ethical review before any reporting.	3	rs121965047;rs121965057;rs200068769	OAT	no	yes	structured_catalog_unvalidated	yes	yes	yes	no	yes	high	C	no	Sensitive trait (disease risk, pharmacogenomics, carrier status, reproductive genetics, or substance response). Requires clinical/regulatory review.	clinical, requires professional review	Sensitive trait. Requires clinical, regulatory, and ethical review. Not for direct-to-consumer reporting without professional oversight.	
wg-116	health_risk	Disease Risk (Sensitive)	Osteoarthritis (OA)	Osteoarthritis (OA)	Genetic variants associated with Osteoarthritis (OA). Disease risk markers require clinical validation.	Association testing using genetic markers from the structured WeGene catalog related to Osteoarthritis (OA).	No clinical or diagnostic claims can be made. All rsIDs are externally unvalidated. This is a sensitive trait requiring clinical, regulatory, and ethical review before any reporting.	10	rs1330349;rs11071366;rs11984666;rs10492367;rs7294636;rs10947262;rs11718863;rs7639618;rs143383;rs4140564	BTNL2;COG5;COL11A1;GDF5;GSDMC;IL1B;KIAA1217;MCF2L;THBS2	no	yes	structured_catalog_unvalidated	yes	yes	yes	no	yes	high	C	no	Sensitive trait (disease risk, pharmacogenomics, carrier status, reproductive genetics, or substance response). Requires clinical/regulatory review.	clinical, requires professional review	Sensitive trait. Requires clinical, regulatory, and ethical review. Not for direct-to-consumer reporting without professional oversight.	
wg-1986	genetic_disease	Disease Risk (Sensitive)	Osteogenesis Imperfecta (OI)	Osteogenesis Imperfecta (OI)	Genetic variants associated with Osteogenesis Imperfecta (OI). Disease risk markers require clinical validation.	Association testing using genetic markers from the structured WeGene catalog related to Osteogenesis Imperfecta (OI).	No clinical or diagnostic claims can be made. All rsIDs are externally unvalidated. This is a sensitive trait requiring clinical, regulatory, and ethical review before any reporting.	5	rs72658;rs79472;rs118203996;rs121918011;rs193922143	COL1A1;COL1A2;COL4A3;COL4A5;KDM6A;KMT2D;P3H1	no	yes	structured_catalog_unvalidated	yes	yes	yes	no	yes	high	C	no	Sensitive trait (disease risk, pharmacogenomics, carrier status, reproductive genetics, or substance response). Requires clinical/regulatory review.	clinical, requires professional review	Sensitive trait. Requires clinical, regulatory, and ethical review. Not for direct-to-consumer reporting without professional oversight.	
wg-2050	genetic_disease	Disease Risk (Sensitive)	Osteoglophonic Dysplasia	Osteoglophonic Dysplasia	Genetic variants associated with Osteoglophonic Dysplasia. Disease risk markers require clinical validation.	Association testing using genetic markers from the structured WeGene catalog related to Osteoglophonic Dysplasia.	No clinical or diagnostic claims can be made. All rsIDs are externally unvalidated. This is a sensitive trait requiring clinical, regulatory, and ethical review before any reporting.	1	rs121909627	FGFR1	no	yes	structured_catalog_unvalidated	yes	yes	yes	no	yes	high	C	no	Sensitive trait (disease risk, pharmacogenomics, carrier status, reproductive genetics, or substance response). Requires clinical/regulatory review.	clinical, requires professional review	Sensitive trait. Requires clinical, regulatory, and ethical review. Not for direct-to-consumer reporting without professional oversight.	
wg-1979	genetic_disease	Disease Risk (Sensitive)	Osteopathia Striata with Cranial Sclerosis (OSCS)	Osteopathia Striata with Cranial Sclerosis (OSCS)	Genetic variants associated with Osteopathia Striata with Cranial Sclerosis (OSCS). Disease risk markers require clinical validation.	Association testing using genetic markers from the structured WeGene catalog related to Osteopathia Striata with Cranial Sclerosis (OSCS).	No clinical or diagnostic claims can be made. All rsIDs are externally unvalidated. This is a sensitive trait requiring clinical, regulatory, and ethical review before any reporting.	1	rs398122877	AMER1	no	yes	structured_catalog_unvalidated	yes	yes	yes	no	yes	high	C	no	Sensitive trait (disease risk, pharmacogenomics, carrier status, reproductive genetics, or substance response). Requires clinical/regulatory review.	clinical, requires professional review	Sensitive trait. Requires clinical, regulatory, and ethical review. Not for direct-to-consumer reporting without professional oversight.	
wg-2011	genetic_disease	Disease Risk (Sensitive)	Osteopetrosis	Osteopetrosis	Genetic variants associated with Osteopetrosis. Disease risk markers require clinical validation.	Association testing using genetic markers from the structured WeGene catalog related to Osteopetrosis.	No clinical or diagnostic claims can be made. All rsIDs are externally unvalidated. This is a sensitive trait requiring clinical, regulatory, and ethical review before any reporting.	3	rs121908670;rs387907576;rs751881962	CLCN7;LRP5;TCIRG1	no	yes	structured_catalog_unvalidated	yes	yes	yes	no	yes	high	C	no	Sensitive trait (disease risk, pharmacogenomics, carrier status, reproductive genetics, or substance response). Requires clinical/regulatory review.	clinical, requires professional review	Sensitive trait. Requires clinical, regulatory, and ethical review. Not for direct-to-consumer reporting without professional oversight.	
wg-1554	health_risk	Disease Risk (Sensitive)	Osteoporosis	Osteoporosis	Genetic variants associated with Osteoporosis. Disease risk markers require clinical validation.	Association testing using genetic markers from the structured WeGene catalog related to Osteoporosis.	No clinical or diagnostic claims can be made. All rsIDs are externally unvalidated. This is a sensitive trait requiring clinical, regulatory, and ethical review before any reporting.	8	rs4988321;rs34240317;rs13182402;rs3770748;rs2306033;rs10457487;rs11003047;rs3736228	ESR1;FUBP3;LRP5;QPCT;RSPO3	no	yes	structured_catalog_unvalidated	yes	yes	yes	no	yes	high	C	no	Sensitive trait (disease risk, pharmacogenomics, carrier status, reproductive genetics, or substance response). Requires clinical/regulatory review.	clinical, requires professional review	Sensitive trait. Requires clinical, regulatory, and ethical review. Not for direct-to-consumer reporting without professional oversight.	
wg-1999	genetic_disease	Disease Risk (Sensitive)	Otospondylomegaepiphyseal Dysplasia (OSMED)	Otospondylomegaepiphyseal Dysplasia (OSMED)	Genetic variants associated with Otospondylomegaepiphyseal Dysplasia (OSMED). Disease risk markers require clinical validation.	Association testing using genetic markers from the structured WeGene catalog related to Otospondylomegaepiphyseal Dysplasia (OSMED).	No clinical or diagnostic claims can be made. All rsIDs are externally unvalidated. This is a sensitive trait requiring clinical, regulatory, and ethical review before any reporting.	1	rs121912945	COL11A2	no	yes	structured_catalog_unvalidated	yes	yes	yes	no	yes	high	C	no	Sensitive trait (disease risk, pharmacogenomics, carrier status, reproductive genetics, or substance response). Requires clinical/regulatory review.	clinical, requires professional review	Sensitive trait. Requires clinical, regulatory, and ethical review. Not for direct-to-consumer reporting without professional oversight.	
wg-64	health_risk	Disease Risk (Sensitive)	Paget's Disease of Bone	Paget's Disease of Bone	Genetic variants associated with Paget's Disease of Bone. Disease risk markers require clinical validation.	Association testing using genetic markers from the structured WeGene catalog related to Paget's Disease of Bone.	No clinical or diagnostic claims can be made. All rsIDs are externally unvalidated. This is a sensitive trait requiring clinical, regulatory, and ethical review before any reporting.	3	rs3018362;rs484959;rs1561570	OPTN	no	yes	structured_catalog_unvalidated	yes	yes	yes	no	yes	high	C	no	Sensitive trait (disease risk, pharmacogenomics, carrier status, reproductive genetics, or substance response). Requires clinical/regulatory review.	clinical, requires professional review	Sensitive trait. Requires clinical, regulatory, and ethical review. Not for direct-to-consumer reporting without professional oversight.	
wg-2124	genetic_disease	Disease Risk (Sensitive)	Pancreatic Agenesis (PAGEN)	Pancreatic Agenesis (PAGEN)	Genetic variants associated with Pancreatic Agenesis (PAGEN). Disease risk markers require clinical validation.	Association testing using genetic markers from the structured WeGene catalog related to Pancreatic Agenesis (PAGEN).	No clinical or diagnostic claims can be made. All rsIDs are externally unvalidated. This is a sensitive trait requiring clinical, regulatory, and ethical review before any reporting.	2	rs1555241857;rs80356661	PDX1	no	yes	structured_catalog_unvalidated	yes	yes	yes	no	yes	high	C	no	Sensitive trait (disease risk, pharmacogenomics, carrier status, reproductive genetics, or substance response). Requires clinical/regulatory review.	clinical, requires professional review	Sensitive trait. Requires clinical, regulatory, and ethical review. Not for direct-to-consumer reporting without professional oversight.	
wg-79	health_risk	Disease Risk (Sensitive)	Pancreatic Cancer	Pancreatic Cancer	Genetic variants associated with Pancreatic Cancer. Disease risk markers require clinical validation.	Association testing using genetic markers from the structured WeGene catalog related to Pancreatic Cancer.	No clinical or diagnostic claims can be made. All rsIDs are externally unvalidated. This is a sensitive trait requiring clinical, regulatory, and ethical review before any reporting.	8	rs1517037;rs3790844;rs505922;rs9543325;rs13303010;rs1801516;rs2941471;rs4795218	ABO;ATM;CHRNA3;F5;GRP;HNF1B;HNF4G;LPL;NOC2L;NR5A2;PTPN11	no	yes	structured_catalog_unvalidated	yes	yes	yes	no	yes	high	C	no	Sensitive trait (disease risk, pharmacogenomics, carrier status, reproductive genetics, or substance response). Requires clinical/regulatory review.	clinical, requires professional review	Sensitive trait. Requires clinical, regulatory, and ethical review. Not for direct-to-consumer reporting without professional oversight.	
wg-47	health_risk	Disease Risk (Sensitive)	Parkinson's Disease (PD)	Parkinson's Disease (PD)	Genetic variants associated with Parkinson's Disease (PD). Disease risk markers require clinical validation.	Association testing using genetic markers from the structured WeGene catalog related to Parkinson's Disease (PD).	No clinical or diagnostic claims can be made. All rsIDs are externally unvalidated. This is a sensitive trait requiring clinical, regulatory, and ethical review before any reporting.	8	rs10513789;rs11155313;rs34311866;rs823128;rs11868035;rs111290936;rs112019125;rs9652490	EIF4G1;MCCC1;PHACTR2;SLC45A3;SREBF1	no	yes	structured_catalog_unvalidated	yes	yes	yes	no	yes	high	C	no	Sensitive trait (disease risk, pharmacogenomics, carrier status, reproductive genetics, or substance response). Requires clinical/regulatory review.	clinical, requires professional review	Sensitive trait. Requires clinical, regulatory, and ethical review. Not for direct-to-consumer reporting without professional oversight.	
wg-2257	exposure_risk	Disease Risk (Sensitive)	Peaches	Peaches	Genetic variants associated with Peaches. Disease risk markers require clinical validation.	Association testing using genetic markers from the structured WeGene catalog related to Peaches.	No clinical or diagnostic claims can be made. All rsIDs are externally unvalidated. This is a sensitive trait requiring clinical, regulatory, and ethical review before any reporting.	1	rs28359884		no	yes	structured_catalog_unvalidated	yes	yes	yes	no	yes	high	C	no	Sensitive trait (disease risk, pharmacogenomics, carrier status, reproductive genetics, or substance response). Requires clinical/regulatory review.	clinical, requires professional review	Sensitive trait. Requires clinical, regulatory, and ethical review. Not for direct-to-consumer reporting without professional oversight.	No genes associated.
wg-2259	exposure_risk	Disease Risk (Sensitive)	Peanuts	Peanuts	Genetic variants associated with Peanuts. Disease risk markers require clinical validation.	Association testing using genetic markers from the structured WeGene catalog related to Peanuts.	No clinical or diagnostic claims can be made. All rsIDs are externally unvalidated. This is a sensitive trait requiring clinical, regulatory, and ethical review before any reporting.	4	rs12123;rs9275596;rs7192;rs9273440	DRA;IL13;TH2LCRR	no	yes	structured_catalog_unvalidated	yes	yes	yes	no	yes	high	C	no	Sensitive trait (disease risk, pharmacogenomics, carrier status, reproductive genetics, or substance response). Requires clinical/regulatory review.	clinical, requires professional review	Sensitive trait. Requires clinical, regulatory, and ethical review. Not for direct-to-consumer reporting without professional oversight.	
wg-2212	genetic_disease	Disease Risk (Sensitive)	Pelizaeus-Merzbacher Disease (PMD)	Pelizaeus-Merzbacher Disease (PMD)	Genetic variants associated with Pelizaeus-Merzbacher Disease (PMD). Disease risk markers require clinical validation.	Association testing using genetic markers from the structured WeGene catalog related to Pelizaeus-Merzbacher Disease (PMD).	No clinical or diagnostic claims can be made. All rsIDs are externally unvalidated. This is a sensitive trait requiring clinical, regulatory, and ethical review before any reporting.	3	rs11543022;rs132630278;rs132630279	PLP1	no	yes	structured_catalog_unvalidated	yes	yes	yes	no	yes	high	C	no	Sensitive trait (disease risk, pharmacogenomics, carrier status, reproductive genetics, or substance response). Requires clinical/regulatory review.	clinical, requires professional review	Sensitive trait. Requires clinical, regulatory, and ethical review. Not for direct-to-consumer reporting without professional oversight.	
wg-1571	genetic_disease	Disease Risk (Sensitive)	Pendred Syndrome	Pendred Syndrome	Genetic variants associated with Pendred Syndrome. Disease risk markers require clinical validation.	Association testing using genetic markers from the structured WeGene catalog related to Pendred Syndrome.	No clinical or diagnostic claims can be made. All rsIDs are externally unvalidated. This is a sensitive trait requiring clinical, regulatory, and ethical review before any reporting.	4	rs11103;rs12190;rs786204426;rs397516430	ABCA3;ACVRL1;FOXI1;GJA5;HCN4;KCNA5;KCNQ1;MYBPC;MYH7;MYO7A;PCDH15;RYR2;SCN5A;SLC25A;SLC25A15;SLC26A;SLC26A4;TNNT2;TPM1;USH1C;USH1G;USH2A	no	yes	structured_catalog_unvalidated	yes	yes	yes	no	yes	high	C	no	Sensitive trait (disease risk, pharmacogenomics, carrier status, reproductive genetics, or substance response). Requires clinical/regulatory review.	clinical, requires professional review	Sensitive trait. Requires clinical, regulatory, and ethical review. Not for direct-to-consumer reporting without professional oversight.	
wg-1549	health_risk	Disease Risk (Sensitive)	Periodontitis	Periodontitis	Genetic variants associated with Periodontitis. Disease risk markers require clinical validation.	Association testing using genetic markers from the structured WeGene catalog related to Periodontitis.	No clinical or diagnostic claims can be made. All rsIDs are externally unvalidated. This is a sensitive trait requiring clinical, regulatory, and ethical review before any reporting.	6	rs2521634;rs1537415;rs6596473;rs3826782;rs3811046;rs1143634	ADGRE1;GLT6D1;IL1B;IL37;MMP9;MTHFR;NLRP3;SELE;SLC23A1	no	yes	structured_catalog_unvalidated	yes	yes	yes	no	yes	high	C	no	Sensitive trait (disease risk, pharmacogenomics, carrier status, reproductive genetics, or substance response). Requires clinical/regulatory review.	clinical, requires professional review	Sensitive trait. Requires clinical, regulatory, and ethical review. Not for direct-to-consumer reporting without professional oversight.	
wg-2133	genetic_disease	Disease Risk (Sensitive)	Permanent Neonatal Diabetes Mellitus (PNDM)	Permanent Neonatal Diabetes Mellitus (PNDM)	Genetic variants associated with Permanent Neonatal Diabetes Mellitus (PNDM). Disease risk markers require clinical validation.	Association testing using genetic markers from the structured WeGene catalog related to Permanent Neonatal Diabetes Mellitus (PNDM).	No clinical or diagnostic claims can be made. All rsIDs are externally unvalidated. This is a sensitive trait requiring clinical, regulatory, and ethical review before any reporting.	4	rs19392;rs1085307455;rs1360415315;rs148311934	ABCC8;BTK;GCK;HNF1A;HNF4A;INS;KCNJ11;NAC5;PDX1;ST6GAL	no	yes	structured_catalog_unvalidated	yes	yes	yes	no	yes	high	C	no	Sensitive trait (disease risk, pharmacogenomics, carrier status, reproductive genetics, or substance response). Requires clinical/regulatory review.	clinical, requires professional review	Sensitive trait. Requires clinical, regulatory, and ethical review. Not for direct-to-consumer reporting without professional oversight.	
wg-1581	genetic_disease	Disease Risk (Sensitive)	Peroxisome Biosynthesis Disorder	Peroxisome Biosynthesis Disorder	Genetic variants associated with Peroxisome Biosynthesis Disorder. Disease risk markers require clinical validation.	Association testing using genetic markers from the structured WeGene catalog related to Peroxisome Biosynthesis Disorder.	No clinical or diagnostic claims can be made. All rsIDs are externally unvalidated. This is a sensitive trait requiring clinical, regulatory, and ethical review before any reporting.	3	rs12143;rs794729652;rs61750427	ATM;BRAF;CASQ2;DSP;GJA5;KCNQ1;PEX1;PEX6;PKP2;RYR2;TRDN	no	yes	structured_catalog_unvalidated	yes	yes	yes	no	yes	high	C	no	Sensitive trait (disease risk, pharmacogenomics, carrier status, reproductive genetics, or substance response). Requires clinical/regulatory review.	clinical, requires professional review	Sensitive trait. Requires clinical, regulatory, and ethical review. Not for direct-to-consumer reporting without professional oversight.	
wg-2253	exposure_risk	Disease Risk (Sensitive)	Pesticides	Pesticides	Genetic variants associated with Pesticides. Disease risk markers require clinical validation.	Association testing using genetic markers from the structured WeGene catalog related to Pesticides.	No clinical or diagnostic claims can be made. All rsIDs are externally unvalidated. This is a sensitive trait requiring clinical, regulatory, and ethical review before any reporting.	2	rs4244285;rs3129882	CYP2C19	no	yes	structured_catalog_unvalidated	yes	yes	yes	no	yes	high	C	no	Sensitive trait (disease risk, pharmacogenomics, carrier status, reproductive genetics, or substance response). Requires clinical/regulatory review.	clinical, requires professional review	Sensitive trait. Requires clinical, regulatory, and ethical review. Not for direct-to-consumer reporting without professional oversight.	
wg-1980	genetic_disease	Disease Risk (Sensitive)	Phenylketonuria (PKU)	Phenylketonuria (PKU)	Genetic variants associated with Phenylketonuria (PKU). Disease risk markers require clinical validation.	Association testing using genetic markers from the structured WeGene catalog related to Phenylketonuria (PKU).	No clinical or diagnostic claims can be made. All rsIDs are externally unvalidated. This is a sensitive trait requiring clinical, regulatory, and ethical review before any reporting.	5	rs62508;rs199475566;rs199475565;rs140175796;rs180819807	PAH	no	yes	structured_catalog_unvalidated	yes	yes	yes	no	yes	high	C	no	Sensitive trait (disease risk, pharmacogenomics, carrier status, reproductive genetics, or substance response). Requires clinical/regulatory review.	clinical, requires professional review	Sensitive trait. Requires clinical, regulatory, and ethical review. Not for direct-to-consumer reporting without professional oversight.	
wg-1760	genetic_disease	Disease Risk (Sensitive)	Pheochromocytoma	Pheochromocytoma	Genetic variants associated with Pheochromocytoma. Disease risk markers require clinical validation.	Association testing using genetic markers from the structured WeGene catalog related to Pheochromocytoma.	No clinical or diagnostic claims can be made. All rsIDs are externally unvalidated. This is a sensitive trait requiring clinical, regulatory, and ethical review before any reporting.	2	rs10489;rs50308	CACNA1C;CAV3;COL3A1;CYP1A1;DMD;EPHX1;ESR2;GJB2;GJB3;GSTP1;HCN4;KCNH2;KCNJ2;KCNQ1;LOXHD;MYBPC;MYBPC3;MYL3;MYO15A;SCN5A;SDHB;SDHD;SLC26A4;SMAD3;TGFB2;TGFBR1;TGFBR2;TNNI3;VHL;WFS1	no	yes	structured_catalog_unvalidated	yes	yes	yes	no	yes	high	C	no	Sensitive trait (disease risk, pharmacogenomics, carrier status, reproductive genetics, or substance response). Requires clinical/regulatory review.	clinical, requires professional review	Sensitive trait. Requires clinical, regulatory, and ethical review. Not for direct-to-consumer reporting without professional oversight.	
wg-178	genetic_disease	Disease Risk (Sensitive)	Phosphomannomutase 2-Congenital Disorder of Glycosylation (PMM2-CDG)	Phosphomannomutase 2-Congenital Disorder of Glycosylation (PMM2-CDG)	Genetic variants associated with Phosphomannomutase 2-Congenital Disorder of Glycosylation (PMM2-CDG). Disease risk markers require clinical validation.	Association testing using genetic markers from the structured WeGene catalog related to Phosphomannomutase 2-Congenital Disorder of Glycosylation (PMM2-CDG).	No clinical or diagnostic claims can be made. All rsIDs are externally unvalidated. This is a sensitive trait requiring clinical, regulatory, and ethical review before any reporting.	1	rs28936415	PMM2	no	yes	structured_catalog_unvalidated	yes	yes	yes	no	yes	high	C	no	Sensitive trait (disease risk, pharmacogenomics, carrier status, reproductive genetics, or substance response). Requires clinical/regulatory review.	clinical, requires professional review	Sensitive trait. Requires clinical, regulatory, and ethical review. Not for direct-to-consumer reporting without professional oversight.	
wg-1964	infection_risk	Disease Risk (Sensitive)	Plasmodium Infection	Plasmodium Infection	Genetic variants associated with Plasmodium Infection. Disease risk markers require clinical validation.	Association testing using genetic markers from the structured WeGene catalog related to Plasmodium Infection.	No clinical or diagnostic claims can be made. All rsIDs are externally unvalidated. This is a sensitive trait requiring clinical, regulatory, and ethical review before any reporting.	4	rs2365860;rs10900585;rs8176719;rs372091	ABO;ATP2B4;OR51B5	no	yes	structured_catalog_unvalidated	yes	yes	yes	no	yes	high	C	no	Sensitive trait (disease risk, pharmacogenomics, carrier status, reproductive genetics, or substance response). Requires clinical/regulatory review.	clinical, requires professional review	Sensitive trait. Requires clinical, regulatory, and ethical review. Not for direct-to-consumer reporting without professional oversight.	
wg-1995	genetic_disease	Disease Risk (Sensitive)	Polycystic Kidney Disease (PKD)	Polycystic Kidney Disease (PKD)	Genetic variants associated with Polycystic Kidney Disease (PKD). Disease risk markers require clinical validation.	Association testing using genetic markers from the structured WeGene catalog related to Polycystic Kidney Disease (PKD).	No clinical or diagnostic claims can be made. All rsIDs are externally unvalidated. This is a sensitive trait requiring clinical, regulatory, and ethical review before any reporting.	4	rs797045101;rs1240212722;rs137852947;rs148617572	PKD2;PKHD1	no	yes	structured_catalog_unvalidated	yes	yes	yes	no	yes	high	C	no	Sensitive trait (disease risk, pharmacogenomics, carrier status, reproductive genetics, or substance response). Requires clinical/regulatory review.	clinical, requires professional review	Sensitive trait. Requires clinical, regulatory, and ethical review. Not for direct-to-consumer reporting without professional oversight.	
wg-2055	genetic_disease	Disease Risk (Sensitive)	Pontocerebellar Hypoplasia (PCH)	Pontocerebellar Hypoplasia (PCH)	Genetic variants associated with Pontocerebellar Hypoplasia (PCH). Disease risk markers require clinical validation.	Association testing using genetic markers from the structured WeGene catalog related to Pontocerebellar Hypoplasia (PCH).	No clinical or diagnostic claims can be made. All rsIDs are externally unvalidated. This is a sensitive trait requiring clinical, regulatory, and ethical review before any reporting.	4	rs58777;rs199835443;rs267607035;rs371295780	CLP1;EXOSC3;FBN1;FBXL4;IL7R;MPV17;PGM3;PIK3R1;POLG;RARS2;SEPSEC;SLC25A;STAT1;SUCLG1;TK2;TSEN54;TYMP;VRK1	no	yes	structured_catalog_unvalidated	yes	yes	yes	no	yes	high	C	no	Sensitive trait (disease risk, pharmacogenomics, carrier status, reproductive genetics, or substance response). Requires clinical/regulatory review.	clinical, requires professional review	Sensitive trait. Requires clinical, regulatory, and ethical review. Not for direct-to-consumer reporting without professional oversight.	
wg-2013	genetic_disease	Disease Risk (Sensitive)	Popliteal Pterygium Syndrome (PPS)	Popliteal Pterygium Syndrome (PPS)	Genetic variants associated with Popliteal Pterygium Syndrome (PPS). Disease risk markers require clinical validation.	Association testing using genetic markers from the structured WeGene catalog related to Popliteal Pterygium Syndrome (PPS).	No clinical or diagnostic claims can be made. All rsIDs are externally unvalidated. This is a sensitive trait requiring clinical, regulatory, and ethical review before any reporting.	2	rs121434226;rs769068305	IRF6	no	yes	structured_catalog_unvalidated	yes	yes	yes	no	yes	high	C	no	Sensitive trait (disease risk, pharmacogenomics, carrier status, reproductive genetics, or substance response). Requires clinical/regulatory review.	clinical, requires professional review	Sensitive trait. Requires clinical, regulatory, and ethical review. Not for direct-to-consumer reporting without professional oversight.	
wg-50	health_risk	Disease Risk (Sensitive)	Primary Biliary Cholangitis (PBC)	Primary Biliary Cholangitis (PBC)	Genetic variants associated with Primary Biliary Cholangitis (PBC). Disease risk markers require clinical validation.	Association testing using genetic markers from the structured WeGene catalog related to Primary Biliary Cholangitis (PBC).	No clinical or diagnostic claims can be made. All rsIDs are externally unvalidated. This is a sensitive trait requiring clinical, regulatory, and ethical review before any reporting.	8	rs574808;rs3745516;rs2856683;rs4979462;rs9303277;rs3790565;rs7574865;rs6441286	C2;EFCAB11;GTF2I;ICAM1;IL12RB2;KIF1B;MICA;NOS3;SPIB;STAT4;TLR2;TNFAIP3;TNFSF15;TNPO3	no	yes	structured_catalog_unvalidated	yes	yes	yes	no	yes	high	C	no	Sensitive trait (disease risk, pharmacogenomics, carrier status, reproductive genetics, or substance response). Requires clinical/regulatory review.	clinical, requires professional review	Sensitive trait. Requires clinical, regulatory, and ethical review. Not for direct-to-consumer reporting without professional oversight.	
wg-2136	genetic_disease	Disease Risk (Sensitive)	Primary Hyperoxaluria (PH)	Primary Hyperoxaluria (PH)	Genetic variants associated with Primary Hyperoxaluria (PH). Disease risk markers require clinical validation.	Association testing using genetic markers from the structured WeGene catalog related to Primary Hyperoxaluria (PH).	No clinical or diagnostic claims can be made. All rsIDs are externally unvalidated. This is a sensitive trait requiring clinical, regulatory, and ethical review before any reporting.	4	rs180177313;rs113681235;rs121908520;rs121908521	AGXT;GRHPR;HOGA1	no	yes	structured_catalog_unvalidated	yes	yes	yes	no	yes	high	C	no	Sensitive trait (disease risk, pharmacogenomics, carrier status, reproductive genetics, or substance response). Requires clinical/regulatory review.	clinical, requires professional review	Sensitive trait. Requires clinical, regulatory, and ethical review. Not for direct-to-consumer reporting without professional oversight.	
wg-1737	genetic_disease	Disease Risk (Sensitive)	Primary Pulmonary Hypertension	Primary Pulmonary Hypertension	Genetic variants associated with Primary Pulmonary Hypertension. Disease risk markers require clinical validation.	Association testing using genetic markers from the structured WeGene catalog related to Primary Pulmonary Hypertension.	No clinical or diagnostic claims can be made. All rsIDs are externally unvalidated. This is a sensitive trait requiring clinical, regulatory, and ethical review before any reporting.	2	rs12190;rs28936	ABCA3;ACVRL1;APP;FOXI1;GDF5;GJA5;HCN4;HOXD1;HOXD13;KCNA5;KCNQ1;MYBPC;MYH7;PSEN1;PSEN2;RYR2;SCN5A;SLC25A;SLC25A15;SLC26A;SLC26A4;TNNT2;TPM1	no	yes	structured_catalog_unvalidated	yes	yes	yes	no	yes	high	C	no	Sensitive trait (disease risk, pharmacogenomics, carrier status, reproductive genetics, or substance response). Requires clinical/regulatory review.	clinical, requires professional review	Sensitive trait. Requires clinical, regulatory, and ethical review. Not for direct-to-consumer reporting without professional oversight.	
wg-1969	infection_risk	Disease Risk (Sensitive)	Prion Infection	Prion Infection	Genetic variants associated with Prion Infection. Disease risk markers require clinical validation.	Association testing using genetic markers from the structured WeGene catalog related to Prion Infection.	No clinical or diagnostic claims can be made. All rsIDs are externally unvalidated. This is a sensitive trait requiring clinical, regulatory, and ethical review before any reporting.	4	rs75659;rs6107516;rs6951643;rs4921542	GRM8;MTMR7;PRNP	no	yes	structured_catalog_unvalidated	yes	yes	yes	no	yes	high	C	no	Sensitive trait (disease risk, pharmacogenomics, carrier status, reproductive genetics, or substance response). Requires clinical/regulatory review.	clinical, requires professional review	Sensitive trait. Requires clinical, regulatory, and ethical review. Not for direct-to-consumer reporting without professional oversight.	
wg-2263	exposure_risk	Disease Risk (Sensitive)	Processed Meat	Processed Meat	Genetic variants associated with Processed Meat. Disease risk markers require clinical validation.	Association testing using genetic markers from the structured WeGene catalog related to Processed Meat.	No clinical or diagnostic claims can be made. All rsIDs are externally unvalidated. This is a sensitive trait requiring clinical, regulatory, and ethical review before any reporting.	1	rs4143094	GATA3	no	yes	structured_catalog_unvalidated	yes	yes	yes	no	yes	high	C	no	Sensitive trait (disease risk, pharmacogenomics, carrier status, reproductive genetics, or substance response). Requires clinical/regulatory review.	clinical, requires professional review	Sensitive trait. Requires clinical, regulatory, and ethical review. Not for direct-to-consumer reporting without professional oversight.	
wg-2041	genetic_disease	Disease Risk (Sensitive)	Progressive External Ophthalmoplegia (PEO)	Progressive External Ophthalmoplegia (PEO)	Genetic variants associated with Progressive External Ophthalmoplegia (PEO). Disease risk markers require clinical validation.	Association testing using genetic markers from the structured WeGene catalog related to Progressive External Ophthalmoplegia (PEO).	No clinical or diagnostic claims can be made. All rsIDs are externally unvalidated. This is a sensitive trait requiring clinical, regulatory, and ethical review before any reporting.	3	rs104893873;rs104893876;rs111033574	POLG;RRM2B;SLC25A;SLC25A4;TK2;TWNK	no	yes	structured_catalog_unvalidated	yes	yes	yes	no	yes	high	C	no	Sensitive trait (disease risk, pharmacogenomics, carrier status, reproductive genetics, or substance response). Requires clinical/regulatory review.	clinical, requires professional review	Sensitive trait. Requires clinical, regulatory, and ethical review. Not for direct-to-consumer reporting without professional oversight.	
wg-2040	genetic_disease	Disease Risk (Sensitive)	Progressive Pseudorheumatoid Dysplasia (PPRD)	Progressive Pseudorheumatoid Dysplasia (PPRD)	Genetic variants associated with Progressive Pseudorheumatoid Dysplasia (PPRD). Disease risk markers require clinical validation.	Association testing using genetic markers from the structured WeGene catalog related to Progressive Pseudorheumatoid Dysplasia (PPRD).	No clinical or diagnostic claims can be made. All rsIDs are externally unvalidated. This is a sensitive trait requiring clinical, regulatory, and ethical review before any reporting.	1	rs121908901	CCN6;WISP3	no	yes	structured_catalog_unvalidated	yes	yes	yes	no	yes	high	C	no	Sensitive trait (disease risk, pharmacogenomics, carrier status, reproductive genetics, or substance response). Requires clinical/regulatory review.	clinical, requires professional review	Sensitive trait. Requires clinical, regulatory, and ethical review. Not for direct-to-consumer reporting without professional oversight.	
wg-1981	genetic_disease	Disease Risk (Sensitive)	Propionic Acidemia (PA)	Propionic Acidemia (PA)	Genetic variants associated with Propionic Acidemia (PA). Disease risk markers require clinical validation.	Association testing using genetic markers from the structured WeGene catalog related to Propionic Acidemia (PA).	No clinical or diagnostic claims can be made. All rsIDs are externally unvalidated. This is a sensitive trait requiring clinical, regulatory, and ethical review before any reporting.	5	rs57224;rs79605;rs1553778865;rs1568346416;rs202247822	AHI1;CACNA1A;CC2D2A;CDKL5;CHD2;CLN3;CLN5;CLN8;INPP5E;KIAA05;MFSD8;PCCA;PCCB;PCDH19;PPT1;RPGRIP1L;SCN2A;TMEM67;UQCRFS1	no	yes	structured_catalog_unvalidated	yes	yes	yes	no	yes	high	C	no	Sensitive trait (disease risk, pharmacogenomics, carrier status, reproductive genetics, or substance response). Requires clinical/regulatory review.	clinical, requires professional review	Sensitive trait. Requires clinical, regulatory, and ethical review. Not for direct-to-consumer reporting without professional oversight.	
wg-40	health_risk	Disease Risk (Sensitive)	Prostate Cancer	Prostate Cancer	Genetic variants associated with Prostate Cancer. Disease risk markers require clinical validation.	Association testing using genetic markers from the structured WeGene catalog related to Prostate Cancer.	No clinical or diagnostic claims can be made. All rsIDs are externally unvalidated. This is a sensitive trait requiring clinical, regulatory, and ethical review before any reporting.	7	rs1800896;rs7652331;rs2011077;rs10993994;rs2107301;rs1056836;rs1167269	BRCA2;CYP1B1;FGFR4;FYCO1;IL1B;MMP9;MTHFR;NLRP3;PCAT19;SELE;TIMM23B	no	yes	structured_catalog_unvalidated	yes	yes	yes	no	yes	high	C	no	Sensitive trait (disease risk, pharmacogenomics, carrier status, reproductive genetics, or substance response). Requires clinical/regulatory review.	clinical, requires professional review	Sensitive trait. Requires clinical, regulatory, and ethical review. Not for direct-to-consumer reporting without professional oversight.	
wg-2039	genetic_disease	Disease Risk (Sensitive)	Pseudohypoaldosteronism (PHA)	Pseudohypoaldosteronism (PHA)	Genetic variants associated with Pseudohypoaldosteronism (PHA). Disease risk markers require clinical validation.	Association testing using genetic markers from the structured WeGene catalog related to Pseudohypoaldosteronism (PHA).	No clinical or diagnostic claims can be made. All rsIDs are externally unvalidated. This is a sensitive trait requiring clinical, regulatory, and ethical review before any reporting.	3	rs111033591;rs137852635;rs137852704	KLHL3;SCNN1A;SCNN1B;WNK1	no	yes	structured_catalog_unvalidated	yes	yes	yes	no	yes	high	C	no	Sensitive trait (disease risk, pharmacogenomics, carrier status, reproductive genetics, or substance response). Requires clinical/regulatory review.	clinical, requires professional review	Sensitive trait. Requires clinical, regulatory, and ethical review. Not for direct-to-consumer reporting without professional oversight.	
wg-2037	genetic_disease	Disease Risk (Sensitive)	Pseudohypoparathyroidism (PHP)	Pseudohypoparathyroidism (PHP)	Genetic variants associated with Pseudohypoparathyroidism (PHP). Disease risk markers require clinical validation.	Association testing using genetic markers from the structured WeGene catalog related to Pseudohypoparathyroidism (PHP).	No clinical or diagnostic claims can be made. All rsIDs are externally unvalidated. This is a sensitive trait requiring clinical, regulatory, and ethical review before any reporting.	1	rs397514456	GNAS	no	yes	structured_catalog_unvalidated	yes	yes	yes	no	yes	high	C	no	Sensitive trait (disease risk, pharmacogenomics, carrier status, reproductive genetics, or substance response). Requires clinical/regulatory review.	clinical, requires professional review	Sensitive trait. Requires clinical, regulatory, and ethical review. Not for direct-to-consumer reporting without professional oversight.	
wg-2038	genetic_disease	Disease Risk (Sensitive)	Pseudopseudohypoparathyroidism (PPHP)	Pseudopseudohypoparathyroidism (PPHP)	Genetic variants associated with Pseudopseudohypoparathyroidism (PPHP). Disease risk markers require clinical validation.	Association testing using genetic markers from the structured WeGene catalog related to Pseudopseudohypoparathyroidism (PPHP).	No clinical or diagnostic claims can be made. All rsIDs are externally unvalidated. This is a sensitive trait requiring clinical, regulatory, and ethical review before any reporting.	2	rs1057518907;rs797045046	GNAS	no	yes	structured_catalog_unvalidated	yes	yes	yes	no	yes	high	C	no	Sensitive trait (disease risk, pharmacogenomics, carrier status, reproductive genetics, or substance response). Requires clinical/regulatory review.	clinical, requires professional review	Sensitive trait. Requires clinical, regulatory, and ethical review. Not for direct-to-consumer reporting without professional oversight.	
wg-1758	genetic_disease	Disease Risk (Sensitive)	Pulmonary Lymphangioleiomyomatosis (PLAM)	Pulmonary Lymphangioleiomyomatosis (PLAM)	Genetic variants associated with Pulmonary Lymphangioleiomyomatosis (PLAM). Disease risk markers require clinical validation.	Association testing using genetic markers from the structured WeGene catalog related to Pulmonary Lymphangioleiomyomatosis (PLAM).	No clinical or diagnostic claims can be made. All rsIDs are externally unvalidated. This is a sensitive trait requiring clinical, regulatory, and ethical review before any reporting.	3	rs289348;rs454833;rs454692	TSC2	no	yes	structured_catalog_unvalidated	yes	yes	yes	no	yes	high	C	no	Sensitive trait (disease risk, pharmacogenomics, carrier status, reproductive genetics, or substance response). Requires clinical/regulatory review.	clinical, requires professional review	Sensitive trait. Requires clinical, regulatory, and ethical review. Not for direct-to-consumer reporting without professional oversight.	
wg-1983	genetic_disease	Disease Risk (Sensitive)	Pyruvate Carboxylase Deficiency (PCD)	Pyruvate Carboxylase Deficiency (PCD)	Genetic variants associated with Pyruvate Carboxylase Deficiency (PCD). Disease risk markers require clinical validation.	Association testing using genetic markers from the structured WeGene catalog related to Pyruvate Carboxylase Deficiency (PCD).	No clinical or diagnostic claims can be made. All rsIDs are externally unvalidated. This is a sensitive trait requiring clinical, regulatory, and ethical review before any reporting.	2	rs113994145;rs28940591	PC	no	yes	structured_catalog_unvalidated	yes	yes	yes	no	yes	high	C	no	Sensitive trait (disease risk, pharmacogenomics, carrier status, reproductive genetics, or substance response). Requires clinical/regulatory review.	clinical, requires professional review	Sensitive trait. Requires clinical, regulatory, and ethical review. Not for direct-to-consumer reporting without professional oversight.	
wg-1982	genetic_disease	Disease Risk (Sensitive)	Pyruvate Kinase Deficiency (PKD)	Pyruvate Kinase Deficiency (PKD)	Genetic variants associated with Pyruvate Kinase Deficiency (PKD). Disease risk markers require clinical validation.	Association testing using genetic markers from the structured WeGene catalog related to Pyruvate Kinase Deficiency (PKD).	No clinical or diagnostic claims can be made. All rsIDs are externally unvalidated. This is a sensitive trait requiring clinical, regulatory, and ethical review before any reporting.	1	rs201953584	PKLR	no	yes	structured_catalog_unvalidated	yes	yes	yes	no	yes	high	C	no	Sensitive trait (disease risk, pharmacogenomics, carrier status, reproductive genetics, or substance response). Requires clinical/regulatory review.	clinical, requires professional review	Sensitive trait. Requires clinical, regulatory, and ethical review. Not for direct-to-consumer reporting without professional oversight.	
wg-2213	genetic_disease	Disease Risk (Sensitive)	Rapadilino Syndrome	Rapadilino Syndrome	Genetic variants associated with Rapadilino Syndrome. Disease risk markers require clinical validation.	Association testing using genetic markers from the structured WeGene catalog related to Rapadilino Syndrome.	No clinical or diagnostic claims can be made. All rsIDs are externally unvalidated. This is a sensitive trait requiring clinical, regulatory, and ethical review before any reporting.	1	rs386833844	RECQL4	no	yes	structured_catalog_unvalidated	yes	yes	yes	no	yes	high	C	no	Sensitive trait (disease risk, pharmacogenomics, carrier status, reproductive genetics, or substance response). Requires clinical/regulatory review.	clinical, requires professional review	Sensitive trait. Requires clinical, regulatory, and ethical review. Not for direct-to-consumer reporting without professional oversight.	
wg-2214	genetic_disease	Disease Risk (Sensitive)	Refsum Disease (RD)	Refsum Disease (RD)	Genetic variants associated with Refsum Disease (RD). Disease risk markers require clinical validation.	Association testing using genetic markers from the structured WeGene catalog related to Refsum Disease (RD).	No clinical or diagnostic claims can be made. All rsIDs are externally unvalidated. This is a sensitive trait requiring clinical, regulatory, and ethical review before any reporting.	2	rs104894173;rs104894174	PHYH	no	yes	structured_catalog_unvalidated	yes	yes	yes	no	yes	high	C	no	Sensitive trait (disease risk, pharmacogenomics, carrier status, reproductive genetics, or substance response). Requires clinical/regulatory review.	clinical, requires professional review	Sensitive trait. Requires clinical, regulatory, and ethical review. Not for direct-to-consumer reporting without professional oversight.	
wg-74	health_risk	Disease Risk (Sensitive)	Renal Cancer	Renal Cancer	Genetic variants associated with Renal Cancer. Disease risk markers require clinical validation.	Association testing using genetic markers from the structured WeGene catalog related to Renal Cancer.	No clinical or diagnostic claims can be made. All rsIDs are externally unvalidated. This is a sensitive trait requiring clinical, regulatory, and ethical review before any reporting.	5	rs1049380;rs699947;rs3025039;rs7105934;rs12105918	FOXE1;ITPR2;VEGFA;ZEB2	no	yes	structured_catalog_unvalidated	yes	yes	yes	no	yes	high	C	no	Sensitive trait (disease risk, pharmacogenomics, carrier status, reproductive genetics, or substance response). Requires clinical/regulatory review.	clinical, requires professional review	Sensitive trait. Requires clinical, regulatory, and ethical review. Not for direct-to-consumer reporting without professional oversight.	
wg-2079	genetic_disease	Disease Risk (Sensitive)	Renal Carnitine Transport Defect	Renal Carnitine Transport Defect	Genetic variants associated with Renal Carnitine Transport Defect. Disease risk markers require clinical validation.	Association testing using genetic markers from the structured WeGene catalog related to Renal Carnitine Transport Defect.	No clinical or diagnostic claims can be made. All rsIDs are externally unvalidated. This is a sensitive trait requiring clinical, regulatory, and ethical review before any reporting.	3	rs114269482;rs121908889;rs121908893	SLC22A;SLC22A5	no	yes	structured_catalog_unvalidated	yes	yes	yes	no	yes	high	C	no	Sensitive trait (disease risk, pharmacogenomics, carrier status, reproductive genetics, or substance response). Requires clinical/regulatory review.	clinical, requires professional review	Sensitive trait. Requires clinical, regulatory, and ethical review. Not for direct-to-consumer reporting without professional oversight.	
wg-2077	genetic_disease	Disease Risk (Sensitive)	Renal-Hepatic-Pancreatic Dysplasia (RHPD)	Renal-Hepatic-Pancreatic Dysplasia (RHPD)	Genetic variants associated with Renal-Hepatic-Pancreatic Dysplasia (RHPD). Disease risk markers require clinical validation.	Association testing using genetic markers from the structured WeGene catalog related to Renal-Hepatic-Pancreatic Dysplasia (RHPD).	No clinical or diagnostic claims can be made. All rsIDs are externally unvalidated. This is a sensitive trait requiring clinical, regulatory, and ethical review before any reporting.	3	rs119456963;rs762826555;rs763300393	NEK8;NPHP3	no	yes	structured_catalog_unvalidated	yes	yes	yes	no	yes	high	C	no	Sensitive trait (disease risk, pharmacogenomics, carrier status, reproductive genetics, or substance response). Requires clinical/regulatory review.	clinical, requires professional review	Sensitive trait. Requires clinical, regulatory, and ethical review. Not for direct-to-consumer reporting without professional oversight.	
wg-2215	genetic_disease	Disease Risk (Sensitive)	Renpenning Syndrome (RENS)	Renpenning Syndrome (RENS)	Genetic variants associated with Renpenning Syndrome (RENS). Disease risk markers require clinical validation.	Association testing using genetic markers from the structured WeGene catalog related to Renpenning Syndrome (RENS).	No clinical or diagnostic claims can be made. All rsIDs are externally unvalidated. This is a sensitive trait requiring clinical, regulatory, and ethical review before any reporting.	1	rs606231193	PQBP1	no	yes	structured_catalog_unvalidated	yes	yes	yes	no	yes	high	C	no	Sensitive trait (disease risk, pharmacogenomics, carrier status, reproductive genetics, or substance response). Requires clinical/regulatory review.	clinical, requires professional review	Sensitive trait. Requires clinical, regulatory, and ethical review. Not for direct-to-consumer reporting without professional oversight.	
wg-1736	genetic_disease	Disease Risk (Sensitive)	Restrictive Cardiomyopathy	Restrictive Cardiomyopathy	Genetic variants associated with Restrictive Cardiomyopathy. Disease risk markers require clinical validation.	Association testing using genetic markers from the structured WeGene catalog related to Restrictive Cardiomyopathy.	No clinical or diagnostic claims can be made. All rsIDs are externally unvalidated. This is a sensitive trait requiring clinical, regulatory, and ethical review before any reporting.	2	rs10489;rs12191	BAG3;BMPR1A;CACNA1C;CAV3;COL3A1;COL4A3;COL4A5;CYP1A1;DES;DMD;EPHX1;ESR2;FLNC;GJB2;GJB3;GSTP1;HCN4;KCNH2;KCNJ2;KCNQ1;LOXHD;MVK;MYBPC;MYBPC3;MYL3;MYO15A;RYR1;SCN5A;SDHB;SDHD;SLC26A4;SMAD3;SMAD4;TGFB2;TGFBR1;TGFBR2;TNNI3;VHL;WFS1	no	yes	structured_catalog_unvalidated	yes	yes	yes	no	yes	high	C	no	Sensitive trait (disease risk, pharmacogenomics, carrier status, reproductive genetics, or substance response). Requires clinical/regulatory review.	clinical, requires professional review	Sensitive trait. Requires clinical, regulatory, and ethical review. Not for direct-to-consumer reporting without professional oversight.	
wg-2082	genetic_disease	Disease Risk (Sensitive)	Retinitis Pigmentosa (RP)	Retinitis Pigmentosa (RP)	Genetic variants associated with Retinitis Pigmentosa (RP). Disease risk markers require clinical validation.	Association testing using genetic markers from the structured WeGene catalog related to Retinitis Pigmentosa (RP).	No clinical or diagnostic claims can be made. All rsIDs are externally unvalidated. This is a sensitive trait requiring clinical, regulatory, and ethical review before any reporting.	5	rs62640;rs76774;rs104893791;rs104894927;rs111033280	CRB1;EYS;RHO;RPGR;SPATA7;USH2A	no	yes	structured_catalog_unvalidated	yes	yes	yes	no	yes	high	C	no	Sensitive trait (disease risk, pharmacogenomics, carrier status, reproductive genetics, or substance response). Requires clinical/regulatory review.	clinical, requires professional review	Sensitive trait. Requires clinical, regulatory, and ethical review. Not for direct-to-consumer reporting without professional oversight.	
wg-2216	genetic_disease	Disease Risk (Sensitive)	Rett Syndrome (RTT)	Rett Syndrome (RTT)	Genetic variants associated with Rett Syndrome (RTT). Disease risk markers require clinical validation.	Association testing using genetic markers from the structured WeGene catalog related to Rett Syndrome (RTT).	No clinical or diagnostic claims can be made. All rsIDs are externally unvalidated. This is a sensitive trait requiring clinical, regulatory, and ethical review before any reporting.	5	rs61748;rs61750;rs121913678;rs122460159;rs267606827	CDKL5;FOXG1;MECP2	no	yes	structured_catalog_unvalidated	yes	yes	yes	no	yes	high	C	no	Sensitive trait (disease risk, pharmacogenomics, carrier status, reproductive genetics, or substance response). Requires clinical/regulatory review.	clinical, requires professional review	Sensitive trait. Requires clinical, regulatory, and ethical review. Not for direct-to-consumer reporting without professional oversight.	
wg-2217	genetic_disease	Disease Risk (Sensitive)	Revesz Syndrome	Revesz Syndrome	Genetic variants associated with Revesz Syndrome. Disease risk markers require clinical validation.	Association testing using genetic markers from the structured WeGene catalog related to Revesz Syndrome.	No clinical or diagnostic claims can be made. All rsIDs are externally unvalidated. This is a sensitive trait requiring clinical, regulatory, and ethical review before any reporting.	1	rs121918544	TINF2	no	yes	structured_catalog_unvalidated	yes	yes	yes	no	yes	high	C	no	Sensitive trait (disease risk, pharmacogenomics, carrier status, reproductive genetics, or substance response). Requires clinical/regulatory review.	clinical, requires professional review	Sensitive trait. Requires clinical, regulatory, and ethical review. Not for direct-to-consumer reporting without professional oversight.	
wg-93	health_risk	Disease Risk (Sensitive)	Rheumatoid Arthritis (RA)	Rheumatoid Arthritis (RA)	Genetic variants associated with Rheumatoid Arthritis (RA). Disease risk markers require clinical validation.	Association testing using genetic markers from the structured WeGene catalog related to Rheumatoid Arthritis (RA).	No clinical or diagnostic claims can be made. All rsIDs are externally unvalidated. This is a sensitive trait requiring clinical, regulatory, and ethical review before any reporting.	8	rs6457617;rs872863;rs4713581;rs9268614;rs8087252;rs2837960;rs660895;rs2269475	AIF1;MMEL1;STAT4;TRAF1;ZNF679	no	yes	structured_catalog_unvalidated	yes	yes	yes	no	yes	high	C	no	Sensitive trait (disease risk, pharmacogenomics, carrier status, reproductive genetics, or substance response). Requires clinical/regulatory review.	clinical, requires professional review	Sensitive trait. Requires clinical, regulatory, and ethical review. Not for direct-to-consumer reporting without professional oversight.	
wg-2142	genetic_disease	Disease Risk (Sensitive)	Rhizomelic Chondrodysplasia Punctata (RCDP)	Rhizomelic Chondrodysplasia Punctata (RCDP)	Genetic variants associated with Rhizomelic Chondrodysplasia Punctata (RCDP). Disease risk markers require clinical validation.	Association testing using genetic markers from the structured WeGene catalog related to Rhizomelic Chondrodysplasia Punctata (RCDP).	No clinical or diagnostic claims can be made. All rsIDs are externally unvalidated. This is a sensitive trait requiring clinical, regulatory, and ethical review before any reporting.	2	rs121909151;rs796051881	PEX5;PEX7	no	yes	structured_catalog_unvalidated	yes	yes	yes	no	yes	high	C	no	Sensitive trait (disease risk, pharmacogenomics, carrier status, reproductive genetics, or substance response). Requires clinical/regulatory review.	clinical, requires professional review	Sensitive trait. Requires clinical, regulatory, and ethical review. Not for direct-to-consumer reporting without professional oversight.	
wg-1558	psychological_traits	Disease Risk (Sensitive)	Risk Tolerance	Risk Tolerance	Genetic variants associated with Risk Tolerance. Disease risk markers require clinical validation.	Association testing using genetic markers from the structured WeGene catalog related to Risk Tolerance.	No clinical or diagnostic claims can be made. All rsIDs are externally unvalidated. This is a sensitive trait requiring clinical, regulatory, and ethical review before any reporting.	5	rs10519;rs20034;rs24096;rs13084531;rs9379971	BMP3;CGREF1;EPHA5;STAG1;TBC1D5;ZBTB10	no	yes	structured_catalog_unvalidated	yes	yes	yes	no	yes	high	C	no	Sensitive trait (disease risk, pharmacogenomics, carrier status, reproductive genetics, or substance response). Requires clinical/regulatory review.	clinical, requires professional review	Sensitive trait. Requires clinical, regulatory, and ethical review. Not for direct-to-consumer reporting without professional oversight.	
wg-2219	genetic_disease	Disease Risk (Sensitive)	Robinow Syndrome	Robinow Syndrome	Genetic variants associated with Robinow Syndrome. Disease risk markers require clinical validation.	Association testing using genetic markers from the structured WeGene catalog related to Robinow Syndrome.	No clinical or diagnostic claims can be made. All rsIDs are externally unvalidated. This is a sensitive trait requiring clinical, regulatory, and ethical review before any reporting.	3	rs797044834;rs797044836;rs797044837	DVL1;DVL3	no	yes	structured_catalog_unvalidated	yes	yes	yes	no	yes	high	C	no	Sensitive trait (disease risk, pharmacogenomics, carrier status, reproductive genetics, or substance response). Requires clinical/regulatory review.	clinical, requires professional review	Sensitive trait. Requires clinical, regulatory, and ethical review. Not for direct-to-consumer reporting without professional oversight.	
wg-2220	genetic_disease	Disease Risk (Sensitive)	Rothmund-Thomson Syndrome (RTS)	Rothmund-Thomson Syndrome (RTS)	Genetic variants associated with Rothmund-Thomson Syndrome (RTS). Disease risk markers require clinical validation.	Association testing using genetic markers from the structured WeGene catalog related to Rothmund-Thomson Syndrome (RTS).	No clinical or diagnostic claims can be made. All rsIDs are externally unvalidated. This is a sensitive trait requiring clinical, regulatory, and ethical review before any reporting.	3	rs137853229;rs386833851;rs398124117	RECQL4	no	yes	structured_catalog_unvalidated	yes	yes	yes	no	yes	high	C	no	Sensitive trait (disease risk, pharmacogenomics, carrier status, reproductive genetics, or substance response). Requires clinical/regulatory review.	clinical, requires professional review	Sensitive trait. Requires clinical, regulatory, and ethical review. Not for direct-to-consumer reporting without professional oversight.	
wg-2221	genetic_disease	Disease Risk (Sensitive)	Rubinstein-Taybi Syndrome (RSTS)	Rubinstein-Taybi Syndrome (RSTS)	Genetic variants associated with Rubinstein-Taybi Syndrome (RSTS). Disease risk markers require clinical validation.	Association testing using genetic markers from the structured WeGene catalog related to Rubinstein-Taybi Syndrome (RSTS).	No clinical or diagnostic claims can be made. All rsIDs are externally unvalidated. This is a sensitive trait requiring clinical, regulatory, and ethical review before any reporting.	4	rs58778;rs1057517732;rs1057521737;rs200782888	ARX;B1;CREBBP;DCX;EP300;PAFAH1;PAFAH1B1;TUBA1A	no	yes	structured_catalog_unvalidated	yes	yes	yes	no	yes	high	C	no	Sensitive trait (disease risk, pharmacogenomics, carrier status, reproductive genetics, or substance response). Requires clinical/regulatory review.	clinical, requires professional review	Sensitive trait. Requires clinical, regulatory, and ethical review. Not for direct-to-consumer reporting without professional oversight.	
wg-2222	genetic_disease	Disease Risk (Sensitive)	Saethre-Chotzen Syndrome (SCS)	Saethre-Chotzen Syndrome (SCS)	Genetic variants associated with Saethre-Chotzen Syndrome (SCS). Disease risk markers require clinical validation.	Association testing using genetic markers from the structured WeGene catalog related to Saethre-Chotzen Syndrome (SCS).	No clinical or diagnostic claims can be made. All rsIDs are externally unvalidated. This is a sensitive trait requiring clinical, regulatory, and ethical review before any reporting.	3	rs121913478;rs121918487;rs121918491	FGFR2	no	yes	structured_catalog_unvalidated	yes	yes	yes	no	yes	high	C	no	Sensitive trait (disease risk, pharmacogenomics, carrier status, reproductive genetics, or substance response). Requires clinical/regulatory review.	clinical, requires professional review	Sensitive trait. Requires clinical, regulatory, and ethical review. Not for direct-to-consumer reporting without professional oversight.	
wg-2223	genetic_disease	Disease Risk (Sensitive)	Salla Disease (SD)	Salla Disease (SD)	Genetic variants associated with Salla Disease (SD). Disease risk markers require clinical validation.	Association testing using genetic markers from the structured WeGene catalog related to Salla Disease (SD).	No clinical or diagnostic claims can be made. All rsIDs are externally unvalidated. This is a sensitive trait requiring clinical, regulatory, and ethical review before any reporting.	3	rs201284672;rs386833990;rs727504156	SLC17A5	no	yes	structured_catalog_unvalidated	yes	yes	yes	no	yes	high	C	no	Sensitive trait (disease risk, pharmacogenomics, carrier status, reproductive genetics, or substance response). Requires clinical/regulatory review.	clinical, requires professional review	Sensitive trait. Requires clinical, regulatory, and ethical review. Not for direct-to-consumer reporting without professional oversight.	
wg-2224	genetic_disease	Disease Risk (Sensitive)	Sandhoff Disease	Sandhoff Disease	Genetic variants associated with Sandhoff Disease. Disease risk markers require clinical validation.	Association testing using genetic markers from the structured WeGene catalog related to Sandhoff Disease.	No clinical or diagnostic claims can be made. All rsIDs are externally unvalidated. This is a sensitive trait requiring clinical, regulatory, and ethical review before any reporting.	3	rs398123443;rs121907983;rs1580377105	HEXB	no	yes	structured_catalog_unvalidated	yes	yes	yes	no	yes	high	C	no	Sensitive trait (disease risk, pharmacogenomics, carrier status, reproductive genetics, or substance response). Requires clinical/regulatory review.	clinical, requires professional review	Sensitive trait. Requires clinical, regulatory, and ethical review. Not for direct-to-consumer reporting without professional oversight.	
wg-243	health_risk	Disease Risk (Sensitive)	Schizophrenia	Schizophrenia	Genetic variants associated with Schizophrenia. Disease risk markers require clinical validation.	No genetic markers identified in the structured catalog.	No clinical or diagnostic claims can be made. All rsIDs are externally unvalidated. This is a sensitive trait requiring clinical, regulatory, and ethical review before any reporting.	0			no	no	no_markers	no	yes	no	no	no	high	E	no	No rsIDs linked to this trait.	N/A - no markers or not suitable	No genetic markers identified. Not suitable for commercial reporting.	
wg-119	health_risk	Disease Risk (Sensitive)	Scoliosis	Scoliosis	Genetic variants associated with Scoliosis. Disease risk markers require clinical validation.	Association testing using genetic markers from the structured WeGene catalog related to Scoliosis.	No clinical or diagnostic claims can be made. All rsIDs are externally unvalidated. This is a sensitive trait requiring clinical, regulatory, and ethical review before any reporting.	5	rs9389985;rs11190870;rs11205303;rs2467146;rs482012	ADGRG6;CDH13;FTO;PLXNA2	no	yes	structured_catalog_unvalidated	yes	yes	yes	no	yes	high	C	no	Sensitive trait (disease risk, pharmacogenomics, carrier status, reproductive genetics, or substance response). Requires clinical/regulatory review.	clinical, requires professional review	Sensitive trait. Requires clinical, regulatory, and ethical review. Not for direct-to-consumer reporting without professional oversight.	
wg-2225	genetic_disease	Disease Risk (Sensitive)	Seckel Syndrome	Seckel Syndrome	Genetic variants associated with Seckel Syndrome. Disease risk markers require clinical validation.	Association testing using genetic markers from the structured WeGene catalog related to Seckel Syndrome.	No clinical or diagnostic claims can be made. All rsIDs are externally unvalidated. This is a sensitive trait requiring clinical, regulatory, and ethical review before any reporting.	3	rs747680111;rs777893196;rs797045447	CENPJ;NIN	no	yes	structured_catalog_unvalidated	yes	yes	yes	no	yes	high	C	no	Sensitive trait (disease risk, pharmacogenomics, carrier status, reproductive genetics, or substance response). Requires clinical/regulatory review.	clinical, requires professional review	Sensitive trait. Requires clinical, regulatory, and ethical review. Not for direct-to-consumer reporting without professional oversight.	
wg-2118	genetic_disease	Disease Risk (Sensitive)	Selective Tooth Agenesis (STA)	Selective Tooth Agenesis (STA)	Genetic variants associated with Selective Tooth Agenesis (STA). Disease risk markers require clinical validation.	Association testing using genetic markers from the structured WeGene catalog related to Selective Tooth Agenesis (STA).	No clinical or diagnostic claims can be made. All rsIDs are externally unvalidated. This is a sensitive trait requiring clinical, regulatory, and ethical review before any reporting.	2	rs132630308;rs132630314	EDA	no	yes	structured_catalog_unvalidated	yes	yes	yes	no	yes	high	C	no	Sensitive trait (disease risk, pharmacogenomics, carrier status, reproductive genetics, or substance response). Requires clinical/regulatory review.	clinical, requires professional review	Sensitive trait. Requires clinical, regulatory, and ethical review. Not for direct-to-consumer reporting without professional oversight.	
wg-2226	genetic_disease	Disease Risk (Sensitive)	Sengers Syndrome	Sengers Syndrome	Genetic variants associated with Sengers Syndrome. Disease risk markers require clinical validation.	Association testing using genetic markers from the structured WeGene catalog related to Sengers Syndrome.	No clinical or diagnostic claims can be made. All rsIDs are externally unvalidated. This is a sensitive trait requiring clinical, regulatory, and ethical review before any reporting.	2	rs746709222;rs766413410	AGK	no	yes	structured_catalog_unvalidated	yes	yes	yes	no	yes	high	C	no	Sensitive trait (disease risk, pharmacogenomics, carrier status, reproductive genetics, or substance response). Requires clinical/regulatory review.	clinical, requires professional review	Sensitive trait. Requires clinical, regulatory, and ethical review. Not for direct-to-consumer reporting without professional oversight.	
wg-2227	genetic_disease	Disease Risk (Sensitive)	Senior-Loken Syndrome (SLSN)	Senior-Loken Syndrome (SLSN)	Genetic variants associated with Senior-Loken Syndrome (SLSN). Disease risk markers require clinical validation.	Association testing using genetic markers from the structured WeGene catalog related to Senior-Loken Syndrome (SLSN).	No clinical or diagnostic claims can be made. All rsIDs are externally unvalidated. This is a sensitive trait requiring clinical, regulatory, and ethical review before any reporting.	4	rs38790;rs137852832;rs376493409;rs386834158	CEP290;CLPB;COL3A1;IQCB1;SDCCAG8;SERAC1;SMAD3;TAFAZZIN;TGFB2;TGFBR1;WDR19	no	yes	structured_catalog_unvalidated	yes	yes	yes	no	yes	high	C	no	Sensitive trait (disease risk, pharmacogenomics, carrier status, reproductive genetics, or substance response). Requires clinical/regulatory review.	clinical, requires professional review	Sensitive trait. Requires clinical, regulatory, and ethical review. Not for direct-to-consumer reporting without professional oversight.	
wg-2150	genetic_disease	Disease Risk (Sensitive)	Severe Combined Immunodeficiency (SCID)	Severe Combined Immunodeficiency (SCID)	Genetic variants associated with Severe Combined Immunodeficiency (SCID). Disease risk markers require clinical validation.	Association testing using genetic markers from the structured WeGene catalog related to Severe Combined Immunodeficiency (SCID).	No clinical or diagnostic claims can be made. All rsIDs are externally unvalidated. This is a sensitive trait requiring clinical, regulatory, and ethical review before any reporting.	3	rs111033617;rs111033620;rs111033622	IL2RG	no	yes	structured_catalog_unvalidated	yes	yes	yes	no	yes	high	C	no	Sensitive trait (disease risk, pharmacogenomics, carrier status, reproductive genetics, or substance response). Requires clinical/regulatory review.	clinical, requires professional review	Sensitive trait. Requires clinical, regulatory, and ethical review. Not for direct-to-consumer reporting without professional oversight.	
wg-1730	genetic_disease	Disease Risk (Sensitive)	Short QT Syndrome (SQTS)	Short QT Syndrome (SQTS)	Genetic variants associated with Short QT Syndrome (SQTS). Disease risk markers require clinical validation.	Association testing using genetic markers from the structured WeGene catalog related to Short QT Syndrome (SQTS).	No clinical or diagnostic claims can be made. All rsIDs are externally unvalidated. This is a sensitive trait requiring clinical, regulatory, and ethical review before any reporting.	1	rs104894	KCNJ2	no	yes	structured_catalog_unvalidated	yes	yes	yes	no	yes	high	C	no	Sensitive trait (disease risk, pharmacogenomics, carrier status, reproductive genetics, or substance response). Requires clinical/regulatory review.	clinical, requires professional review	Sensitive trait. Requires clinical, regulatory, and ethical review. Not for direct-to-consumer reporting without professional oversight.	
wg-2251	exposure_risk	Disease Risk (Sensitive)	Shrimps	Shrimps	Genetic variants associated with Shrimps. Disease risk markers require clinical validation.	Association testing using genetic markers from the structured WeGene catalog related to Shrimps.	No clinical or diagnostic claims can be made. All rsIDs are externally unvalidated. This is a sensitive trait requiring clinical, regulatory, and ethical review before any reporting.	4	rs20541;rs1800925;rs74995702;rs9275596	DRA;IL13;TH2LCRR	no	yes	structured_catalog_unvalidated	yes	yes	yes	no	yes	high	C	no	Sensitive trait (disease risk, pharmacogenomics, carrier status, reproductive genetics, or substance response). Requires clinical/regulatory review.	clinical, requires professional review	Sensitive trait. Requires clinical, regulatory, and ethical review. Not for direct-to-consumer reporting without professional oversight.	
wg-2228	genetic_disease	Disease Risk (Sensitive)	Shwachman-Diamond Syndrome (SDS)	Shwachman-Diamond Syndrome (SDS)	Genetic variants associated with Shwachman-Diamond Syndrome (SDS). Disease risk markers require clinical validation.	Association testing using genetic markers from the structured WeGene catalog related to Shwachman-Diamond Syndrome (SDS).	No clinical or diagnostic claims can be made. All rsIDs are externally unvalidated. This is a sensitive trait requiring clinical, regulatory, and ethical review before any reporting.	1	rs113993990	SBDS	no	yes	structured_catalog_unvalidated	yes	yes	yes	no	yes	high	C	no	Sensitive trait (disease risk, pharmacogenomics, carrier status, reproductive genetics, or substance response). Requires clinical/regulatory review.	clinical, requires professional review	Sensitive trait. Requires clinical, regulatory, and ethical review. Not for direct-to-consumer reporting without professional oversight.	
wg-2112	genetic_disease	Disease Risk (Sensitive)	Sialidosis	Sialidosis	Genetic variants associated with Sialidosis. Disease risk markers require clinical validation.	Association testing using genetic markers from the structured WeGene catalog related to Sialidosis.	No clinical or diagnostic claims can be made. All rsIDs are externally unvalidated. This is a sensitive trait requiring clinical, regulatory, and ethical review before any reporting.	3	rs104893972;rs104893983;rs28940583	NEU1	no	yes	structured_catalog_unvalidated	yes	yes	yes	no	yes	high	C	no	Sensitive trait (disease risk, pharmacogenomics, carrier status, reproductive genetics, or substance response). Requires clinical/regulatory review.	clinical, requires professional review	Sensitive trait. Requires clinical, regulatory, and ethical review. Not for direct-to-consumer reporting without professional oversight.	
wg-1729	genetic_disease	Disease Risk (Sensitive)	Sick Sinus Syndrome	Sick Sinus Syndrome	Genetic variants associated with Sick Sinus Syndrome. Disease risk markers require clinical validation.	Association testing using genetic markers from the structured WeGene catalog related to Sick Sinus Syndrome.	No clinical or diagnostic claims can be made. All rsIDs are externally unvalidated. This is a sensitive trait requiring clinical, regulatory, and ethical review before any reporting.	3	rs10489;rs12190;rs13785	ABCA3;ACVRL1;ATP7B;CACNA1C;CAV3;COL3A1;CYP1A1;DMD;EPHX1;ESR2;F8;F9;FBN1;FOXI1;G6PD;GJA5;GJB2;GJB3;GSTP1;HCN4;KCNA5;KCNH2;KCNJ2;KCNQ1;LOXHD;MYBPC;MYBPC3;MYH7;MYL3;MYO15A;RYR2;SCN5A;SDHB;SDHD;SLC25A;SLC25A15;SLC26A;SLC26A4;SMAD3;TGFB2;TGFBR1;TGFBR2;TNNI3;TNNT2;TPM1;VHL;WFS1	no	yes	structured_catalog_unvalidated	yes	yes	yes	no	yes	high	C	no	Sensitive trait (disease risk, pharmacogenomics, carrier status, reproductive genetics, or substance response). Requires clinical/regulatory review.	clinical, requires professional review	Sensitive trait. Requires clinical, regulatory, and ethical review. Not for direct-to-consumer reporting without professional oversight.	
wg-2088	genetic_disease	Disease Risk (Sensitive)	Sideroblastic Anemia (SA)	Sideroblastic Anemia (SA)	Genetic variants associated with Sideroblastic Anemia (SA). Disease risk markers require clinical validation.	Association testing using genetic markers from the structured WeGene catalog related to Sideroblastic Anemia (SA).	No clinical or diagnostic claims can be made. All rsIDs are externally unvalidated. This is a sensitive trait requiring clinical, regulatory, and ethical review before any reporting.	1	rs137852311	ALAS2	no	yes	structured_catalog_unvalidated	yes	yes	yes	no	yes	high	C	no	Sensitive trait (disease risk, pharmacogenomics, carrier status, reproductive genetics, or substance response). Requires clinical/regulatory review.	clinical, requires professional review	Sensitive trait. Requires clinical, regulatory, and ethical review. Not for direct-to-consumer reporting without professional oversight.	
wg-2143	genetic_disease	Disease Risk (Sensitive)	Sitosterolemia	Sitosterolemia	Genetic variants associated with Sitosterolemia. Disease risk markers require clinical validation.	Association testing using genetic markers from the structured WeGene catalog related to Sitosterolemia.	No clinical or diagnostic claims can be made. All rsIDs are externally unvalidated. This is a sensitive trait requiring clinical, regulatory, and ethical review before any reporting.	3	rs119479065;rs119479066;rs119479067	ABCG5;ABCG8;DYNC2LI1	no	yes	structured_catalog_unvalidated	yes	yes	yes	no	yes	high	C	no	Sensitive trait (disease risk, pharmacogenomics, carrier status, reproductive genetics, or substance response). Requires clinical/regulatory review.	clinical, requires professional review	Sensitive trait. Requires clinical, regulatory, and ethical review. Not for direct-to-consumer reporting without professional oversight.	
wg-2062	genetic_disease	Disease Risk (Sensitive)	Skin/Hair/Eye Pigmentation (SHEP)	Skin/Hair/Eye Pigmentation (SHEP)	Genetic variants associated with Skin/Hair/Eye Pigmentation (SHEP). Disease risk markers require clinical validation.	Association testing using genetic markers from the structured WeGene catalog related to Skin/Hair/Eye Pigmentation (SHEP).	No clinical or diagnostic claims can be made. All rsIDs are externally unvalidated. This is a sensitive trait requiring clinical, regulatory, and ethical review before any reporting.	3	rs104894314;rs121908011;rs28940876	OCA2;TYR	no	yes	structured_catalog_unvalidated	yes	yes	yes	no	yes	high	C	no	Sensitive trait (disease risk, pharmacogenomics, carrier status, reproductive genetics, or substance response). Requires clinical/regulatory review.	clinical, requires professional review	Sensitive trait. Requires clinical, regulatory, and ethical review. Not for direct-to-consumer reporting without professional oversight.	
wg-2229	genetic_disease	Disease Risk (Sensitive)	Smith-Lemli-Opitz Syndrome (SLOS)	Smith-Lemli-Opitz Syndrome (SLOS)	Genetic variants associated with Smith-Lemli-Opitz Syndrome (SLOS). Disease risk markers require clinical validation.	Association testing using genetic markers from the structured WeGene catalog related to Smith-Lemli-Opitz Syndrome (SLOS).	No clinical or diagnostic claims can be made. All rsIDs are externally unvalidated. This is a sensitive trait requiring clinical, regulatory, and ethical review before any reporting.	3	rs104894212;rs104894213;rs121909768	DHCR7	no	yes	structured_catalog_unvalidated	yes	yes	yes	no	yes	high	C	no	Sensitive trait (disease risk, pharmacogenomics, carrier status, reproductive genetics, or substance response). Requires clinical/regulatory review.	clinical, requires professional review	Sensitive trait. Requires clinical, regulatory, and ethical review. Not for direct-to-consumer reporting without professional oversight.	
wg-2230	genetic_disease	Disease Risk (Sensitive)	Smith-McCort Dysplasia (SMC)	Smith-McCort Dysplasia (SMC)	Genetic variants associated with Smith-McCort Dysplasia (SMC). Disease risk markers require clinical validation.	Association testing using genetic markers from the structured WeGene catalog related to Smith-McCort Dysplasia (SMC).	No clinical or diagnostic claims can be made. All rsIDs are externally unvalidated. This is a sensitive trait requiring clinical, regulatory, and ethical review before any reporting.	1	rs775414124	DYM	no	yes	structured_catalog_unvalidated	yes	yes	yes	no	yes	high	C	no	Sensitive trait (disease risk, pharmacogenomics, carrier status, reproductive genetics, or substance response). Requires clinical/regulatory review.	clinical, requires professional review	Sensitive trait. Requires clinical, regulatory, and ethical review. Not for direct-to-consumer reporting without professional oversight.	
wg-2231	genetic_disease	Disease Risk (Sensitive)	Sotos Syndrome	Sotos Syndrome	Genetic variants associated with Sotos Syndrome. Disease risk markers require clinical validation.	Association testing using genetic markers from the structured WeGene catalog related to Sotos Syndrome.	No clinical or diagnostic claims can be made. All rsIDs are externally unvalidated. This is a sensitive trait requiring clinical, regulatory, and ethical review before any reporting.	4	rs587784198;rs1057520339;rs121908070;rs398124378	NSD1;SCN4A	no	yes	structured_catalog_unvalidated	yes	yes	yes	no	yes	high	C	no	Sensitive trait (disease risk, pharmacogenomics, carrier status, reproductive genetics, or substance response). Requires clinical/regulatory review.	clinical, requires professional review	Sensitive trait. Requires clinical, regulatory, and ethical review. Not for direct-to-consumer reporting without professional oversight.	
wg-2017	genetic_disease	Disease Risk (Sensitive)	Spinal Muscular Atrophy (SMA)	Spinal Muscular Atrophy (SMA)	Genetic variants associated with Spinal Muscular Atrophy (SMA). Disease risk markers require clinical validation.	Association testing using genetic markers from the structured WeGene catalog related to Spinal Muscular Atrophy (SMA).	No clinical or diagnostic claims can be made. All rsIDs are externally unvalidated. This is a sensitive trait requiring clinical, regulatory, and ethical review before any reporting.	3	rs137852665;rs139497493;rs372000714	IGHMBP;IGHMBP2;SIGMAR1	no	yes	structured_catalog_unvalidated	yes	yes	yes	no	yes	high	C	no	Sensitive trait (disease risk, pharmacogenomics, carrier status, reproductive genetics, or substance response). Requires clinical/regulatory review.	clinical, requires professional review	Sensitive trait. Requires clinical, regulatory, and ethical review. Not for direct-to-consumer reporting without professional oversight.	
wg-2019	genetic_disease	Disease Risk (Sensitive)	Spondylocarpotarsal Synostosis Syndrome (SCT)	Spondylocarpotarsal Synostosis Syndrome (SCT)	Genetic variants associated with Spondylocarpotarsal Synostosis Syndrome (SCT). Disease risk markers require clinical validation.	Association testing using genetic markers from the structured WeGene catalog related to Spondylocarpotarsal Synostosis Syndrome (SCT).	No clinical or diagnostic claims can be made. All rsIDs are externally unvalidated. This is a sensitive trait requiring clinical, regulatory, and ethical review before any reporting.	2	rs1555527166;rs80356517	FLNB;MYH3	no	yes	structured_catalog_unvalidated	yes	yes	yes	no	yes	high	C	no	Sensitive trait (disease risk, pharmacogenomics, carrier status, reproductive genetics, or substance response). Requires clinical/regulatory review.	clinical, requires professional review	Sensitive trait. Requires clinical, regulatory, and ethical review. Not for direct-to-consumer reporting without professional oversight.	
wg-2023	genetic_disease	Disease Risk (Sensitive)	Spondylocostal Dysostosis (SCDO)	Spondylocostal Dysostosis (SCDO)	Genetic variants associated with Spondylocostal Dysostosis (SCDO). Disease risk markers require clinical validation.	Association testing using genetic markers from the structured WeGene catalog related to Spondylocostal Dysostosis (SCDO).	No clinical or diagnostic claims can be made. All rsIDs are externally unvalidated. This is a sensitive trait requiring clinical, regulatory, and ethical review before any reporting.	3	rs786204039;rs786204040;rs786205519	DLL3;TBX6	no	yes	structured_catalog_unvalidated	yes	yes	yes	no	yes	high	C	no	Sensitive trait (disease risk, pharmacogenomics, carrier status, reproductive genetics, or substance response). Requires clinical/regulatory review.	clinical, requires professional review	Sensitive trait. Requires clinical, regulatory, and ethical review. Not for direct-to-consumer reporting without professional oversight.	
wg-2152	genetic_disease	Disease Risk (Sensitive)	Spondyloenchondrodysplasia with Immune Dysregulation (SPENCDI)	Spondyloenchondrodysplasia with Immune Dysregulation (SPENCDI)	Genetic variants associated with Spondyloenchondrodysplasia with Immune Dysregulation (SPENCDI). Disease risk markers require clinical validation.	Association testing using genetic markers from the structured WeGene catalog related to Spondyloenchondrodysplasia with Immune Dysregulation (SPENCDI).	No clinical or diagnostic claims can be made. All rsIDs are externally unvalidated. This is a sensitive trait requiring clinical, regulatory, and ethical review before any reporting.	1	rs781050795	ACP5	no	yes	structured_catalog_unvalidated	yes	yes	yes	no	yes	high	C	no	Sensitive trait (disease risk, pharmacogenomics, carrier status, reproductive genetics, or substance response). Requires clinical/regulatory review.	clinical, requires professional review	Sensitive trait. Requires clinical, regulatory, and ethical review. Not for direct-to-consumer reporting without professional oversight.	
wg-2022	genetic_disease	Disease Risk (Sensitive)	Spondyloepimetaphyseal Dysplasia (SEMD)	Spondyloepimetaphyseal Dysplasia (SEMD)	Genetic variants associated with Spondyloepimetaphyseal Dysplasia (SEMD). Disease risk markers require clinical validation.	Association testing using genetic markers from the structured WeGene catalog related to Spondyloepimetaphyseal Dysplasia (SEMD).	No clinical or diagnostic claims can be made. All rsIDs are externally unvalidated. This is a sensitive trait requiring clinical, regulatory, and ethical review before any reporting.	2	rs121912880;rs797045099	COL2A1;PAPSS2	no	yes	structured_catalog_unvalidated	yes	yes	yes	no	yes	high	C	no	Sensitive trait (disease risk, pharmacogenomics, carrier status, reproductive genetics, or substance response). Requires clinical/regulatory review.	clinical, requires professional review	Sensitive trait. Requires clinical, regulatory, and ethical review. Not for direct-to-consumer reporting without professional oversight.	
wg-2021	genetic_disease	Disease Risk (Sensitive)	Spondyloepiphyseal Dysplasia (SED)	Spondyloepiphyseal Dysplasia (SED)	Genetic variants associated with Spondyloepiphyseal Dysplasia (SED). Disease risk markers require clinical validation.	Association testing using genetic markers from the structured WeGene catalog related to Spondyloepiphyseal Dysplasia (SED).	No clinical or diagnostic claims can be made. All rsIDs are externally unvalidated. This is a sensitive trait requiring clinical, regulatory, and ethical review before any reporting.	2	rs864621973;rs869312907	COL2A1	no	yes	structured_catalog_unvalidated	yes	yes	yes	no	yes	high	C	no	Sensitive trait (disease risk, pharmacogenomics, carrier status, reproductive genetics, or substance response). Requires clinical/regulatory review.	clinical, requires professional review	Sensitive trait. Requires clinical, regulatory, and ethical review. Not for direct-to-consumer reporting without professional oversight.	
wg-2020	genetic_disease	Disease Risk (Sensitive)	Spondylometaphyseal Dysplasia (SMD)	Spondylometaphyseal Dysplasia (SMD)	Genetic variants associated with Spondylometaphyseal Dysplasia (SMD). Disease risk markers require clinical validation.	Association testing using genetic markers from the structured WeGene catalog related to Spondylometaphyseal Dysplasia (SMD).	No clinical or diagnostic claims can be made. All rsIDs are externally unvalidated. This is a sensitive trait requiring clinical, regulatory, and ethical review before any reporting.	2	rs267607144;rs387906904	TRPV4	no	yes	structured_catalog_unvalidated	yes	yes	yes	no	yes	high	C	no	Sensitive trait (disease risk, pharmacogenomics, carrier status, reproductive genetics, or substance response). Requires clinical/regulatory review.	clinical, requires professional review	Sensitive trait. Requires clinical, regulatory, and ethical review. Not for direct-to-consumer reporting without professional oversight.	
wg-2018	genetic_disease	Disease Risk (Sensitive)	Spondyloperipheral Dysplasia (SPD)	Spondyloperipheral Dysplasia (SPD)	Genetic variants associated with Spondyloperipheral Dysplasia (SPD). Disease risk markers require clinical validation.	Association testing using genetic markers from the structured WeGene catalog related to Spondyloperipheral Dysplasia (SPD).	No clinical or diagnostic claims can be made. All rsIDs are externally unvalidated. This is a sensitive trait requiring clinical, regulatory, and ethical review before any reporting.	3	rs121912874;rs121912893;rs794727261	COL2A1	no	yes	structured_catalog_unvalidated	yes	yes	yes	no	yes	high	C	no	Sensitive trait (disease risk, pharmacogenomics, carrier status, reproductive genetics, or substance response). Requires clinical/regulatory review.	clinical, requires professional review	Sensitive trait. Requires clinical, regulatory, and ethical review. Not for direct-to-consumer reporting without professional oversight.	
wg-1973	health_risk	Disease Risk (Sensitive)	Spontaneous Urticaria	Spontaneous Urticaria	Genetic variants associated with Spontaneous Urticaria. Disease risk markers require clinical validation.	Association testing using genetic markers from the structured WeGene catalog related to Spontaneous Urticaria.	No clinical or diagnostic claims can be made. All rsIDs are externally unvalidated. This is a sensitive trait requiring clinical, regulatory, and ethical review before any reporting.	3	rs708777;rs453755;rs34141382		no	yes	structured_catalog_unvalidated	yes	yes	yes	no	yes	high	C	no	Sensitive trait (disease risk, pharmacogenomics, carrier status, reproductive genetics, or substance response). Requires clinical/regulatory review.	clinical, requires professional review	Sensitive trait. Requires clinical, regulatory, and ethical review. Not for direct-to-consumer reporting without professional oversight.	No genes associated.
wg-2232	genetic_disease	Disease Risk (Sensitive)	Stargardt Disease	Stargardt Disease	Genetic variants associated with Stargardt Disease. Disease risk markers require clinical validation.	Association testing using genetic markers from the structured WeGene catalog related to Stargardt Disease.	No clinical or diagnostic claims can be made. All rsIDs are externally unvalidated. This is a sensitive trait requiring clinical, regulatory, and ethical review before any reporting.	4	rs52723;rs137853006;rs150774447;rs201471607	ABCA4;CACNA;CACNA1S;PROM1;PRPH2;SCN4A	no	yes	structured_catalog_unvalidated	yes	yes	yes	no	yes	high	C	no	Sensitive trait (disease risk, pharmacogenomics, carrier status, reproductive genetics, or substance response). Requires clinical/regulatory review.	clinical, requires professional review	Sensitive trait. Requires clinical, regulatory, and ethical review. Not for direct-to-consumer reporting without professional oversight.	
wg-1572	genetic_disease	Disease Risk (Sensitive)	Stickler Syndrome	Stickler Syndrome	Genetic variants associated with Stickler Syndrome. Disease risk markers require clinical validation.	Association testing using genetic markers from the structured WeGene catalog related to Stickler Syndrome.	No clinical or diagnostic claims can be made. All rsIDs are externally unvalidated. This is a sensitive trait requiring clinical, regulatory, and ethical review before any reporting.	2	rs121912882;rs794727748	COL2A1	no	yes	structured_catalog_unvalidated	yes	yes	yes	no	yes	high	C	no	Sensitive trait (disease risk, pharmacogenomics, carrier status, reproductive genetics, or substance response). Requires clinical/regulatory review.	clinical, requires professional review	Sensitive trait. Requires clinical, regulatory, and ethical review. Not for direct-to-consumer reporting without professional oversight.	
wg-49	health_risk	Disease Risk (Sensitive)	Stomach Cancer	Stomach Cancer	Genetic variants associated with Stomach Cancer. Disease risk markers require clinical validation.	Association testing using genetic markers from the structured WeGene catalog related to Stomach Cancer.	No clinical or diagnostic claims can be made. All rsIDs are externally unvalidated. This is a sensitive trait requiring clinical, regulatory, and ethical review before any reporting.	6	rs2070600;rs2294008;rs2275913;rs2227692;rs2333227;rs2274223	AGER;CASC11;CCHCR1;CYP26B1;FCGR2A;HECTD4;IL17A;LTA;MPO;MYNN;PLCE1;PSCA;SERPINE1;SLC14A1;SLC39A6;TACC3;TCN2;TNXB	no	yes	structured_catalog_unvalidated	yes	yes	yes	no	yes	high	C	no	Sensitive trait (disease risk, pharmacogenomics, carrier status, reproductive genetics, or substance response). Requires clinical/regulatory review.	clinical, requires professional review	Sensitive trait. Requires clinical, regulatory, and ethical review. Not for direct-to-consumer reporting without professional oversight.	
wg-2092	genetic_disease	Disease Risk (Sensitive)	Striatonigral Degeneration (SND)	Striatonigral Degeneration (SND)	Genetic variants associated with Striatonigral Degeneration (SND). Disease risk markers require clinical validation.	Association testing using genetic markers from the structured WeGene catalog related to Striatonigral Degeneration (SND).	No clinical or diagnostic claims can be made. All rsIDs are externally unvalidated. This is a sensitive trait requiring clinical, regulatory, and ethical review before any reporting.	1	rs199476135		no	yes	structured_catalog_unvalidated	yes	yes	yes	no	yes	high	C	no	Sensitive trait (disease risk, pharmacogenomics, carrier status, reproductive genetics, or substance response). Requires clinical/regulatory review.	clinical, requires professional review	Sensitive trait. Requires clinical, regulatory, and ethical review. Not for direct-to-consumer reporting without professional oversight.	No genes associated.
wg-216	health_risk	Disease Risk (Sensitive)	Sudden Cardiac Death (SCD)	Sudden Cardiac Death (SCD)	Genetic variants associated with Sudden Cardiac Death (SCD). Disease risk markers require clinical validation.	Association testing using genetic markers from the structured WeGene catalog related to Sudden Cardiac Death (SCD).	No clinical or diagnostic claims can be made. All rsIDs are externally unvalidated. This is a sensitive trait requiring clinical, regulatory, and ethical review before any reporting.	3	rs16847548;rs174230;rs4665058	BAZ2B	no	yes	structured_catalog_unvalidated	yes	yes	yes	no	yes	high	C	no	Sensitive trait (disease risk, pharmacogenomics, carrier status, reproductive genetics, or substance response). Requires clinical/regulatory review.	clinical, requires professional review	Sensitive trait. Requires clinical, regulatory, and ethical review. Not for direct-to-consumer reporting without professional oversight.	
wg-1984	genetic_disease	Disease Risk (Sensitive)	Syndactyly	Syndactyly	Genetic variants associated with Syndactyly. Disease risk markers require clinical validation.	Association testing using genetic markers from the structured WeGene catalog related to Syndactyly.	No clinical or diagnostic claims can be made. All rsIDs are externally unvalidated. This is a sensitive trait requiring clinical, regulatory, and ethical review before any reporting.	1	rs200750564	HOXD13	no	yes	structured_catalog_unvalidated	yes	yes	yes	no	yes	high	C	no	Sensitive trait (disease risk, pharmacogenomics, carrier status, reproductive genetics, or substance response). Requires clinical/regulatory review.	clinical, requires professional review	Sensitive trait. Requires clinical, regulatory, and ethical review. Not for direct-to-consumer reporting without professional oversight.	
wg-98	health_risk	Disease Risk (Sensitive)	Systemic Lupus Erythematosus (SLE)	Systemic Lupus Erythematosus (SLE)	Genetic variants associated with Systemic Lupus Erythematosus (SLE). Disease risk markers require clinical validation.	Association testing using genetic markers from the structured WeGene catalog related to Systemic Lupus Erythematosus (SLE).	No clinical or diagnostic claims can be made. All rsIDs are externally unvalidated. This is a sensitive trait requiring clinical, regulatory, and ethical review before any reporting.	9	rs3093061;rs11185602;rs9270970;rs1780813;rs3748079;rs10488631;rs1143679;rs2004640;rs2280714	GTF2I;ITGAM;STAT4;TNFAIP3;TNPO3;TYK2	no	yes	structured_catalog_unvalidated	yes	yes	yes	no	yes	high	C	no	Sensitive trait (disease risk, pharmacogenomics, carrier status, reproductive genetics, or substance response). Requires clinical/regulatory review.	clinical, requires professional review	Sensitive trait. Requires clinical, regulatory, and ethical review. Not for direct-to-consumer reporting without professional oversight.	
wg-209	genetic_disease	Disease Risk (Sensitive)	TTR-Related Cardiac Amyloidosis	TTR-Related Cardiac Amyloidosis	Genetic variants associated with TTR-Related Cardiac Amyloidosis. Disease risk markers require clinical validation.	Association testing using genetic markers from the structured WeGene catalog related to TTR-Related Cardiac Amyloidosis.	No clinical or diagnostic claims can be made. All rsIDs are externally unvalidated. This is a sensitive trait requiring clinical, regulatory, and ethical review before any reporting.	1	rs76992529	TTR	no	yes	structured_catalog_unvalidated	yes	yes	yes	no	yes	high	C	no	Sensitive trait (disease risk, pharmacogenomics, carrier status, reproductive genetics, or substance response). Requires clinical/regulatory review.	clinical, requires professional review	Sensitive trait. Requires clinical, regulatory, and ethical review. Not for direct-to-consumer reporting without professional oversight.	
wg-84	health_risk	Disease Risk (Sensitive)	Tardive Dyskinesia	Tardive Dyskinesia	Genetic variants associated with Tardive Dyskinesia. Disease risk markers require clinical validation.	Association testing using genetic markers from the structured WeGene catalog related to Tardive Dyskinesia.	No clinical or diagnostic claims can be made. All rsIDs are externally unvalidated. This is a sensitive trait requiring clinical, regulatory, and ethical review before any reporting.	1	rs1800497	ANKK1	no	yes	structured_catalog_unvalidated	yes	yes	yes	no	yes	high	C	no	Sensitive trait (disease risk, pharmacogenomics, carrier status, reproductive genetics, or substance response). Requires clinical/regulatory review.	clinical, requires professional review	Sensitive trait. Requires clinical, regulatory, and ethical review. Not for direct-to-consumer reporting without professional oversight.	
wg-2233	genetic_disease	Disease Risk (Sensitive)	Tay-Sachs Disease (TSD)	Tay-Sachs Disease (TSD)	Genetic variants associated with Tay-Sachs Disease (TSD). Disease risk markers require clinical validation.	Association testing using genetic markers from the structured WeGene catalog related to Tay-Sachs Disease (TSD).	No clinical or diagnostic claims can be made. All rsIDs are externally unvalidated. This is a sensitive trait requiring clinical, regulatory, and ethical review before any reporting.	3	rs121907952;rs121907957;rs121907958	HEXA	no	yes	structured_catalog_unvalidated	yes	yes	yes	no	yes	high	C	no	Sensitive trait (disease risk, pharmacogenomics, carrier status, reproductive genetics, or substance response). Requires clinical/regulatory review.	clinical, requires professional review	Sensitive trait. Requires clinical, regulatory, and ethical review. Not for direct-to-consumer reporting without professional oversight.	
wg-82	health_risk	Disease Risk (Sensitive)	Testicular Cancer	Testicular Cancer	Genetic variants associated with Testicular Cancer. Disease risk markers require clinical validation.	Association testing using genetic markers from the structured WeGene catalog related to Testicular Cancer.	No clinical or diagnostic claims can be made. All rsIDs are externally unvalidated. This is a sensitive trait requiring clinical, regulatory, and ethical review before any reporting.	8	rs210138;rs4324715;rs4474514;rs6897876;rs3782179;rs2059693;rs2736100;rs755383	BAK1;DMRT1;EXO1;KITLG;TERT;WTAPP1	no	yes	structured_catalog_unvalidated	yes	yes	yes	no	yes	high	C	no	Sensitive trait (disease risk, pharmacogenomics, carrier status, reproductive genetics, or substance response). Requires clinical/regulatory review.	clinical, requires professional review	Sensitive trait. Requires clinical, regulatory, and ethical review. Not for direct-to-consumer reporting without professional oversight.	
wg-2145	genetic_disease	Disease Risk (Sensitive)	Thanatophoric Dysplasia	Thanatophoric Dysplasia	Genetic variants associated with Thanatophoric Dysplasia. Disease risk markers require clinical validation.	Association testing using genetic markers from the structured WeGene catalog related to Thanatophoric Dysplasia.	No clinical or diagnostic claims can be made. All rsIDs are externally unvalidated. This is a sensitive trait requiring clinical, regulatory, and ethical review before any reporting.	3	rs121913105;rs121913482;rs4647924	FGFR3	no	yes	structured_catalog_unvalidated	yes	yes	yes	no	yes	high	C	no	Sensitive trait (disease risk, pharmacogenomics, carrier status, reproductive genetics, or substance response). Requires clinical/regulatory review.	clinical, requires professional review	Sensitive trait. Requires clinical, regulatory, and ethical review. Not for direct-to-consumer reporting without professional oversight.	
wg-2120	genetic_disease	Disease Risk (Sensitive)	Thrombocytopenia	Thrombocytopenia	Genetic variants associated with Thrombocytopenia. Disease risk markers require clinical validation.	Association testing using genetic markers from the structured WeGene catalog related to Thrombocytopenia.	No clinical or diagnostic claims can be made. All rsIDs are externally unvalidated. This is a sensitive trait requiring clinical, regulatory, and ethical review before any reporting.	3	rs132630270;rs28933386;rs61751286	PTPN11;VWF;WAS	no	yes	structured_catalog_unvalidated	yes	yes	yes	no	yes	high	C	no	Sensitive trait (disease risk, pharmacogenomics, carrier status, reproductive genetics, or substance response). Requires clinical/regulatory review.	clinical, requires professional review	Sensitive trait. Requires clinical, regulatory, and ethical review. Not for direct-to-consumer reporting without professional oversight.	
wg-2131	genetic_disease	Disease Risk (Sensitive)	Thrombophilia	Thrombophilia	Genetic variants associated with Thrombophilia. Disease risk markers require clinical validation.	Association testing using genetic markers from the structured WeGene catalog related to Thrombophilia.	No clinical or diagnostic claims can be made. All rsIDs are externally unvalidated. This is a sensitive trait requiring clinical, regulatory, and ethical review before any reporting.	3	rs121918141;rs121918147;rs121918153	F8;F9;PROC;PROS1	no	yes	structured_catalog_unvalidated	yes	yes	yes	no	yes	high	C	no	Sensitive trait (disease risk, pharmacogenomics, carrier status, reproductive genetics, or substance response). Requires clinical/regulatory review.	clinical, requires professional review	Sensitive trait. Requires clinical, regulatory, and ethical review. Not for direct-to-consumer reporting without professional oversight.	
wg-83	health_risk	Disease Risk (Sensitive)	Thyroid Cancer	Thyroid Cancer	Genetic variants associated with Thyroid Cancer. Disease risk markers require clinical validation.	Association testing using genetic markers from the structured WeGene catalog related to Thyroid Cancer.	No clinical or diagnostic claims can be made. All rsIDs are externally unvalidated. This is a sensitive trait requiring clinical, regulatory, and ethical review before any reporting.	5	rs965513;rs1867277;rs2145418;rs699947;rs944289	FOXE1;ITPR2;VEGFA;ZEB2	no	yes	structured_catalog_unvalidated	yes	yes	yes	no	yes	high	C	no	Sensitive trait (disease risk, pharmacogenomics, carrier status, reproductive genetics, or substance response). Requires clinical/regulatory review.	clinical, requires professional review	Sensitive trait. Requires clinical, regulatory, and ethical review. Not for direct-to-consumer reporting without professional oversight.	
wg-211	genetic_disease	Disease Risk (Sensitive)	Torsion Dystonia	Torsion Dystonia	Genetic variants associated with Torsion Dystonia. Disease risk markers require clinical validation.	Association testing using genetic markers from the structured WeGene catalog related to Torsion Dystonia.	No clinical or diagnostic claims can be made. All rsIDs are externally unvalidated. This is a sensitive trait requiring clinical, regulatory, and ethical review before any reporting.	1	rs80358233	TOR1A	no	yes	structured_catalog_unvalidated	yes	yes	yes	no	yes	high	C	no	Sensitive trait (disease risk, pharmacogenomics, carrier status, reproductive genetics, or substance response). Requires clinical/regulatory review.	clinical, requires professional review	Sensitive trait. Requires clinical, regulatory, and ethical review. Not for direct-to-consumer reporting without professional oversight.	
wg-2234	genetic_disease	Disease Risk (Sensitive)	Treacher Collins Syndrome (TCS)	Treacher Collins Syndrome (TCS)	Genetic variants associated with Treacher Collins Syndrome (TCS). Disease risk markers require clinical validation.	Association testing using genetic markers from the structured WeGene catalog related to Treacher Collins Syndrome (TCS).	No clinical or diagnostic claims can be made. All rsIDs are externally unvalidated. This is a sensitive trait requiring clinical, regulatory, and ethical review before any reporting.	1	rs141156009	POLR1C	no	yes	structured_catalog_unvalidated	yes	yes	yes	no	yes	high	C	no	Sensitive trait (disease risk, pharmacogenomics, carrier status, reproductive genetics, or substance response). Requires clinical/regulatory review.	clinical, requires professional review	Sensitive trait. Requires clinical, regulatory, and ethical review. Not for direct-to-consumer reporting without professional oversight.	
wg-2051	genetic_disease	Disease Risk (Sensitive)	Trichorhinophalangeal Syndrome (TRPS)	Trichorhinophalangeal Syndrome (TRPS)	Genetic variants associated with Trichorhinophalangeal Syndrome (TRPS). Disease risk markers require clinical validation.	Association testing using genetic markers from the structured WeGene catalog related to Trichorhinophalangeal Syndrome (TRPS).	No clinical or diagnostic claims can be made. All rsIDs are externally unvalidated. This is a sensitive trait requiring clinical, regulatory, and ethical review before any reporting.	1	rs121908431	TRPS1	no	yes	structured_catalog_unvalidated	yes	yes	yes	no	yes	high	C	no	Sensitive trait (disease risk, pharmacogenomics, carrier status, reproductive genetics, or substance response). Requires clinical/regulatory review.	clinical, requires professional review	Sensitive trait. Requires clinical, regulatory, and ethical review. Not for direct-to-consumer reporting without professional oversight.	
wg-2072	genetic_disease	Disease Risk (Sensitive)	Trifunctional Protein Deficiency (TFP)	Trifunctional Protein Deficiency (TFP)	Genetic variants associated with Trifunctional Protein Deficiency (TFP). Disease risk markers require clinical validation.	Association testing using genetic markers from the structured WeGene catalog related to Trifunctional Protein Deficiency (TFP).	No clinical or diagnostic claims can be made. All rsIDs are externally unvalidated. This is a sensitive trait requiring clinical, regulatory, and ethical review before any reporting.	3	rs121913131;rs121913133;rs121913134	HADHA;HADHB	no	yes	structured_catalog_unvalidated	yes	yes	yes	no	yes	high	C	no	Sensitive trait (disease risk, pharmacogenomics, carrier status, reproductive genetics, or substance response). Requires clinical/regulatory review.	clinical, requires professional review	Sensitive trait. Requires clinical, regulatory, and ethical review. Not for direct-to-consumer reporting without professional oversight.	
wg-2235	genetic_disease	Disease Risk (Sensitive)	Troyer Syndrome	Troyer Syndrome	Genetic variants associated with Troyer Syndrome. Disease risk markers require clinical validation.	Association testing using genetic markers from the structured WeGene catalog related to Troyer Syndrome.	No clinical or diagnostic claims can be made. All rsIDs are externally unvalidated. This is a sensitive trait requiring clinical, regulatory, and ethical review before any reporting.	1	rs730882198	SPART	no	yes	structured_catalog_unvalidated	yes	yes	yes	no	yes	high	C	no	Sensitive trait (disease risk, pharmacogenomics, carrier status, reproductive genetics, or substance response). Requires clinical/regulatory review.	clinical, requires professional review	Sensitive trait. Requires clinical, regulatory, and ethical review. Not for direct-to-consumer reporting without professional oversight.	
wg-70	health_risk	Disease Risk (Sensitive)	Type 1 Diabetes (T1D)	Type 1 Diabetes (T1D)	Genetic variants associated with Type 1 Diabetes (T1D). Disease risk markers require clinical validation.	Association testing using genetic markers from the structured WeGene catalog related to Type 1 Diabetes (T1D).	No clinical or diagnostic claims can be made. All rsIDs are externally unvalidated. This is a sensitive trait requiring clinical, regulatory, and ethical review before any reporting.	8	rs725613;rs9273363;rs5498;rs2395185;rs9272346;rs7255613;rs7574865;rs3804100	BRINP1;BSN;C2;CCHCR1;CLEC16A;EFCAB11;FCGR2A;GSTP1;GTF2I;ICAM1;IL12RB2;IL23R;IL7R;INPP4A;KIF1B;MICA;NOS3;NPPA;SLC6A7;SPIB;STAT4;TLR2;TNFAIP3;TNFSF15;TNPO3	no	yes	structured_catalog_unvalidated	yes	yes	yes	no	yes	high	C	no	Sensitive trait (disease risk, pharmacogenomics, carrier status, reproductive genetics, or substance response). Requires clinical/regulatory review.	clinical, requires professional review	Sensitive trait. Requires clinical, regulatory, and ethical review. Not for direct-to-consumer reporting without professional oversight.	
wg-66	health_risk	Disease Risk (Sensitive)	Type 2 Diabetes (T2D)	Type 2 Diabetes (T2D)	Genetic variants associated with Type 2 Diabetes (T2D). Disease risk markers require clinical validation.	Association testing using genetic markers from the structured WeGene catalog related to Type 2 Diabetes (T2D).	No clinical or diagnostic claims can be made. All rsIDs are externally unvalidated. This is a sensitive trait requiring clinical, regulatory, and ethical review before any reporting.	12	rs9465871;rs1801282;rs2943641;rs2295490;rs4506565;rs10012946;rs136634;rs10830963;rs3802177;rs117767867;rs13266634;rs1799884	CYP17A1;FADS1;KCNJ11;MTNR1B;PPARG;SLC30A8;TCF7L2;WFS1	no	yes	structured_catalog_unvalidated	yes	yes	yes	no	yes	high	C	no	Sensitive trait (disease risk, pharmacogenomics, carrier status, reproductive genetics, or substance response). Requires clinical/regulatory review.	clinical, requires professional review	Sensitive trait. Requires clinical, regulatory, and ethical review. Not for direct-to-consumer reporting without professional oversight.	
wg-2045	genetic_disease	Disease Risk (Sensitive)	Tyrosinemia	Tyrosinemia	Genetic variants associated with Tyrosinemia. Disease risk markers require clinical validation.	Association testing using genetic markers from the structured WeGene catalog related to Tyrosinemia.	No clinical or diagnostic claims can be made. All rsIDs are externally unvalidated. This is a sensitive trait requiring clinical, regulatory, and ethical review before any reporting.	3	rs121965075;rs137852867;rs370686447	FAH;HPD;KATNAL	no	yes	structured_catalog_unvalidated	yes	yes	yes	no	yes	high	C	no	Sensitive trait (disease risk, pharmacogenomics, carrier status, reproductive genetics, or substance response). Requires clinical/regulatory review.	clinical, requires professional review	Sensitive trait. Requires clinical, regulatory, and ethical review. Not for direct-to-consumer reporting without professional oversight.	
wg-109	health_risk	Disease Risk (Sensitive)	UPDATE Abdominal Aortic Aneurysm (AAA)	UPDATE Abdominal Aortic Aneurysm (AAA)	Genetic variants associated with UPDATE Abdominal Aortic Aneurysm (AAA). Disease risk markers require clinical validation.	Association testing using genetic markers from the structured WeGene catalog related to UPDATE Abdominal Aortic Aneurysm (AAA).	No clinical or diagnostic claims can be made. All rsIDs are externally unvalidated. This is a sensitive trait requiring clinical, regulatory, and ethical review before any reporting.	7	rs7025486;rs434182;rs2836411;rs12740374;rs7994761;rs10757278;rs11591147	ADTRP;BRAP;CDKN2BAS;DAB1;DAB2IP;ERG;IL1F10;LPA;LPL;NEDD9;NOS3;PALLD;PCSK9;PON1;SCML4;SNX19;THSD7A	no	yes	structured_catalog_unvalidated	yes	yes	yes	no	yes	high	C	no	Sensitive trait (disease risk, pharmacogenomics, carrier status, reproductive genetics, or substance response). Requires clinical/regulatory review.	clinical, requires professional review	Sensitive trait. Requires clinical, regulatory, and ethical review. Not for direct-to-consumer reporting without professional oversight.	
wg-100	health_risk	Disease Risk (Sensitive)	UPDATE Ankylosing Spondylitis (AS)	UPDATE Ankylosing Spondylitis (AS)	Genetic variants associated with UPDATE Ankylosing Spondylitis (AS). Disease risk markers require clinical validation.	Association testing using genetic markers from the structured WeGene catalog related to UPDATE Ankylosing Spondylitis (AS).	No clinical or diagnostic claims can be made. All rsIDs are externally unvalidated. This is a sensitive trait requiring clinical, regulatory, and ethical review before any reporting.	7	rs2303138;rs6759298;rs10865331;rs1860545;rs11616188;rs10050860;rs30187	ERAP1;ERAP2;IL23R;LNPEP;TNFRSF1A	no	yes	structured_catalog_unvalidated	yes	yes	yes	no	yes	high	C	no	Sensitive trait (disease risk, pharmacogenomics, carrier status, reproductive genetics, or substance response). Requires clinical/regulatory review.	clinical, requires professional review	Sensitive trait. Requires clinical, regulatory, and ethical review. Not for direct-to-consumer reporting without professional oversight.	
wg-1746	health_risk	Disease Risk (Sensitive)	UPDATE Aortic Dissection	UPDATE Aortic Dissection	Genetic variants associated with UPDATE Aortic Dissection. Disease risk markers require clinical validation.	Association testing using genetic markers from the structured WeGene catalog related to UPDATE Aortic Dissection.	No clinical or diagnostic claims can be made. All rsIDs are externally unvalidated. This is a sensitive trait requiring clinical, regulatory, and ethical review before any reporting.	6	rs9316871;rs1818275;rs2118181;rs2272007;rs11172113;rs10519177	FBN1;LRP1;PLCE1;TCF7L2;ULK4	no	yes	structured_catalog_unvalidated	yes	yes	yes	no	yes	high	C	no	Sensitive trait (disease risk, pharmacogenomics, carrier status, reproductive genetics, or substance response). Requires clinical/regulatory review.	clinical, requires professional review	Sensitive trait. Requires clinical, regulatory, and ethical review. Not for direct-to-consumer reporting without professional oversight.	
wg-101	health_risk	Disease Risk (Sensitive)	UPDATE Atopic Dermatitis	UPDATE Atopic Dermatitis	Genetic variants associated with UPDATE Atopic Dermatitis. Disease risk markers require clinical validation.	Association testing using genetic markers from the structured WeGene catalog related to UPDATE Atopic Dermatitis.	No clinical or diagnostic claims can be made. All rsIDs are externally unvalidated. This is a sensitive trait requiring clinical, regulatory, and ethical review before any reporting.	8	rs2155219;rs12081541;rs12144049;rs10738626;rs10995251;rs848;rs479844;rs7927894	CLEC16A;DCAF1;IL13;JAZF1;LPP;PUS10;RERE;STAT6;ZNF365	no	yes	structured_catalog_unvalidated	yes	yes	yes	no	yes	high	C	no	Sensitive trait (disease risk, pharmacogenomics, carrier status, reproductive genetics, or substance response). Requires clinical/regulatory review.	clinical, requires professional review	Sensitive trait. Requires clinical, regulatory, and ethical review. Not for direct-to-consumer reporting without professional oversight.	
wg-128	health_risk	Disease Risk (Sensitive)	UPDATE Attention Deficit Hyperactivity Disorder (ADHD)	UPDATE Attention Deficit Hyperactivity Disorder (ADHD)	Genetic variants associated with UPDATE Attention Deficit Hyperactivity Disorder (ADHD). Disease risk markers require clinical validation.	Association testing using genetic markers from the structured WeGene catalog related to UPDATE Attention Deficit Hyperactivity Disorder (ADHD).	No clinical or diagnostic claims can be made. All rsIDs are externally unvalidated. This is a sensitive trait requiring clinical, regulatory, and ethical review before any reporting.	6	rs1427829;rs6686722;rs212178;rs1801260;rs2886697;rs11420276	COL19A1;FOXP2;IP6K1;LSM6;PTPRF	no	yes	structured_catalog_unvalidated	yes	yes	yes	no	yes	high	C	no	Sensitive trait (disease risk, pharmacogenomics, carrier status, reproductive genetics, or substance response). Requires clinical/regulatory review.	clinical, requires professional review	Sensitive trait. Requires clinical, regulatory, and ethical review. Not for direct-to-consumer reporting without professional oversight.	
wg-1752	health_risk	Disease Risk (Sensitive)	UPDATE Autoimmune Hepatitis	UPDATE Autoimmune Hepatitis	Genetic variants associated with UPDATE Autoimmune Hepatitis. Disease risk markers require clinical validation.	Association testing using genetic markers from the structured WeGene catalog related to UPDATE Autoimmune Hepatitis.	No clinical or diagnostic claims can be made. All rsIDs are externally unvalidated. This is a sensitive trait requiring clinical, regulatory, and ethical review before any reporting.	6	rs6000782;rs3891175;rs6932730;rs2187668;rs72929257;rs6809477	AHI1;APOL1;BACH2;IFIH1;LPP;MTHFS;MYO9B;PLA2R1;PUS10;RPL3L;SYNPR	no	yes	structured_catalog_unvalidated	yes	yes	yes	no	yes	high	C	no	Sensitive trait (disease risk, pharmacogenomics, carrier status, reproductive genetics, or substance response). Requires clinical/regulatory review.	clinical, requires professional review	Sensitive trait. Requires clinical, regulatory, and ethical review. Not for direct-to-consumer reporting without professional oversight.	
wg-129	health_risk	Disease Risk (Sensitive)	UPDATE Back Pain	UPDATE Back Pain	Genetic variants associated with UPDATE Back Pain. Disease risk markers require clinical validation.	Association testing using genetic markers from the structured WeGene catalog related to UPDATE Back Pain.	No clinical or diagnostic claims can be made. All rsIDs are externally unvalidated. This is a sensitive trait requiring clinical, regulatory, and ethical review before any reporting.	5	rs2073711;rs6651255;rs62004866;rs1934268;rs7833174	CILP;COL11A1;CRLF1;GDF5;GSDMC;KIAA1217;NCAM1;PTPRD;SLC39A8;THBS2	no	yes	structured_catalog_unvalidated	yes	yes	yes	no	yes	high	C	no	Sensitive trait (disease risk, pharmacogenomics, carrier status, reproductive genetics, or substance response). Requires clinical/regulatory review.	clinical, requires professional review	Sensitive trait. Requires clinical, regulatory, and ethical review. Not for direct-to-consumer reporting without professional oversight.	
wg-71	health_risk	Disease Risk (Sensitive)	UPDATE Behçet’s Syndrome	UPDATE Behçet’s Syndrome	Genetic variants associated with UPDATE Behçet’s Syndrome. Disease risk markers require clinical validation.	Association testing using genetic markers from the structured WeGene catalog related to UPDATE Behçet’s Syndrome.	No clinical or diagnostic claims can be made. All rsIDs are externally unvalidated. This is a sensitive trait requiring clinical, regulatory, and ethical review before any reporting.	7	rs1800871;rs9277724;rs9266406;rs6910516;rs79831785;rs1518111;rs1495965	FUT2;IL10;IL1B;MMP9;MTHFR;NLRP3;SELE;TFCP2L1	no	yes	structured_catalog_unvalidated	yes	yes	yes	no	yes	high	C	no	Sensitive trait (disease risk, pharmacogenomics, carrier status, reproductive genetics, or substance response). Requires clinical/regulatory review.	clinical, requires professional review	Sensitive trait. Requires clinical, regulatory, and ethical review. Not for direct-to-consumer reporting without professional oversight.	
wg-96	health_risk	Disease Risk (Sensitive)	UPDATE Bipolar Disorder	UPDATE Bipolar Disorder	Genetic variants associated with UPDATE Bipolar Disorder. Disease risk markers require clinical validation.	Association testing using genetic markers from the structured WeGene catalog related to UPDATE Bipolar Disorder.	No clinical or diagnostic claims can be made. All rsIDs are externally unvalidated. This is a sensitive trait requiring clinical, regulatory, and ethical review before any reporting.	7	rs10994397;rs4713902;rs1012053;rs1375144;rs10937823;rs4027132;rs1064395	ANK3;DGKH;DPP10;FKBP5;SORCS2	no	yes	structured_catalog_unvalidated	yes	yes	yes	no	yes	high	C	no	Sensitive trait (disease risk, pharmacogenomics, carrier status, reproductive genetics, or substance response). Requires clinical/regulatory review.	clinical, requires professional review	Sensitive trait. Requires clinical, regulatory, and ethical review. Not for direct-to-consumer reporting without professional oversight.	
wg-95	health_risk	Disease Risk (Sensitive)	UPDATE Crohn's Disease (CD)	UPDATE Crohn's Disease (CD)	Genetic variants associated with UPDATE Crohn's Disease (CD). Disease risk markers require clinical validation.	Association testing using genetic markers from the structured WeGene catalog related to UPDATE Crohn's Disease (CD).	No clinical or diagnostic claims can be made. All rsIDs are externally unvalidated. This is a sensitive trait requiring clinical, regulatory, and ethical review before any reporting.	10	rs1465788;rs2631367;rs1050152;rs1004819;rs10761659;rs2201841;rs1793004;rs11209026;rs1800972;rs11465788	ATG16L1;BSN;CCHCR1;FCGR2A;IL23R;NOD2;PTPN2	no	yes	structured_catalog_unvalidated	yes	yes	yes	no	yes	high	C	no	Sensitive trait (disease risk, pharmacogenomics, carrier status, reproductive genetics, or substance response). Requires clinical/regulatory review.	clinical, requires professional review	Sensitive trait. Requires clinical, regulatory, and ethical review. Not for direct-to-consumer reporting without professional oversight.	
wg-1555	health_risk	Disease Risk (Sensitive)	UPDATE Diverticulosis	UPDATE Diverticulosis	Genetic variants associated with UPDATE Diverticulosis. Disease risk markers require clinical validation.	Association testing using genetic markers from the structured WeGene catalog related to UPDATE Diverticulosis.	No clinical or diagnostic claims can be made. All rsIDs are externally unvalidated. This is a sensitive trait requiring clinical, regulatory, and ethical review before any reporting.	7	rs9482094;rs875107;rs3732760;rs2131755;rs4662344;rs101203333;rs10173528	BABAM2;BMPR1B;CACNB2;ELN;TRPS1	no	yes	structured_catalog_unvalidated	yes	yes	yes	no	yes	high	C	no	Sensitive trait (disease risk, pharmacogenomics, carrier status, reproductive genetics, or substance response). Requires clinical/regulatory review.	clinical, requires professional review	Sensitive trait. Requires clinical, regulatory, and ethical review. Not for direct-to-consumer reporting without professional oversight.	
wg-103	health_risk	Disease Risk (Sensitive)	UPDATE Dupuytren's Disease	UPDATE Dupuytren's Disease	Genetic variants associated with UPDATE Dupuytren's Disease. Disease risk markers require clinical validation.	Association testing using genetic markers from the structured WeGene catalog related to UPDATE Dupuytren's Disease.	No clinical or diagnostic claims can be made. All rsIDs are externally unvalidated. This is a sensitive trait requiring clinical, regulatory, and ethical review before any reporting.	7	rs7291412;rs9626908;rs6519955;rs2162353;rs611744;rs16879765;rs4730775	EPDR1;ITGA11;MMP14;NEDD4;WNT2	no	yes	structured_catalog_unvalidated	yes	yes	yes	no	yes	high	C	no	Sensitive trait (disease risk, pharmacogenomics, carrier status, reproductive genetics, or substance response). Requires clinical/regulatory review.	clinical, requires professional review	Sensitive trait. Requires clinical, regulatory, and ethical review. Not for direct-to-consumer reporting without professional oversight.	
wg-1748	health_risk	Disease Risk (Sensitive)	UPDATE Epilepsy	UPDATE Epilepsy	Genetic variants associated with UPDATE Epilepsy. Disease risk markers require clinical validation.	Association testing using genetic markers from the structured WeGene catalog related to UPDATE Epilepsy.	No clinical or diagnostic claims can be made. All rsIDs are externally unvalidated. This is a sensitive trait requiring clinical, regulatory, and ethical review before any reporting.	6	rs1939012;rs10496964;rs12059546;rs2292096;rs11066015;rs6732655	CAMSAP2;MMP8;SCN1A	no	yes	structured_catalog_unvalidated	yes	yes	yes	no	yes	high	C	no	Sensitive trait (disease risk, pharmacogenomics, carrier status, reproductive genetics, or substance response). Requires clinical/regulatory review.	clinical, requires professional review	Sensitive trait. Requires clinical, regulatory, and ethical review. Not for direct-to-consumer reporting without professional oversight.	
wg-67	health_risk	Disease Risk (Sensitive)	UPDATE Exfoliative Glaucoma	UPDATE Exfoliative Glaucoma	Genetic variants associated with UPDATE Exfoliative Glaucoma. Disease risk markers require clinical validation.	Association testing using genetic markers from the structured WeGene catalog related to UPDATE Exfoliative Glaucoma.	No clinical or diagnostic claims can be made. All rsIDs are externally unvalidated. This is a sensitive trait requiring clinical, regulatory, and ethical review before any reporting.	3	rs4926244;rs3825942;rs2107856	CACNA1A;CNTNAP2;LOXL1	no	yes	structured_catalog_unvalidated	yes	yes	yes	no	yes	high	C	no	Sensitive trait (disease risk, pharmacogenomics, carrier status, reproductive genetics, or substance response). Requires clinical/regulatory review.	clinical, requires professional review	Sensitive trait. Requires clinical, regulatory, and ethical review. Not for direct-to-consumer reporting without professional oversight.	
wg-92	health_risk	Disease Risk (Sensitive)	UPDATE Gallstones	UPDATE Gallstones	Genetic variants associated with UPDATE Gallstones. Disease risk markers require clinical validation.	Association testing using genetic markers from the structured WeGene catalog related to UPDATE Gallstones.	No clinical or diagnostic claims can be made. All rsIDs are externally unvalidated. This is a sensitive trait requiring clinical, regulatory, and ethical review before any reporting.	8	rs1260326;rs708686;rs601338;rs10426201;rs9843304;rs6742078;rs9514089;rs11887534	ABCG8;AGTR1;APOE;FUT2;GCKR;PPARGC1A;SLC10A2;UGT1A1;ZPR1	no	yes	structured_catalog_unvalidated	yes	yes	yes	no	yes	high	C	no	Sensitive trait (disease risk, pharmacogenomics, carrier status, reproductive genetics, or substance response). Requires clinical/regulatory review.	clinical, requires professional review	Sensitive trait. Requires clinical, regulatory, and ethical review. Not for direct-to-consumer reporting without professional oversight.	
wg-88	health_risk	Disease Risk (Sensitive)	UPDATE Gout	UPDATE Gout	Genetic variants associated with UPDATE Gout. Disease risk markers require clinical validation.	Association testing using genetic markers from the structured WeGene catalog related to UPDATE Gout.	No clinical or diagnostic claims can be made. All rsIDs are externally unvalidated. This is a sensitive trait requiring clinical, regulatory, and ethical review before any reporting.	8	rs1871744;rs11733284;rs6449137;rs1014290;rs2231142;rs1165205;rs12498742;rs16890979	ALDH16A1;LRP2;SLC17A3;SLC2A9	no	yes	structured_catalog_unvalidated	yes	yes	yes	no	yes	high	C	no	Sensitive trait (disease risk, pharmacogenomics, carrier status, reproductive genetics, or substance response). Requires clinical/regulatory review.	clinical, requires professional review	Sensitive trait. Requires clinical, regulatory, and ethical review. Not for direct-to-consumer reporting without professional oversight.	
wg-133	health_risk	Disease Risk (Sensitive)	UPDATE Hashimoto's Thyroiditis	UPDATE Hashimoto's Thyroiditis	Genetic variants associated with UPDATE Hashimoto's Thyroiditis. Disease risk markers require clinical validation.	Association testing using genetic markers from the structured WeGene catalog related to UPDATE Hashimoto's Thyroiditis.	No clinical or diagnostic claims can be made. All rsIDs are externally unvalidated. This is a sensitive trait requiring clinical, regulatory, and ethical review before any reporting.	8	rs5912838;rs11729526;rs1521;rs7137828;rs9271365;rs2476601;rs1265883;rs1024161	ACOXL;AIRE;BACH2;CEP128;CLEC16A;CTLA4;FAM227B;IL13;IL2RA;JAK1;PTPN22;RASGRP1;SH2B3;SLAMF6;SLC1A2;STAT4;TLR3;UBASH3A;VAV3	no	yes	structured_catalog_unvalidated	yes	yes	yes	no	yes	high	C	no	Sensitive trait (disease risk, pharmacogenomics, carrier status, reproductive genetics, or substance response). Requires clinical/regulatory review.	clinical, requires professional review	Sensitive trait. Requires clinical, regulatory, and ethical review. Not for direct-to-consumer reporting without professional oversight.	
wg-104	health_risk	Disease Risk (Sensitive)	UPDATE Hypertension	UPDATE Hypertension	Genetic variants associated with UPDATE Hypertension. Disease risk markers require clinical validation.	Association testing using genetic markers from the structured WeGene catalog related to UPDATE Hypertension.	No clinical or diagnostic claims can be made. All rsIDs are externally unvalidated. This is a sensitive trait requiring clinical, regulatory, and ethical review before any reporting.	7	rs11634851;rs891511;rs4961;rs3821845;rs4980379;rs3754777;rs28394055	ADD1;CACNB2;CYP11B2;MTHFR;NOS3	no	yes	structured_catalog_unvalidated	yes	yes	yes	no	yes	high	C	no	Sensitive trait (disease risk, pharmacogenomics, carrier status, reproductive genetics, or substance response). Requires clinical/regulatory review.	clinical, requires professional review	Sensitive trait. Requires clinical, regulatory, and ethical review. Not for direct-to-consumer reporting without professional oversight.	
wg-106	health_risk	Disease Risk (Sensitive)	UPDATE Hypothyroidism	UPDATE Hypothyroidism	Genetic variants associated with UPDATE Hypothyroidism. Disease risk markers require clinical validation.	Association testing using genetic markers from the structured WeGene catalog related to UPDATE Hypothyroidism.	No clinical or diagnostic claims can be made. All rsIDs are externally unvalidated. This is a sensitive trait requiring clinical, regulatory, and ethical review before any reporting.	7	rs9472137;rs9271365;rs3184504;rs2517532;rs7754251;rs6583048;rs2476601	CEP128;CTLA4;FAM227B;IL2RA;JAK1;PTPN22;RASGRP1;SH2B3;SLAMF6;SLC1A2;STAT4;TLR3;VAV3	no	yes	structured_catalog_unvalidated	yes	yes	yes	no	yes	high	C	no	Sensitive trait (disease risk, pharmacogenomics, carrier status, reproductive genetics, or substance response). Requires clinical/regulatory review.	clinical, requires professional review	Sensitive trait. Requires clinical, regulatory, and ethical review. Not for direct-to-consumer reporting without professional oversight.	
wg-58	health_risk	Disease Risk (Sensitive)	UPDATE Keloid	UPDATE Keloid	Genetic variants associated with UPDATE Keloid. Disease risk markers require clinical validation.	Association testing using genetic markers from the structured WeGene catalog related to UPDATE Keloid.	No clinical or diagnostic claims can be made. All rsIDs are externally unvalidated. This is a sensitive trait requiring clinical, regulatory, and ethical review before any reporting.	7	rs7297246;rs873549;rs13051336;rs8032158;rs244755;rs940187;rs12568930	APOL1;BPESC1;CASC18;MTHFS;NEDD4;PHLDA3;PLA2R1;RPL3L	no	yes	structured_catalog_unvalidated	yes	yes	yes	no	yes	high	C	no	Sensitive trait (disease risk, pharmacogenomics, carrier status, reproductive genetics, or substance response). Requires clinical/regulatory review.	clinical, requires professional review	Sensitive trait. Requires clinical, regulatory, and ethical review. Not for direct-to-consumer reporting without professional oversight.	
wg-59	health_risk	Disease Risk (Sensitive)	UPDATE Kidney Diseases	UPDATE Kidney Diseases	Genetic variants associated with UPDATE Kidney Diseases. Disease risk markers require clinical validation.	Association testing using genetic markers from the structured WeGene catalog related to UPDATE Kidney Diseases.	No clinical or diagnostic claims can be made. All rsIDs are externally unvalidated. This is a sensitive trait requiring clinical, regulatory, and ethical review before any reporting.	6	rs2187668;rs3782886;rs3115665;rs873549;rs4664308;rs6495446	ADTRP;AHI1;APOL1;BACH2;BPESC1;BRAP;CASC18;CDKN2BAS;DAB1;IFIH1;LPP;MTHFS;MYO9B;NEDD4;PALLD;PHLDA3;PLA2R1;PON1;PUS10;RPL3L;SCML4;SNX19;SYNPR;THSD7A	no	yes	structured_catalog_unvalidated	yes	yes	yes	no	yes	high	C	no	Sensitive trait (disease risk, pharmacogenomics, carrier status, reproductive genetics, or substance response). Requires clinical/regulatory review.	clinical, requires professional review	Sensitive trait. Requires clinical, regulatory, and ethical review. Not for direct-to-consumer reporting without professional oversight.	
wg-1649	health_risk	Disease Risk (Sensitive)	UPDATE Laryngocarcinoma	UPDATE Laryngocarcinoma	Genetic variants associated with UPDATE Laryngocarcinoma. Disease risk markers require clinical validation.	Association testing using genetic markers from the structured WeGene catalog related to UPDATE Laryngocarcinoma.	No clinical or diagnostic claims can be made. All rsIDs are externally unvalidated. This is a sensitive trait requiring clinical, regulatory, and ethical review before any reporting.	5	rs1056836;rs1056827;rs4975616;rs10774632;rs10419397	BRCA2;CYP1B1;FGFR4;FYCO1;PCAT19;TIMM23B	no	yes	structured_catalog_unvalidated	yes	yes	yes	no	yes	high	C	no	Sensitive trait (disease risk, pharmacogenomics, carrier status, reproductive genetics, or substance response). Requires clinical/regulatory review.	clinical, requires professional review	Sensitive trait. Requires clinical, regulatory, and ethical review. Not for direct-to-consumer reporting without professional oversight.	
wg-1646	health_risk	Disease Risk (Sensitive)	UPDATE Liver Cancer	UPDATE Liver Cancer	Genetic variants associated with UPDATE Liver Cancer. Disease risk markers require clinical validation.	Association testing using genetic markers from the structured WeGene catalog related to UPDATE Liver Cancer.	No clinical or diagnostic claims can be made. All rsIDs are externally unvalidated. This is a sensitive trait requiring clinical, regulatory, and ethical review before any reporting.	9	rs2294922;rs3794991;rs58542926;rs9267673;rs12100561;rs10401969;rs7574865;rs9275319;rs17401966	AGTR1;ALDH2;APOE;C2;EFCAB11;GTF2I;HMBS;ICAM1;IL12RB2;KIF1B;MICA;NOS3;PNPLA3;PPARGC1A;SERPINA1;SPIB;STAT4;TLR2;TM6SF2;TNFAIP3;TNFSF15;TNPO3	no	yes	structured_catalog_unvalidated	yes	yes	yes	no	yes	high	C	no	Sensitive trait (disease risk, pharmacogenomics, carrier status, reproductive genetics, or substance response). Requires clinical/regulatory review.	clinical, requires professional review	Sensitive trait. Requires clinical, regulatory, and ethical review. Not for direct-to-consumer reporting without professional oversight.	
wg-1650	health_risk	Disease Risk (Sensitive)	UPDATE Lumbar Disc Herniation	UPDATE Lumbar Disc Herniation	Genetic variants associated with UPDATE Lumbar Disc Herniation. Disease risk markers require clinical validation.	Association testing using genetic markers from the structured WeGene catalog related to UPDATE Lumbar Disc Herniation.	No clinical or diagnostic claims can be made. All rsIDs are externally unvalidated. This is a sensitive trait requiring clinical, regulatory, and ethical review before any reporting.	5	rs1676486;rs9406328;rs9450607;rs6651255;rs143383	BTNL2;CILP;COG5;COL11A1;CRLF1;GDF5;GSDMC;IL1B;KIAA1217;MCF2L;NCAM1;PTPRD;SLC39A8;THBS2	no	yes	structured_catalog_unvalidated	yes	yes	yes	no	yes	high	C	no	Sensitive trait (disease risk, pharmacogenomics, carrier status, reproductive genetics, or substance response). Requires clinical/regulatory review.	clinical, requires professional review	Sensitive trait. Requires clinical, regulatory, and ethical review. Not for direct-to-consumer reporting without professional oversight.	
wg-91	health_risk	Disease Risk (Sensitive)	UPDATE Lung Cancer	UPDATE Lung Cancer	Genetic variants associated with UPDATE Lung Cancer. Disease risk markers require clinical validation.	Association testing using genetic markers from the structured WeGene catalog related to UPDATE Lung Cancer.	No clinical or diagnostic claims can be made. All rsIDs are externally unvalidated. This is a sensitive trait requiring clinical, regulatory, and ethical review before any reporting.	8	rs4268071;rs763317;rs17576;rs2464196;rs664143;rs2352028;rs2293347;rs11614913	ADAM33;AQP5;EGFR;GPC5;HNF1A;MMP9;MPO;TGFB1	no	yes	structured_catalog_unvalidated	yes	yes	yes	no	yes	high	C	no	Sensitive trait (disease risk, pharmacogenomics, carrier status, reproductive genetics, or substance response). Requires clinical/regulatory review.	clinical, requires professional review	Sensitive trait. Requires clinical, regulatory, and ethical review. Not for direct-to-consumer reporting without professional oversight.	
wg-114	health_risk	Disease Risk (Sensitive)	UPDATE Narcolepsy	UPDATE Narcolepsy	Genetic variants associated with UPDATE Narcolepsy. Disease risk markers require clinical validation.	Association testing using genetic markers from the structured WeGene catalog related to UPDATE Narcolepsy.	No clinical or diagnostic claims can be made. All rsIDs are externally unvalidated. This is a sensitive trait requiring clinical, regulatory, and ethical review before any reporting.	6	rs198811;rs1154155;rs2305795;rs3815556;rs34593439;rs7553711	CD207;P2RY11;ZNF365	no	yes	structured_catalog_unvalidated	yes	yes	yes	no	yes	high	C	no	Sensitive trait (disease risk, pharmacogenomics, carrier status, reproductive genetics, or substance response). Requires clinical/regulatory review.	clinical, requires professional review	Sensitive trait. Requires clinical, regulatory, and ethical review. Not for direct-to-consumer reporting without professional oversight.	
wg-63	health_risk	Disease Risk (Sensitive)	UPDATE Nasopharyngeal Carcinoma	UPDATE Nasopharyngeal Carcinoma	Genetic variants associated with UPDATE Nasopharyngeal Carcinoma. Disease risk markers require clinical validation.	Association testing using genetic markers from the structured WeGene catalog related to UPDATE Nasopharyngeal Carcinoma.	No clinical or diagnostic claims can be made. All rsIDs are externally unvalidated. This is a sensitive trait requiring clinical, regulatory, and ethical review before any reporting.	9	rs9260734;rs2844484;rs1611163;rs2894207;rs29232;rs9510787;rs31489;rs9268644;rs1412829	CLPTM1L;GABBR1;TNFRSF19	no	yes	structured_catalog_unvalidated	yes	yes	yes	no	yes	high	C	no	Sensitive trait (disease risk, pharmacogenomics, carrier status, reproductive genetics, or substance response). Requires clinical/regulatory review.	clinical, requires professional review	Sensitive trait. Requires clinical, regulatory, and ethical review. Not for direct-to-consumer reporting without professional oversight.	
wg-85	health_risk	Disease Risk (Sensitive)	UPDATE Obsessive-Compulsive Disorder (OCD)	UPDATE Obsessive-Compulsive Disorder (OCD)	Genetic variants associated with UPDATE Obsessive-Compulsive Disorder (OCD). Disease risk markers require clinical validation.	Association testing using genetic markers from the structured WeGene catalog related to UPDATE Obsessive-Compulsive Disorder (OCD).	No clinical or diagnostic claims can be made. All rsIDs are externally unvalidated. This is a sensitive trait requiring clinical, regulatory, and ethical review before any reporting.	5	rs4904738;rs4565946;rs25531;rs7856850;rs4702	FURIN;LSAMP;PTPRD;SLC6A4;TPH2	no	yes	structured_catalog_unvalidated	yes	yes	yes	no	yes	high	C	no	Sensitive trait (disease risk, pharmacogenomics, carrier status, reproductive genetics, or substance response). Requires clinical/regulatory review.	clinical, requires professional review	Sensitive trait. Requires clinical, regulatory, and ethical review. Not for direct-to-consumer reporting without professional oversight.	
wg-1765	health_risk	Disease Risk (Sensitive)	UPDATE Obstructive Sleep Apnea	UPDATE Obstructive Sleep Apnea	Genetic variants associated with UPDATE Obstructive Sleep Apnea. Disease risk markers require clinical validation.	Association testing using genetic markers from the structured WeGene catalog related to UPDATE Obstructive Sleep Apnea.	No clinical or diagnostic claims can be made. All rsIDs are externally unvalidated. This is a sensitive trait requiring clinical, regulatory, and ethical review before any reporting.	7	rs11588454;rs12415421;rs6455893;rs2808630;rs2975100;rs10097555;rs9526240	GDNF;HTR2A;MACF1;NRG1	no	yes	structured_catalog_unvalidated	yes	yes	yes	no	yes	high	C	no	Sensitive trait (disease risk, pharmacogenomics, carrier status, reproductive genetics, or substance response). Requires clinical/regulatory review.	clinical, requires professional review	Sensitive trait. Requires clinical, regulatory, and ethical review. Not for direct-to-consumer reporting without professional oversight.	
wg-1648	health_risk	Disease Risk (Sensitive)	UPDATE Oral Cancer	UPDATE Oral Cancer	Genetic variants associated with UPDATE Oral Cancer. Disease risk markers require clinical validation.	Association testing using genetic markers from the structured WeGene catalog related to UPDATE Oral Cancer.	No clinical or diagnostic claims can be made. All rsIDs are externally unvalidated. This is a sensitive trait requiring clinical, regulatory, and ethical review before any reporting.	7	rs401775;rs5953210;rs2517452;rs3846449;rs928674;rs8181047;rs6547741	CLPTM1L;MAOA;TNXB	no	yes	structured_catalog_unvalidated	yes	yes	yes	no	yes	high	C	no	Sensitive trait (disease risk, pharmacogenomics, carrier status, reproductive genetics, or substance response). Requires clinical/regulatory review.	clinical, requires professional review	Sensitive trait. Requires clinical, regulatory, and ethical review. Not for direct-to-consumer reporting without professional oversight.	
wg-1485	health_risk	Disease Risk (Sensitive)	UPDATE Otosclerosis	UPDATE Otosclerosis	Genetic variants associated with UPDATE Otosclerosis. Disease risk markers require clinical validation.	Association testing using genetic markers from the structured WeGene catalog related to UPDATE Otosclerosis.	No clinical or diagnostic claims can be made. All rsIDs are externally unvalidated. This is a sensitive trait requiring clinical, regulatory, and ethical review before any reporting.	7	rs39375;rs2118612;rs80339979;rs553652;rs10592836;rs791903;rs4877080	AHSG;RELN;SUPT3H	no	yes	structured_catalog_unvalidated	yes	yes	yes	no	yes	high	C	no	Sensitive trait (disease risk, pharmacogenomics, carrier status, reproductive genetics, or substance response). Requires clinical/regulatory review.	clinical, requires professional review	Sensitive trait. Requires clinical, regulatory, and ethical review. Not for direct-to-consumer reporting without professional oversight.	
wg-80	health_risk	Disease Risk (Sensitive)	UPDATE Peripheral Artery Disease (PAD)	UPDATE Peripheral Artery Disease (PAD)	Genetic variants associated with UPDATE Peripheral Artery Disease (PAD). Disease risk markers require clinical validation.	Association testing using genetic markers from the structured WeGene catalog related to UPDATE Peripheral Artery Disease (PAD).	No clinical or diagnostic claims can be made. All rsIDs are externally unvalidated. This is a sensitive trait requiring clinical, regulatory, and ethical review before any reporting.	7	rs62084752;rs7452960;rs1051730;rs1317286;rs505922;rs6025;rs322	ABO;ATM;CHRNA3;CHRNA4;CHRNA5;CNR1;DRD2;F2;F5;F9;GRP;HNF1B;HNF4G;LPL;NOC2L;NR5A2;OPRM1;PROCR;PTPN11	no	yes	structured_catalog_unvalidated	yes	yes	yes	no	yes	high	C	no	Sensitive trait (disease risk, pharmacogenomics, carrier status, reproductive genetics, or substance response). Requires clinical/regulatory review.	clinical, requires professional review	Sensitive trait. Requires clinical, regulatory, and ethical review. Not for direct-to-consumer reporting without professional oversight.	
wg-1770	health_risk	Disease Risk (Sensitive)	UPDATE Post-Traumatic Stress Disorder (PTSD)	UPDATE Post-Traumatic Stress Disorder (PTSD)	Genetic variants associated with UPDATE Post-Traumatic Stress Disorder (PTSD). Disease risk markers require clinical validation.	Association testing using genetic markers from the structured WeGene catalog related to UPDATE Post-Traumatic Stress Disorder (PTSD).	No clinical or diagnostic claims can be made. All rsIDs are externally unvalidated. This is a sensitive trait requiring clinical, regulatory, and ethical review before any reporting.	5	rs34517852;rs386231;rs3800872;rs1033962;rs34465541	FOXP2;NOS1AP;PRTFDC1	no	yes	structured_catalog_unvalidated	yes	yes	yes	no	yes	high	C	no	Sensitive trait (disease risk, pharmacogenomics, carrier status, reproductive genetics, or substance response). Requires clinical/regulatory review.	clinical, requires professional review	Sensitive trait. Requires clinical, regulatory, and ethical review. Not for direct-to-consumer reporting without professional oversight.	
wg-1749	health_risk	Disease Risk (Sensitive)	UPDATE Primary Adrenal Insufficiency	UPDATE Primary Adrenal Insufficiency	Genetic variants associated with UPDATE Primary Adrenal Insufficiency. Disease risk markers require clinical validation.	Association testing using genetic markers from the structured WeGene catalog related to UPDATE Primary Adrenal Insufficiency.	No clinical or diagnostic claims can be made. All rsIDs are externally unvalidated. This is a sensitive trait requiring clinical, regulatory, and ethical review before any reporting.	7	rs10806425;rs2075876;rs7137828;rs11571303;rs7565213;rs11203203;rs3757247	AIRE;BACH2;CTLA4;IL2RA;LPP;PTPN22;RNASET2;SLAMF6;SMOC2;STAT4;TLR3;TYR;UBASH3A	no	yes	structured_catalog_unvalidated	yes	yes	yes	no	yes	high	C	no	Sensitive trait (disease risk, pharmacogenomics, carrier status, reproductive genetics, or substance response). Requires clinical/regulatory review.	clinical, requires professional review	Sensitive trait. Requires clinical, regulatory, and ethical review. Not for direct-to-consumer reporting without professional oversight.	
wg-1751	health_risk	Disease Risk (Sensitive)	UPDATE Primary Sclerosing Cholangitis (PSC)	UPDATE Primary Sclerosing Cholangitis (PSC)	Genetic variants associated with UPDATE Primary Sclerosing Cholangitis (PSC). Disease risk markers require clinical validation.	Association testing using genetic markers from the structured WeGene catalog related to UPDATE Primary Sclerosing Cholangitis (PSC).	No clinical or diagnostic claims can be made. All rsIDs are externally unvalidated. This is a sensitive trait requiring clinical, regulatory, and ethical review before any reporting.	6	rs3749171;rs3197999;rs602662;rs3748816;rs4077515;rs4676410	BCL2L11;FUT2;GPR35;MST1	no	yes	structured_catalog_unvalidated	yes	yes	yes	no	yes	high	C	no	Sensitive trait (disease risk, pharmacogenomics, carrier status, reproductive genetics, or substance response). Requires clinical/regulatory review.	clinical, requires professional review	Sensitive trait. Requires clinical, regulatory, and ethical review. Not for direct-to-consumer reporting without professional oversight.	
wg-108	health_risk	Disease Risk (Sensitive)	UPDATE Progressive Supranuclear Palsy (PSP)	UPDATE Progressive Supranuclear Palsy (PSP)	Genetic variants associated with UPDATE Progressive Supranuclear Palsy (PSP). Disease risk markers require clinical validation.	Association testing using genetic markers from the structured WeGene catalog related to UPDATE Progressive Supranuclear Palsy (PSP).	No clinical or diagnostic claims can be made. All rsIDs are externally unvalidated. This is a sensitive trait requiring clinical, regulatory, and ethical review before any reporting.	6	rs6687758;rs242557;rs12197948;rs1411478;rs631312;rs9468	MAPT;SLCO1A2;STX6	no	yes	structured_catalog_unvalidated	yes	yes	yes	no	yes	high	C	no	Sensitive trait (disease risk, pharmacogenomics, carrier status, reproductive genetics, or substance response). Requires clinical/regulatory review.	clinical, requires professional review	Sensitive trait. Requires clinical, regulatory, and ethical review. Not for direct-to-consumer reporting without professional oversight.	
wg-90	health_risk	Disease Risk (Sensitive)	UPDATE Psoriasis	UPDATE Psoriasis	Genetic variants associated with UPDATE Psoriasis. Disease risk markers require clinical validation.	Association testing using genetic markers from the structured WeGene catalog related to UPDATE Psoriasis.	No clinical or diagnostic claims can be made. All rsIDs are externally unvalidated. This is a sensitive trait requiring clinical, regulatory, and ethical review before any reporting.	7	rs492602;rs1265181;rs10484554;rs12650590;rs1576;rs3212227;rs2395029	ADH1B;ERAP1;HCP5;IL12B;IL23R;SLC6A3;TYK2	no	yes	structured_catalog_unvalidated	yes	yes	yes	no	yes	high	C	no	Sensitive trait (disease risk, pharmacogenomics, carrier status, reproductive genetics, or substance response). Requires clinical/regulatory review.	clinical, requires professional review	Sensitive trait. Requires clinical, regulatory, and ethical review. Not for direct-to-consumer reporting without professional oversight.	
wg-75	health_risk	Disease Risk (Sensitive)	UPDATE Renal Calculi	UPDATE Renal Calculi	Genetic variants associated with UPDATE Renal Calculi. Disease risk markers require clinical validation.	Association testing using genetic markers from the structured WeGene catalog related to UPDATE Renal Calculi.	No clinical or diagnostic claims can be made. All rsIDs are externally unvalidated. This is a sensitive trait requiring clinical, regulatory, and ethical review before any reporting.	8	rs670676;rs17216707;rs1256328;rs7627468;rs729761;rs11746443;rs1000597;rs4142110	ALPL;CLDN14;DGKH;RGS14;UMOD	no	yes	structured_catalog_unvalidated	yes	yes	yes	no	yes	high	C	no	Sensitive trait (disease risk, pharmacogenomics, carrier status, reproductive genetics, or substance response). Requires clinical/regulatory review.	clinical, requires professional review	Sensitive trait. Requires clinical, regulatory, and ethical review. Not for direct-to-consumer reporting without professional oversight.	
wg-46	health_risk	Disease Risk (Sensitive)	UPDATE Restless Leg Syndrome (RLS)	UPDATE Restless Leg Syndrome (RLS)	Genetic variants associated with UPDATE Restless Leg Syndrome (RLS). Disease risk markers require clinical validation.	Association testing using genetic markers from the structured WeGene catalog related to UPDATE Restless Leg Syndrome (RLS).	No clinical or diagnostic claims can be made. All rsIDs are externally unvalidated. This is a sensitive trait requiring clinical, regulatory, and ethical review before any reporting.	6	rs1389581;rs3923809;rs1975197;rs1848460;rs45544231;rs80319144	BTBD9;CITED1;PTPRD	no	yes	structured_catalog_unvalidated	yes	yes	yes	no	yes	high	C	no	Sensitive trait (disease risk, pharmacogenomics, carrier status, reproductive genetics, or substance response). Requires clinical/regulatory review.	clinical, requires professional review	Sensitive trait. Requires clinical, regulatory, and ethical review. Not for direct-to-consumer reporting without professional oversight.	
wg-117	health_risk	Disease Risk (Sensitive)	UPDATE Sarcoidosis	UPDATE Sarcoidosis	Genetic variants associated with UPDATE Sarcoidosis. Disease risk markers require clinical validation.	Association testing using genetic markers from the structured WeGene catalog related to UPDATE Sarcoidosis.	No clinical or diagnostic claims can be made. All rsIDs are externally unvalidated. This is a sensitive trait requiring clinical, regulatory, and ethical review before any reporting.	8	rs2076530;rs3129888;rs9269233;rs9271346;rs35656642;rs1049550;rs2302006;rs112463197	ANXA11;BRD2;BTNL2;CCL24	no	yes	structured_catalog_unvalidated	yes	yes	yes	no	yes	high	C	no	Sensitive trait (disease risk, pharmacogenomics, carrier status, reproductive genetics, or substance response). Requires clinical/regulatory review.	clinical, requires professional review	Sensitive trait. Requires clinical, regulatory, and ethical review. Not for direct-to-consumer reporting without professional oversight.	
wg-51	health_risk	Disease Risk (Sensitive)	UPDATE Scleroderma	UPDATE Scleroderma	Genetic variants associated with UPDATE Scleroderma. Disease risk markers require clinical validation.	Association testing using genetic markers from the structured WeGene catalog related to UPDATE Scleroderma.	No clinical or diagnostic claims can be made. All rsIDs are externally unvalidated. This is a sensitive trait requiring clinical, regulatory, and ethical review before any reporting.	8	rs2056626;rs1044507;rs3821236;rs2651804;rs11117420;rs443198;rs35677470;rs230534	DNASE1L3;NFKB1;NOTCH4;STAT4	no	yes	structured_catalog_unvalidated	yes	yes	yes	no	yes	high	C	no	Sensitive trait (disease risk, pharmacogenomics, carrier status, reproductive genetics, or substance response). Requires clinical/regulatory review.	clinical, requires professional review	Sensitive trait. Requires clinical, regulatory, and ethical review. Not for direct-to-consumer reporting without professional oversight.	
wg-120	health_risk	Disease Risk (Sensitive)	UPDATE Selective IgA Deficiency	UPDATE Selective IgA Deficiency	Genetic variants associated with UPDATE Selective IgA Deficiency. Disease risk markers require clinical validation.	Association testing using genetic markers from the structured WeGene catalog related to UPDATE Selective IgA Deficiency.	No clinical or diagnostic claims can be made. All rsIDs are externally unvalidated. This is a sensitive trait requiring clinical, regulatory, and ethical review before any reporting.	6	rs9831894;rs34443974;rs7773987;rs1990760;rs2187668;rs9271366	AHI1;APOL1;BACH2;BSN;CCHCR1;FCGR2A;IFIH1;IL23R;LPP;MTHFS;MYO9B;PLA2R1;PUS10;RPL3L;SYNPR	no	yes	structured_catalog_unvalidated	yes	yes	yes	no	yes	high	C	no	Sensitive trait (disease risk, pharmacogenomics, carrier status, reproductive genetics, or substance response). Requires clinical/regulatory review.	clinical, requires professional review	Sensitive trait. Requires clinical, regulatory, and ethical review. Not for direct-to-consumer reporting without professional oversight.	
wg-65	health_risk	Disease Risk (Sensitive)	UPDATE Sjögren's Syndrome	UPDATE Sjögren's Syndrome	Genetic variants associated with UPDATE Sjögren's Syndrome. Disease risk markers require clinical validation.	Association testing using genetic markers from the structured WeGene catalog related to UPDATE Sjögren's Syndrome.	No clinical or diagnostic claims can be made. All rsIDs are externally unvalidated. This is a sensitive trait requiring clinical, regulatory, and ethical review before any reporting.	9	rs2069235;rs3757387;rs6579837;rs4282438;rs583911;rs10488631;rs7574865;rs117026326;rs2488457	C2;EFCAB11;GTF2I;ICAM1;IL12RB2;ITGAM;KIF1B;MICA;NOS3;SPIB;STAT4;TLR2;TNFAIP3;TNFSF15;TNPO3;TYK2	no	yes	structured_catalog_unvalidated	yes	yes	yes	no	yes	high	C	no	Sensitive trait (disease risk, pharmacogenomics, carrier status, reproductive genetics, or substance response). Requires clinical/regulatory review.	clinical, requires professional review	Sensitive trait. Requires clinical, regulatory, and ethical review. Not for direct-to-consumer reporting without professional oversight.	
wg-121	health_risk	Disease Risk (Sensitive)	UPDATE Stroke	UPDATE Stroke	Genetic variants associated with UPDATE Stroke. Disease risk markers require clinical validation.	Association testing using genetic markers from the structured WeGene catalog related to UPDATE Stroke.	No clinical or diagnostic claims can be made. All rsIDs are externally unvalidated. This is a sensitive trait requiring clinical, regulatory, and ethical review before any reporting.	7	rs6891174;rs12932445;rs2943634;rs966221;rs12425791;rs3783799;rs2200733	ABCG2;ALOX5AP;CAV1;HAND2;PDE4D;PRKCH;PRRX1;RPL3L;WNT8A	no	yes	structured_catalog_unvalidated	yes	yes	yes	no	yes	high	C	no	Sensitive trait (disease risk, pharmacogenomics, carrier status, reproductive genetics, or substance response). Requires clinical/regulatory review.	clinical, requires professional review	Sensitive trait. Requires clinical, regulatory, and ethical review. Not for direct-to-consumer reporting without professional oversight.	
wg-56	health_risk	Disease Risk (Sensitive)	UPDATE Vitiligo	UPDATE Vitiligo	Genetic variants associated with UPDATE Vitiligo. Disease risk markers require clinical validation.	Association testing using genetic markers from the structured WeGene catalog related to UPDATE Vitiligo.	No clinical or diagnostic claims can be made. All rsIDs are externally unvalidated. This is a sensitive trait requiring clinical, regulatory, and ethical review before any reporting.	11	rs10774624;rs229527;rs2304206;rs12421615;rs12771452;rs11203203;rs13076312;rs13208776;rs1393350;rs2236313;rs9468925	AIRE;BACH2;BNC2;CTLA4;LPP;NCOA6;PTPN22;RNASET2;SMOC2;TYR;UBASH3A	no	yes	structured_catalog_unvalidated	yes	yes	yes	no	yes	high	C	no	Sensitive trait (disease risk, pharmacogenomics, carrier status, reproductive genetics, or substance response). Requires clinical/regulatory review.	clinical, requires professional review	Sensitive trait. Requires clinical, regulatory, and ethical review. Not for direct-to-consumer reporting without professional oversight.	
wg-94	health_risk	Disease Risk (Sensitive)	Ulcerative Colitis	Ulcerative Colitis	Genetic variants associated with Ulcerative Colitis. Disease risk markers require clinical validation.	Association testing using genetic markers from the structured WeGene catalog related to Ulcerative Colitis.	No clinical or diagnostic claims can be made. All rsIDs are externally unvalidated. This is a sensitive trait requiring clinical, regulatory, and ethical review before any reporting.	8	rs9858542;rs16940186;rs9271366;rs1801274;rs4654903;rs10883365;rs11209026;rs2395185	AHI1;ATG16L1;BSN;CCHCR1;CENPU;FCGR2A;ICAM1;IFIH1;IL23R;ITPKC;NOD2;NOS3;PELI1;PTPN2;TLR2	no	yes	structured_catalog_unvalidated	yes	yes	yes	no	yes	high	C	no	Sensitive trait (disease risk, pharmacogenomics, carrier status, reproductive genetics, or substance response). Requires clinical/regulatory review.	clinical, requires professional review	Sensitive trait. Requires clinical, regulatory, and ethical review. Not for direct-to-consumer reporting without professional oversight.	
wg-1573	genetic_disease	Disease Risk (Sensitive)	Usher Syndrome	Usher Syndrome	Genetic variants associated with Usher Syndrome. Disease risk markers require clinical validation.	Association testing using genetic markers from the structured WeGene catalog related to Usher Syndrome.	No clinical or diagnostic claims can be made. All rsIDs are externally unvalidated. This is a sensitive trait requiring clinical, regulatory, and ethical review before any reporting.	6	rs11103;rs80338;rs39812;rs373780305;rs121909762;rs397517436	AGL;ANO5;ARSB;BCKDH;BCKDHA;BCKDHB;BMPR1A;BTD;CDAN1;DBT;DMD;DYSF;FOXI1;G6PC;G6PC1;GAA;GALNS;GBA;GBA1;GBE1;GLB1;GNPTA;GNPTAB;GNPTG;IDS;IDUA;MCOLN;MCOLN1;MSH6;MYO7A;PCDH15;PYGM;SEC23B;SGSH;SLC26A;SLC26A4;SMAD4;USH1C;USH1G;USH2A	no	yes	structured_catalog_unvalidated	yes	yes	yes	no	yes	high	C	no	Sensitive trait (disease risk, pharmacogenomics, carrier status, reproductive genetics, or substance response). Requires clinical/regulatory review.	clinical, requires professional review	Sensitive trait. Requires clinical, regulatory, and ethical review. Not for direct-to-consumer reporting without professional oversight.	
wg-1763	health_risk	Disease Risk (Sensitive)	Vascular Dementia	Vascular Dementia	Genetic variants associated with Vascular Dementia. Disease risk markers require clinical validation.	Association testing using genetic markers from the structured WeGene catalog related to Vascular Dementia.	No clinical or diagnostic claims can be made. All rsIDs are externally unvalidated. This is a sensitive trait requiring clinical, regulatory, and ethical review before any reporting.	5	rs1333049;rs16952362;rs1801133;rs290227;rs429358	ADA;ADAMTS1;ADH1B;ALDH2;APC;APOE;CADM2;CHRNA;COMT;CYP4A1;CYP4A11;FGF21;FUT2;GNAS;IL1B;MMP9;MTHFR;MTRR;NLRP3;PER2;SELE;SYK	no	yes	structured_catalog_unvalidated	yes	yes	yes	no	yes	high	C	no	Sensitive trait (disease risk, pharmacogenomics, carrier status, reproductive genetics, or substance response). Requires clinical/regulatory review.	clinical, requires professional review	Sensitive trait. Requires clinical, regulatory, and ethical review. Not for direct-to-consumer reporting without professional oversight.	
wg-89	health_risk	Disease Risk (Sensitive)	Venous Thromboembolism (VTE)	Venous Thromboembolism (VTE)	Genetic variants associated with Venous Thromboembolism (VTE). Disease risk markers require clinical validation.	Association testing using genetic markers from the structured WeGene catalog related to Venous Thromboembolism (VTE).	No clinical or diagnostic claims can be made. All rsIDs are externally unvalidated. This is a sensitive trait requiring clinical, regulatory, and ethical review before any reporting.	8	rs1799963;rs191945075;rs687289;rs2066864;rs6025;rs6048;rs1799889;rs2227589	CHRNA3;F2;F5;F9;LPL;PROCR;PTPN11	no	yes	structured_catalog_unvalidated	yes	yes	yes	no	yes	high	C	no	Sensitive trait (disease risk, pharmacogenomics, carrier status, reproductive genetics, or substance response). Requires clinical/regulatory review.	clinical, requires professional review	Sensitive trait. Requires clinical, regulatory, and ethical review. Not for direct-to-consumer reporting without professional oversight.	
wg-1958	health_risk	Disease Risk (Sensitive)	Vertigo	Vertigo	Genetic variants associated with Vertigo. Disease risk markers require clinical validation.	Association testing using genetic markers from the structured WeGene catalog related to Vertigo.	No clinical or diagnostic claims can be made. All rsIDs are externally unvalidated. This is a sensitive trait requiring clinical, regulatory, and ethical review before any reporting.	6	rs10862089;rs2272744;rs6753393;rs612969;rs428549;rs7130190	OTOG;OTOGL;TECTA	no	yes	structured_catalog_unvalidated	yes	yes	yes	no	yes	high	C	no	Sensitive trait (disease risk, pharmacogenomics, carrier status, reproductive genetics, or substance response). Requires clinical/regulatory review.	clinical, requires professional review	Sensitive trait. Requires clinical, regulatory, and ethical review. Not for direct-to-consumer reporting without professional oversight.	
wg-2091	genetic_disease	Disease Risk (Sensitive)	Vitamin D-Dependent Rickets (VDDR)	Vitamin D-Dependent Rickets (VDDR)	Genetic variants associated with Vitamin D-Dependent Rickets (VDDR). Disease risk markers require clinical validation.	Association testing using genetic markers from the structured WeGene catalog related to Vitamin D-Dependent Rickets (VDDR).	No clinical or diagnostic claims can be made. All rsIDs are externally unvalidated. This is a sensitive trait requiring clinical, regulatory, and ethical review before any reporting.	3	rs121909790;rs121909793;rs121909797	CYP27B1;PHEX;VDR	no	yes	structured_catalog_unvalidated	yes	yes	yes	no	yes	high	C	no	Sensitive trait (disease risk, pharmacogenomics, carrier status, reproductive genetics, or substance response). Requires clinical/regulatory review.	clinical, requires professional review	Sensitive trait. Requires clinical, regulatory, and ethical review. Not for direct-to-consumer reporting without professional oversight.	
wg-1985	genetic_disease	Disease Risk (Sensitive)	Vitreoretinochoroidopathy (VRCP)	Vitreoretinochoroidopathy (VRCP)	Genetic variants associated with Vitreoretinochoroidopathy (VRCP). Disease risk markers require clinical validation.	Association testing using genetic markers from the structured WeGene catalog related to Vitreoretinochoroidopathy (VRCP).	No clinical or diagnostic claims can be made. All rsIDs are externally unvalidated. This is a sensitive trait requiring clinical, regulatory, and ethical review before any reporting.	1	rs281865238	BEST1	no	yes	structured_catalog_unvalidated	yes	yes	yes	no	yes	high	C	no	Sensitive trait (disease risk, pharmacogenomics, carrier status, reproductive genetics, or substance response). Requires clinical/regulatory review.	clinical, requires professional review	Sensitive trait. Requires clinical, regulatory, and ethical review. Not for direct-to-consumer reporting without professional oversight.	
wg-2236	genetic_disease	Disease Risk (Sensitive)	Warburg Micro Syndrome (WARBM)	Warburg Micro Syndrome (WARBM)	Genetic variants associated with Warburg Micro Syndrome (WARBM). Disease risk markers require clinical validation.	Association testing using genetic markers from the structured WeGene catalog related to Warburg Micro Syndrome (WARBM).	No clinical or diagnostic claims can be made. All rsIDs are externally unvalidated. This is a sensitive trait requiring clinical, regulatory, and ethical review before any reporting.	2	rs766629205;rs797045905	RAB3GAP;RAB3GAP1	no	yes	structured_catalog_unvalidated	yes	yes	yes	no	yes	high	C	no	Sensitive trait (disease risk, pharmacogenomics, carrier status, reproductive genetics, or substance response). Requires clinical/regulatory review.	clinical, requires professional review	Sensitive trait. Requires clinical, regulatory, and ethical review. Not for direct-to-consumer reporting without professional oversight.	
wg-2237	genetic_disease	Disease Risk (Sensitive)	Weill-Marchesani Syndrome (WMS)	Weill-Marchesani Syndrome (WMS)	Genetic variants associated with Weill-Marchesani Syndrome (WMS). Disease risk markers require clinical validation.	Association testing using genetic markers from the structured WeGene catalog related to Weill-Marchesani Syndrome (WMS).	No clinical or diagnostic claims can be made. All rsIDs are externally unvalidated. This is a sensitive trait requiring clinical, regulatory, and ethical review before any reporting.	4	rs13785;rs111401431;rs113871094;rs112645512	ATP7B;F8;F9;FBN1;G6PD;HCN4;SCN5A	no	yes	structured_catalog_unvalidated	yes	yes	yes	no	yes	high	C	no	Sensitive trait (disease risk, pharmacogenomics, carrier status, reproductive genetics, or substance response). Requires clinical/regulatory review.	clinical, requires professional review	Sensitive trait. Requires clinical, regulatory, and ethical review. Not for direct-to-consumer reporting without professional oversight.	
wg-2238	genetic_disease	Disease Risk (Sensitive)	Werner Syndrome	Werner Syndrome	Genetic variants associated with Werner Syndrome. Disease risk markers require clinical validation.	Association testing using genetic markers from the structured WeGene catalog related to Werner Syndrome.	No clinical or diagnostic claims can be made. All rsIDs are externally unvalidated. This is a sensitive trait requiring clinical, regulatory, and ethical review before any reporting.	3	rs121908446;rs1339616347;rs281865160	WRN	no	yes	structured_catalog_unvalidated	yes	yes	yes	no	yes	high	C	no	Sensitive trait (disease risk, pharmacogenomics, carrier status, reproductive genetics, or substance response). Requires clinical/regulatory review.	clinical, requires professional review	Sensitive trait. Requires clinical, regulatory, and ethical review. Not for direct-to-consumer reporting without professional oversight.	
wg-2265	exposure_risk	Disease Risk (Sensitive)	Wheat Products	Wheat Products	Genetic variants associated with Wheat Products. Disease risk markers require clinical validation.	Association testing using genetic markers from the structured WeGene catalog related to Wheat Products.	No clinical or diagnostic claims can be made. All rsIDs are externally unvalidated. This is a sensitive trait requiring clinical, regulatory, and ethical review before any reporting.	2	rs59325236;rs9271588		no	yes	structured_catalog_unvalidated	yes	yes	yes	no	yes	high	C	no	Sensitive trait (disease risk, pharmacogenomics, carrier status, reproductive genetics, or substance response). Requires clinical/regulatory review.	clinical, requires professional review	Sensitive trait. Requires clinical, regulatory, and ethical review. Not for direct-to-consumer reporting without professional oversight.	No genes associated.
wg-2239	genetic_disease	Disease Risk (Sensitive)	Wilson Disease	Wilson Disease	Genetic variants associated with Wilson Disease. Disease risk markers require clinical validation.	Association testing using genetic markers from the structured WeGene catalog related to Wilson Disease.	No clinical or diagnostic claims can be made. All rsIDs are externally unvalidated. This is a sensitive trait requiring clinical, regulatory, and ethical review before any reporting.	6	rs13785;rs75323;rs15552;rs1038582488;rs1057516227;rs1057516228	ATP7B;F8;F9;FBN1;G6PD;HCN4;SCN5A	no	yes	structured_catalog_unvalidated	yes	yes	yes	no	yes	high	C	no	Sensitive trait (disease risk, pharmacogenomics, carrier status, reproductive genetics, or substance response). Requires clinical/regulatory review.	clinical, requires professional review	Sensitive trait. Requires clinical, regulatory, and ethical review. Not for direct-to-consumer reporting without professional oversight.	
wg-2240	genetic_disease	Disease Risk (Sensitive)	Wiskott-Aldrich Syndrome (WAS)	Wiskott-Aldrich Syndrome (WAS)	Genetic variants associated with Wiskott-Aldrich Syndrome (WAS). Disease risk markers require clinical validation.	Association testing using genetic markers from the structured WeGene catalog related to Wiskott-Aldrich Syndrome (WAS).	No clinical or diagnostic claims can be made. All rsIDs are externally unvalidated. This is a sensitive trait requiring clinical, regulatory, and ethical review before any reporting.	3	rs132630268;rs132630273;rs193922414	WAS	no	yes	structured_catalog_unvalidated	yes	yes	yes	no	yes	high	C	no	Sensitive trait (disease risk, pharmacogenomics, carrier status, reproductive genetics, or substance response). Requires clinical/regulatory review.	clinical, requires professional review	Sensitive trait. Requires clinical, regulatory, and ethical review. Not for direct-to-consumer reporting without professional oversight.	
wg-1728	genetic_disease	Disease Risk (Sensitive)	Wolff-Parkinson-White Syndrome	Wolff-Parkinson-White Syndrome	Genetic variants associated with Wolff-Parkinson-White Syndrome. Disease risk markers require clinical validation.	Association testing using genetic markers from the structured WeGene catalog related to Wolff-Parkinson-White Syndrome.	No clinical or diagnostic claims can be made. All rsIDs are externally unvalidated. This is a sensitive trait requiring clinical, regulatory, and ethical review before any reporting.	2	rs121908;rs321871	MYH7;PRKAG2	no	yes	structured_catalog_unvalidated	yes	yes	yes	no	yes	high	C	no	Sensitive trait (disease risk, pharmacogenomics, carrier status, reproductive genetics, or substance response). Requires clinical/regulatory review.	clinical, requires professional review	Sensitive trait. Requires clinical, regulatory, and ethical review. Not for direct-to-consumer reporting without professional oversight.	
wg-2241	genetic_disease	Disease Risk (Sensitive)	Wolfram Syndrome	Wolfram Syndrome	Genetic variants associated with Wolfram Syndrome. Disease risk markers require clinical validation.	Association testing using genetic markers from the structured WeGene catalog related to Wolfram Syndrome.	No clinical or diagnostic claims can be made. All rsIDs are externally unvalidated. This is a sensitive trait requiring clinical, regulatory, and ethical review before any reporting.	3	rs104893879;rs104893881;rs28937891	WFS1	no	yes	structured_catalog_unvalidated	yes	yes	yes	no	yes	high	C	no	Sensitive trait (disease risk, pharmacogenomics, carrier status, reproductive genetics, or substance response). Requires clinical/regulatory review.	clinical, requires professional review	Sensitive trait. Requires clinical, regulatory, and ethical review. Not for direct-to-consumer reporting without professional oversight.	
wg-2151	genetic_disease	Disease Risk (Sensitive)	Wrinkly Skin Syndrome (WSS)	Wrinkly Skin Syndrome (WSS)	Genetic variants associated with Wrinkly Skin Syndrome (WSS). Disease risk markers require clinical validation.	Association testing using genetic markers from the structured WeGene catalog related to Wrinkly Skin Syndrome (WSS).	No clinical or diagnostic claims can be made. All rsIDs are externally unvalidated. This is a sensitive trait requiring clinical, regulatory, and ethical review before any reporting.	1	rs374480381	ATP6V0A2	no	yes	structured_catalog_unvalidated	yes	yes	yes	no	yes	high	C	no	Sensitive trait (disease risk, pharmacogenomics, carrier status, reproductive genetics, or substance response). Requires clinical/regulatory review.	clinical, requires professional review	Sensitive trait. Requires clinical, regulatory, and ethical review. Not for direct-to-consumer reporting without professional oversight.	
wg-1575	genetic_disease	Disease Risk (Sensitive)	X-Linked Non-Syndromic Hereditary Deafness	X-Linked Non-Syndromic Hereditary Deafness	Genetic variants associated with X-Linked Non-Syndromic Hereditary Deafness. Disease risk markers require clinical validation.	Association testing using genetic markers from the structured WeGene catalog related to X-Linked Non-Syndromic Hereditary Deafness.	No clinical or diagnostic claims can be made. All rsIDs are externally unvalidated. This is a sensitive trait requiring clinical, regulatory, and ethical review before any reporting.	1	rs397516335	POU3F4	no	yes	structured_catalog_unvalidated	yes	yes	yes	no	yes	high	C	no	Sensitive trait (disease risk, pharmacogenomics, carrier status, reproductive genetics, or substance response). Requires clinical/regulatory review.	clinical, requires professional review	Sensitive trait. Requires clinical, regulatory, and ethical review. Not for direct-to-consumer reporting without professional oversight.	
wg-2139	genetic_disease	Disease Risk (Sensitive)	Xeroderma Pigmentosum (XP)	Xeroderma Pigmentosum (XP)	Genetic variants associated with Xeroderma Pigmentosum (XP). Disease risk markers require clinical validation.	Association testing using genetic markers from the structured WeGene catalog related to Xeroderma Pigmentosum (XP).	No clinical or diagnostic claims can be made. All rsIDs are externally unvalidated. This is a sensitive trait requiring clinical, regulatory, and ethical review before any reporting.	3	rs121913020;rs121913024;rs121913026	ERCC2;XPC	no	yes	structured_catalog_unvalidated	yes	yes	yes	no	yes	high	C	no	Sensitive trait (disease risk, pharmacogenomics, carrier status, reproductive genetics, or substance response). Requires clinical/regulatory review.	clinical, requires professional review	Sensitive trait. Requires clinical, regulatory, and ethical review. Not for direct-to-consumer reporting without professional oversight.	
wg-2242	genetic_disease	Disease Risk (Sensitive)	Yunis-Varon Syndrome (YVS)	Yunis-Varon Syndrome (YVS)	Genetic variants associated with Yunis-Varon Syndrome (YVS). Disease risk markers require clinical validation.	Association testing using genetic markers from the structured WeGene catalog related to Yunis-Varon Syndrome (YVS).	No clinical or diagnostic claims can be made. All rsIDs are externally unvalidated. This is a sensitive trait requiring clinical, regulatory, and ethical review before any reporting.	1	rs786200937	FIG4	no	yes	structured_catalog_unvalidated	yes	yes	yes	no	yes	high	C	no	Sensitive trait (disease risk, pharmacogenomics, carrier status, reproductive genetics, or substance response). Requires clinical/regulatory review.	clinical, requires professional review	Sensitive trait. Requires clinical, regulatory, and ethical review. Not for direct-to-consumer reporting without professional oversight.	
wg-214	genetic_disease	Disease Risk (Sensitive)	Zellweger Syndrome Spectrum	Zellweger Syndrome Spectrum	Genetic variants associated with Zellweger Syndrome Spectrum. Disease risk markers require clinical validation.	Association testing using genetic markers from the structured WeGene catalog related to Zellweger Syndrome Spectrum.	No clinical or diagnostic claims can be made. All rsIDs are externally unvalidated. This is a sensitive trait requiring clinical, regulatory, and ethical review before any reporting.	1	rs61750420	PEX1	no	yes	structured_catalog_unvalidated	yes	yes	yes	no	yes	high	C	no	Sensitive trait (disease risk, pharmacogenomics, carrier status, reproductive genetics, or substance response). Requires clinical/regulatory review.	clinical, requires professional review	Sensitive trait. Requires clinical, regulatory, and ethical review. Not for direct-to-consumer reporting without professional oversight.	
wg-2380	dietary_preference	Nutrition & Metabolism	Aniseed Preference	Aniseed Preference	Genetic variants that may influence nutritional metabolism related to Aniseed Preference.	Association testing using genetic markers from the structured WeGene catalog related to Aniseed Preference.	No clinical or diagnostic claims can be made. All rsIDs are externally unvalidated. Results are probabilistic and for informational/wellness purposes only.	2	rs4947336;rs75051825		no	yes	structured_catalog_unvalidated	yes	no	yes	no	yes	moderate	A	yes	Non-sensitive trait with structured catalog rsIDs. MVP candidate pending external annotation.	consumer-friendly, non-clinical	Wellness/non-clinical trait report. Genetic markers are externally unvalidated. Results are probabilistic and for informational purposes only.	No genes associated.
wg-2379	dietary_preference	Nutrition & Metabolism	Apple Juice Preference	Apple Juice Preference	Genetic variants that may influence nutritional metabolism related to Apple Juice Preference.	Association testing using genetic markers from the structured WeGene catalog related to Apple Juice Preference.	No clinical or diagnostic claims can be made. All rsIDs are externally unvalidated. Results are probabilistic and for informational/wellness purposes only.	1	rs7188250		no	yes	structured_catalog_unvalidated	yes	no	yes	no	yes	moderate	A	yes	Non-sensitive trait with structured catalog rsIDs. MVP candidate pending external annotation.	consumer-friendly, non-clinical	Wellness/non-clinical trait report. Genetic markers are externally unvalidated. Results are probabilistic and for informational purposes only.	No genes associated.
wg-2337	dietary_preference	Nutrition & Metabolism	Apples Preference	Apples Preference	Genetic variants that may influence nutritional metabolism related to Apples Preference.	Association testing using genetic markers from the structured WeGene catalog related to Apples Preference.	No clinical or diagnostic claims can be made. All rsIDs are externally unvalidated. Results are probabilistic and for informational/wellness purposes only.	1	rs7625384		no	yes	structured_catalog_unvalidated	yes	no	yes	no	yes	moderate	A	yes	Non-sensitive trait with structured catalog rsIDs. MVP candidate pending external annotation.	consumer-friendly, non-clinical	Wellness/non-clinical trait report. Genetic markers are externally unvalidated. Results are probabilistic and for informational purposes only.	No genes associated.
wg-2336	dietary_preference	Nutrition & Metabolism	Asparagus Preference	Asparagus Preference	Genetic variants that may influence nutritional metabolism related to Asparagus Preference.	Association testing using genetic markers from the structured WeGene catalog related to Asparagus Preference.	No clinical or diagnostic claims can be made. All rsIDs are externally unvalidated. Results are probabilistic and for informational/wellness purposes only.	3	rs56246068;rs10522286;rs7334317		no	yes	structured_catalog_unvalidated	yes	no	yes	no	yes	moderate	A	yes	Non-sensitive trait with structured catalog rsIDs. MVP candidate pending external annotation.	consumer-friendly, non-clinical	Wellness/non-clinical trait report. Genetic markers are externally unvalidated. Results are probabilistic and for informational purposes only.	No genes associated.
wg-2338	dietary_preference	Nutrition & Metabolism	Aubergine Preference	Aubergine Preference	Genetic variants that may influence nutritional metabolism related to Aubergine Preference.	Association testing using genetic markers from the structured WeGene catalog related to Aubergine Preference.	No clinical or diagnostic claims can be made. All rsIDs are externally unvalidated. Results are probabilistic and for informational/wellness purposes only.	4	rs12430;rs1486108;rs7610856;rs71393921	AUTS2;BAG6;CDH13;GFRA1;PEBP4	no	yes	structured_catalog_unvalidated	yes	no	yes	no	yes	moderate	A	yes	Non-sensitive trait with structured catalog rsIDs. MVP candidate pending external annotation.	consumer-friendly, non-clinical	Wellness/non-clinical trait report. Genetic markers are externally unvalidated. Results are probabilistic and for informational purposes only.	
wg-2373	dietary_preference	Nutrition & Metabolism	Avocados Preference	Avocados Preference	Genetic variants that may influence nutritional metabolism related to Avocados Preference.	Association testing using genetic markers from the structured WeGene catalog related to Avocados Preference.	No clinical or diagnostic claims can be made. All rsIDs are externally unvalidated. Results are probabilistic and for informational/wellness purposes only.	3	rs10642392;rs6912493;rs2155290		no	yes	structured_catalog_unvalidated	yes	no	yes	no	yes	moderate	A	yes	Non-sensitive trait with structured catalog rsIDs. MVP candidate pending external annotation.	consumer-friendly, non-clinical	Wellness/non-clinical trait report. Genetic markers are externally unvalidated. Results are probabilistic and for informational purposes only.	No genes associated.
wg-2398	dietary_preference	Nutrition & Metabolism	BBQ Grilled Meat Preference	BBQ Grilled Meat Preference	Genetic variants that may influence nutritional metabolism related to BBQ Grilled Meat Preference.	Association testing using genetic markers from the structured WeGene catalog related to BBQ Grilled Meat Preference.	No clinical or diagnostic claims can be made. All rsIDs are externally unvalidated. Results are probabilistic and for informational/wellness purposes only.	3	rs429358;rs6424510;rs76395182	APOE;CADM2;FGF21;FUT2;MTHFR;PCCB;SYK	no	yes	structured_catalog_unvalidated	yes	no	yes	no	yes	moderate	A	yes	Non-sensitive trait with structured catalog rsIDs. MVP candidate pending external annotation.	consumer-friendly, non-clinical	Wellness/non-clinical trait report. Genetic markers are externally unvalidated. Results are probabilistic and for informational purposes only.	
wg-2308	dietary_preference	Nutrition & Metabolism	Bacon Preference	Bacon Preference	Genetic variants that may influence nutritional metabolism related to Bacon Preference.	Association testing using genetic markers from the structured WeGene catalog related to Bacon Preference.	No clinical or diagnostic claims can be made. All rsIDs are externally unvalidated. Results are probabilistic and for informational/wellness purposes only.	3	rs429358;rs6718656;rs10946808	APOE;CADM2;FGF21;FUT2;MTHFR;NDUFS;NDUFS1;SYK	no	yes	structured_catalog_unvalidated	yes	no	yes	no	yes	moderate	A	yes	Non-sensitive trait with structured catalog rsIDs. MVP candidate pending external annotation.	consumer-friendly, non-clinical	Wellness/non-clinical trait report. Genetic markers are externally unvalidated. Results are probabilistic and for informational purposes only.	
wg-2355	dietary_preference	Nutrition & Metabolism	Banana Preference	Banana Preference	Genetic variants that may influence nutritional metabolism related to Banana Preference.	Association testing using genetic markers from the structured WeGene catalog related to Banana Preference.	No clinical or diagnostic claims can be made. All rsIDs are externally unvalidated. Results are probabilistic and for informational/wellness purposes only.	1	rs7241775		no	yes	structured_catalog_unvalidated	yes	no	yes	no	yes	moderate	A	yes	Non-sensitive trait with structured catalog rsIDs. MVP candidate pending external annotation.	consumer-friendly, non-clinical	Wellness/non-clinical trait report. Genetic markers are externally unvalidated. Results are probabilistic and for informational purposes only.	No genes associated.
wg-2327	dietary_preference	Nutrition & Metabolism	Beef Preference	Beef Preference	Genetic variants that may influence nutritional metabolism related to Beef Preference.	Association testing using genetic markers from the structured WeGene catalog related to Beef Preference.	No clinical or diagnostic claims can be made. All rsIDs are externally unvalidated. Results are probabilistic and for informational/wellness purposes only.	3	rs429358;rs62250717;rs11240430	APOE;CADM2;CHD2;FGF21;FUT2;MTHFR;SYK	no	yes	structured_catalog_unvalidated	yes	no	yes	no	yes	moderate	A	yes	Non-sensitive trait with structured catalog rsIDs. MVP candidate pending external annotation.	consumer-friendly, non-clinical	Wellness/non-clinical trait report. Genetic markers are externally unvalidated. Results are probabilistic and for informational purposes only.	
wg-2376	dietary_preference	Nutrition & Metabolism	Beetroot Preference	Beetroot Preference	Genetic variants that may influence nutritional metabolism related to Beetroot Preference.	Association testing using genetic markers from the structured WeGene catalog related to Beetroot Preference.	No clinical or diagnostic claims can be made. All rsIDs are externally unvalidated. Results are probabilistic and for informational/wellness purposes only.	2	rs11710277;rs73034263	SEMA3F	no	yes	structured_catalog_unvalidated	yes	no	yes	no	yes	moderate	A	yes	Non-sensitive trait with structured catalog rsIDs. MVP candidate pending external annotation.	consumer-friendly, non-clinical	Wellness/non-clinical trait report. Genetic markers are externally unvalidated. Results are probabilistic and for informational purposes only.	
wg-2329	dietary_preference	Nutrition & Metabolism	Bell Pepper Preference	Bell Pepper Preference	Genetic variants that may influence nutritional metabolism related to Bell Pepper Preference.	Association testing using genetic markers from the structured WeGene catalog related to Bell Pepper Preference.	No clinical or diagnostic claims can be made. All rsIDs are externally unvalidated. Results are probabilistic and for informational/wellness purposes only.	2	rs111688645;rs35773951		no	yes	structured_catalog_unvalidated	yes	no	yes	no	yes	moderate	A	yes	Non-sensitive trait with structured catalog rsIDs. MVP candidate pending external annotation.	consumer-friendly, non-clinical	Wellness/non-clinical trait report. Genetic markers are externally unvalidated. Results are probabilistic and for informational purposes only.	No genes associated.
wg-2414	dietary_preference	Nutrition & Metabolism	Bitter Ale Preference	Bitter Ale Preference	Genetic variants that may influence nutritional metabolism related to Bitter Ale Preference.	Association testing using genetic markers from the structured WeGene catalog related to Bitter Ale Preference.	No clinical or diagnostic claims can be made. All rsIDs are externally unvalidated. Results are probabilistic and for informational/wellness purposes only.	4	rs96118;rs2163971;rs1229984;rs112065280	ADH1B;ADH1C;ALDH2;CYP1A1;EPHX1;GDF15;MIR1273;MIR1273H;SLC6A3;TAS2R38	no	yes	structured_catalog_unvalidated	yes	no	yes	no	yes	moderate	A	yes	Non-sensitive trait with structured catalog rsIDs. MVP candidate pending external annotation.	consumer-friendly, non-clinical	Wellness/non-clinical trait report. Genetic markers are externally unvalidated. Results are probabilistic and for informational purposes only.	
wg-2385	dietary_preference	Nutrition & Metabolism	Black Olives Preference	Black Olives Preference	Genetic variants that may influence nutritional metabolism related to Black Olives Preference.	Association testing using genetic markers from the structured WeGene catalog related to Black Olives Preference.	No clinical or diagnostic claims can be made. All rsIDs are externally unvalidated. Results are probabilistic and for informational/wellness purposes only.	6	rs11859;rs12430;rs12665;rs74696461;rs2119437;rs7709884	AUTS2;BAG6;CDH13;FGF21;GFRA1;HCG9;LIMK2;PEBP4	no	yes	structured_catalog_unvalidated	yes	no	yes	no	yes	moderate	A	yes	Non-sensitive trait with structured catalog rsIDs. MVP candidate pending external annotation.	consumer-friendly, non-clinical	Wellness/non-clinical trait report. Genetic markers are externally unvalidated. Results are probabilistic and for informational purposes only.	
wg-2387	dietary_preference	Nutrition & Metabolism	Black Pepper Preference	Black Pepper Preference	Genetic variants that may influence nutritional metabolism related to Black Pepper Preference.	Association testing using genetic markers from the structured WeGene catalog related to Black Pepper Preference.	No clinical or diagnostic claims can be made. All rsIDs are externally unvalidated. Results are probabilistic and for informational/wellness purposes only.	4	rs13056;rs7568987;rs6747171;rs10246665		no	yes	structured_catalog_unvalidated	yes	no	yes	no	yes	moderate	A	yes	Non-sensitive trait with structured catalog rsIDs. MVP candidate pending external annotation.	consumer-friendly, non-clinical	Wellness/non-clinical trait report. Genetic markers are externally unvalidated. Results are probabilistic and for informational purposes only.	No genes associated.
wg-2405	dietary_preference	Nutrition & Metabolism	Blue Cheese Preference	Blue Cheese Preference	Genetic variants that may influence nutritional metabolism related to Blue Cheese Preference.	Association testing using genetic markers from the structured WeGene catalog related to Blue Cheese Preference.	No clinical or diagnostic claims can be made. All rsIDs are externally unvalidated. Results are probabilistic and for informational/wellness purposes only.	5	rs11233;rs55872;rs10195287;rs1392262;rs12413585	FGF21;FTOCC;GFRA1;TAS2R3;TAS2R38	no	yes	structured_catalog_unvalidated	yes	no	yes	no	yes	moderate	A	yes	Non-sensitive trait with structured catalog rsIDs. MVP candidate pending external annotation.	consumer-friendly, non-clinical	Wellness/non-clinical trait report. Genetic markers are externally unvalidated. Results are probabilistic and for informational purposes only.	
wg-2345	dietary_preference	Nutrition & Metabolism	Broad Beans Preference	Broad Beans Preference	Genetic variants that may influence nutritional metabolism related to Broad Beans Preference.	Association testing using genetic markers from the structured WeGene catalog related to Broad Beans Preference.	No clinical or diagnostic claims can be made. All rsIDs are externally unvalidated. Results are probabilistic and for informational/wellness purposes only.	3	rs4988235;rs512445;rs507711	MAPKA;MAPKAP1;MCM6;P1	no	yes	structured_catalog_unvalidated	yes	no	yes	no	yes	moderate	A	yes	Non-sensitive trait with structured catalog rsIDs. MVP candidate pending external annotation.	consumer-friendly, non-clinical	Wellness/non-clinical trait report. Genetic markers are externally unvalidated. Results are probabilistic and for informational purposes only.	
wg-2382	dietary_preference	Nutrition & Metabolism	Broccoli Preference	Broccoli Preference	Genetic variants that may influence nutritional metabolism related to Broccoli Preference.	Association testing using genetic markers from the structured WeGene catalog related to Broccoli Preference.	No clinical or diagnostic claims can be made. All rsIDs are externally unvalidated. Results are probabilistic and for informational/wellness purposes only.	2	rs13384513;rs11749582		no	yes	structured_catalog_unvalidated	yes	no	yes	no	yes	moderate	A	yes	Non-sensitive trait with structured catalog rsIDs. MVP candidate pending external annotation.	consumer-friendly, non-clinical	Wellness/non-clinical trait report. Genetic markers are externally unvalidated. Results are probabilistic and for informational purposes only.	No genes associated.
wg-2392	dietary_preference	Nutrition & Metabolism	Butternut Squash Preference	Butternut Squash Preference	Genetic variants that may influence nutritional metabolism related to Butternut Squash Preference.	Association testing using genetic markers from the structured WeGene catalog related to Butternut Squash Preference.	No clinical or diagnostic claims can be made. All rsIDs are externally unvalidated. Results are probabilistic and for informational/wellness purposes only.	2	rs2937339;rs55872725		no	yes	structured_catalog_unvalidated	yes	no	yes	no	yes	moderate	A	yes	Non-sensitive trait with structured catalog rsIDs. MVP candidate pending external annotation.	consumer-friendly, non-clinical	Wellness/non-clinical trait report. Genetic markers are externally unvalidated. Results are probabilistic and for informational purposes only.	No genes associated.
wg-2364	dietary_preference	Nutrition & Metabolism	Cabbage Preference	Cabbage Preference	Genetic variants that may influence nutritional metabolism related to Cabbage Preference.	Association testing using genetic markers from the structured WeGene catalog related to Cabbage Preference.	No clinical or diagnostic claims can be made. All rsIDs are externally unvalidated. Results are probabilistic and for informational/wellness purposes only.	3	rs13135092;rs17391889;rs2298527		no	yes	structured_catalog_unvalidated	yes	no	yes	no	yes	moderate	A	yes	Non-sensitive trait with structured catalog rsIDs. MVP candidate pending external annotation.	consumer-friendly, non-clinical	Wellness/non-clinical trait report. Genetic markers are externally unvalidated. Results are probabilistic and for informational purposes only.	No genes associated.
wg-22	nutrition_metabolism	Nutrition & Metabolism	Caffeine Metabolism	Caffeine Metabolism	Genetic variants that may influence nutritional metabolism related to Caffeine Metabolism.	Association testing using genetic markers from the structured WeGene catalog related to Caffeine Metabolism.	No clinical or diagnostic claims can be made. All rsIDs are externally unvalidated. Results are probabilistic and for informational/wellness purposes only.	1	rs762551	CYP1A2	no	yes	structured_catalog_unvalidated	yes	no	yes	no	yes	moderate	A	yes	Non-sensitive trait with structured catalog rsIDs. MVP candidate pending external annotation.	consumer-friendly, non-clinical	Wellness/non-clinical trait report. Genetic markers are externally unvalidated. Results are probabilistic and for informational purposes only.	
wg-2406	dietary_preference	Nutrition & Metabolism	Cake Icing Preference	Cake Icing Preference	Genetic variants that may influence nutritional metabolism related to Cake Icing Preference.	Association testing using genetic markers from the structured WeGene catalog related to Cake Icing Preference.	No clinical or diagnostic claims can be made. All rsIDs are externally unvalidated. Results are probabilistic and for informational/wellness purposes only.	3	rs72622646;rs2470578;rs12546198	PSCA	no	yes	structured_catalog_unvalidated	yes	no	yes	no	yes	moderate	A	yes	Non-sensitive trait with structured catalog rsIDs. MVP candidate pending external annotation.	consumer-friendly, non-clinical	Wellness/non-clinical trait report. Genetic markers are externally unvalidated. Results are probabilistic and for informational purposes only.	
wg-2346	dietary_preference	Nutrition & Metabolism	Cake Preference	Cake Preference	Genetic variants that may influence nutritional metabolism related to Cake Preference.	Association testing using genetic markers from the structured WeGene catalog related to Cake Preference.	No clinical or diagnostic claims can be made. All rsIDs are externally unvalidated. Results are probabilistic and for informational/wellness purposes only.	5	rs83813;rs10877;rs206269;rs35741362;rs1520919	APOE;CCDC171;CDH13;CYP2R1;FGF21;GGT1;KIRREL3;MAGI2;METTL1;NADSYN1;TAS2R3;TAS2R38	no	yes	structured_catalog_unvalidated	yes	no	yes	no	yes	moderate	A	yes	Non-sensitive trait with structured catalog rsIDs. MVP candidate pending external annotation.	consumer-friendly, non-clinical	Wellness/non-clinical trait report. Genetic markers are externally unvalidated. Results are probabilistic and for informational purposes only.	
wg-247	nutrition_metabolism	Nutrition & Metabolism	Calcium Nutritional Requirement	Calcium Nutritional Requirement	Genetic variants that may influence nutritional metabolism related to Calcium Nutritional Requirement.	Association testing using genetic markers from the structured WeGene catalog related to Calcium Nutritional Requirement.	No clinical or diagnostic claims can be made. All rsIDs are externally unvalidated. Results are probabilistic and for informational/wellness purposes only.	2	rs1544410;rs1042636	CASR;VDR	no	yes	structured_catalog_unvalidated	yes	no	yes	no	yes	moderate	A	yes	Non-sensitive trait with structured catalog rsIDs. MVP candidate pending external annotation.	consumer-friendly, non-clinical	Wellness/non-clinical trait report. Genetic markers are externally unvalidated. Results are probabilistic and for informational purposes only.	
wg-2362	dietary_preference	Nutrition & Metabolism	Capers Preference	Capers Preference	Genetic variants that may influence nutritional metabolism related to Capers Preference.	Association testing using genetic markers from the structured WeGene catalog related to Capers Preference.	No clinical or diagnostic claims can be made. All rsIDs are externally unvalidated. Results are probabilistic and for informational/wellness purposes only.	4	rs11859;rs62244860;rs3132685;rs10274474	AUTS2;BAG6;CDH13;FGF21;GFRA1;HCG9;LIMK2;PEBP4	no	yes	structured_catalog_unvalidated	yes	no	yes	no	yes	moderate	A	yes	Non-sensitive trait with structured catalog rsIDs. MVP candidate pending external annotation.	consumer-friendly, non-clinical	Wellness/non-clinical trait report. Genetic markers are externally unvalidated. Results are probabilistic and for informational purposes only.	
wg-2340	dietary_preference	Nutrition & Metabolism	Cauliflower Preference	Cauliflower Preference	Genetic variants that may influence nutritional metabolism related to Cauliflower Preference.	Association testing using genetic markers from the structured WeGene catalog related to Cauliflower Preference.	No clinical or diagnostic claims can be made. All rsIDs are externally unvalidated. Results are probabilistic and for informational/wellness purposes only.	3	rs1170216;rs13135092;rs4310746		no	yes	structured_catalog_unvalidated	yes	no	yes	no	yes	moderate	A	yes	Non-sensitive trait with structured catalog rsIDs. MVP candidate pending external annotation.	consumer-friendly, non-clinical	Wellness/non-clinical trait report. Genetic markers are externally unvalidated. Results are probabilistic and for informational purposes only.	No genes associated.
wg-2404	dietary_preference	Nutrition & Metabolism	Cheesecake Preference	Cheesecake Preference	Genetic variants that may influence nutritional metabolism related to Cheesecake Preference.	Association testing using genetic markers from the structured WeGene catalog related to Cheesecake Preference.	No clinical or diagnostic claims can be made. All rsIDs are externally unvalidated. Results are probabilistic and for informational/wellness purposes only.	2	rs9300002;rs34783010		no	yes	structured_catalog_unvalidated	yes	no	yes	no	yes	moderate	A	yes	Non-sensitive trait with structured catalog rsIDs. MVP candidate pending external annotation.	consumer-friendly, non-clinical	Wellness/non-clinical trait report. Genetic markers are externally unvalidated. Results are probabilistic and for informational purposes only.	No genes associated.
wg-2317	dietary_preference	Nutrition & Metabolism	Cherries Preference	Cherries Preference	Genetic variants that may influence nutritional metabolism related to Cherries Preference.	Association testing using genetic markers from the structured WeGene catalog related to Cherries Preference.	No clinical or diagnostic claims can be made. All rsIDs are externally unvalidated. Results are probabilistic and for informational/wellness purposes only.	3	rs1243179;rs4929925;rs35260863	MLLT10;TRIM66	no	yes	structured_catalog_unvalidated	yes	no	yes	no	yes	moderate	A	yes	Non-sensitive trait with structured catalog rsIDs. MVP candidate pending external annotation.	consumer-friendly, non-clinical	Wellness/non-clinical trait report. Genetic markers are externally unvalidated. Results are probabilistic and for informational purposes only.	
wg-2350	dietary_preference	Nutrition & Metabolism	Chilli Pepper Preference	Chilli Pepper Preference	Genetic variants that may influence nutritional metabolism related to Chilli Pepper Preference.	Association testing using genetic markers from the structured WeGene catalog related to Chilli Pepper Preference.	No clinical or diagnostic claims can be made. All rsIDs are externally unvalidated. Results are probabilistic and for informational/wellness purposes only.	3	rs6799195;rs528301;rs6882046		no	yes	structured_catalog_unvalidated	yes	no	yes	no	yes	moderate	A	yes	Non-sensitive trait with structured catalog rsIDs. MVP candidate pending external annotation.	consumer-friendly, non-clinical	Wellness/non-clinical trait report. Genetic markers are externally unvalidated. Results are probabilistic and for informational purposes only.	No genes associated.
wg-2342	dietary_preference	Nutrition & Metabolism	Chips Preference	Chips Preference	Genetic variants that may influence nutritional metabolism related to Chips Preference.	Association testing using genetic markers from the structured WeGene catalog related to Chips Preference.	No clinical or diagnostic claims can be made. All rsIDs are externally unvalidated. Results are probabilistic and for informational/wellness purposes only.	2	rs12682352;rs9972653		no	yes	structured_catalog_unvalidated	yes	no	yes	no	yes	moderate	A	yes	Non-sensitive trait with structured catalog rsIDs. MVP candidate pending external annotation.	consumer-friendly, non-clinical	Wellness/non-clinical trait report. Genetic markers are externally unvalidated. Results are probabilistic and for informational purposes only.	No genes associated.
wg-2389	dietary_preference	Nutrition & Metabolism	Coffee with Sugar Preference	Coffee with Sugar Preference	Genetic variants that may influence nutritional metabolism related to Coffee with Sugar Preference.	Association testing using genetic markers from the structured WeGene catalog related to Coffee with Sugar Preference.	No clinical or diagnostic claims can be made. All rsIDs are externally unvalidated. Results are probabilistic and for informational/wellness purposes only.	1	rs10125362		no	yes	structured_catalog_unvalidated	yes	no	yes	no	yes	moderate	A	yes	Non-sensitive trait with structured catalog rsIDs. MVP candidate pending external annotation.	consumer-friendly, non-clinical	Wellness/non-clinical trait report. Genetic markers are externally unvalidated. Results are probabilistic and for informational purposes only.	No genes associated.
wg-2397	dietary_preference	Nutrition & Metabolism	Coffee without Sugar Preference	Coffee without Sugar Preference	Genetic variants that may influence nutritional metabolism related to Coffee without Sugar Preference.	Association testing using genetic markers from the structured WeGene catalog related to Coffee without Sugar Preference.	No clinical or diagnostic claims can be made. All rsIDs are externally unvalidated. Results are probabilistic and for informational/wellness purposes only.	3	rs6968865;rs2472297;rs62033400	GDF15	no	yes	structured_catalog_unvalidated	yes	no	yes	no	yes	moderate	A	yes	Non-sensitive trait with structured catalog rsIDs. MVP candidate pending external annotation.	consumer-friendly, non-clinical	Wellness/non-clinical trait report. Genetic markers are externally unvalidated. Results are probabilistic and for informational purposes only.	
wg-2354	dietary_preference	Nutrition & Metabolism	Coriander Preference	Coriander Preference	Genetic variants that may influence nutritional metabolism related to Coriander Preference.	Association testing using genetic markers from the structured WeGene catalog related to Coriander Preference.	No clinical or diagnostic claims can be made. All rsIDs are externally unvalidated. Results are probabilistic and for informational/wellness purposes only.	1	rs10243750		no	yes	structured_catalog_unvalidated	yes	no	yes	no	yes	moderate	A	yes	Non-sensitive trait with structured catalog rsIDs. MVP candidate pending external annotation.	consumer-friendly, non-clinical	Wellness/non-clinical trait report. Genetic markers are externally unvalidated. Results are probabilistic and for informational purposes only.	No genes associated.
wg-2375	dietary_preference	Nutrition & Metabolism	Cornflakes Preference	Cornflakes Preference	Genetic variants that may influence nutritional metabolism related to Cornflakes Preference.	Association testing using genetic markers from the structured WeGene catalog related to Cornflakes Preference.	No clinical or diagnostic claims can be made. All rsIDs are externally unvalidated. Results are probabilistic and for informational/wellness purposes only.	2	rs6798507;rs11222562	FOXP1	no	yes	structured_catalog_unvalidated	yes	no	yes	no	yes	moderate	A	yes	Non-sensitive trait with structured catalog rsIDs. MVP candidate pending external annotation.	consumer-friendly, non-clinical	Wellness/non-clinical trait report. Genetic markers are externally unvalidated. Results are probabilistic and for informational purposes only.	
wg-2343	dietary_preference	Nutrition & Metabolism	Crisps Preference	Crisps Preference	Genetic variants that may influence nutritional metabolism related to Crisps Preference.	Association testing using genetic markers from the structured WeGene catalog related to Crisps Preference.	No clinical or diagnostic claims can be made. All rsIDs are externally unvalidated. Results are probabilistic and for informational/wellness purposes only.	4	rs12682;rs6808586;rs28712821;rs10230959	MFHAS	no	yes	structured_catalog_unvalidated	yes	no	yes	no	yes	moderate	A	yes	Non-sensitive trait with structured catalog rsIDs. MVP candidate pending external annotation.	consumer-friendly, non-clinical	Wellness/non-clinical trait report. Genetic markers are externally unvalidated. Results are probabilistic and for informational purposes only.	
wg-2306	dietary_preference	Nutrition & Metabolism	Croissant Preference	Croissant Preference	Genetic variants that may influence nutritional metabolism related to Croissant Preference.	Association testing using genetic markers from the structured WeGene catalog related to Croissant Preference.	No clinical or diagnostic claims can be made. All rsIDs are externally unvalidated. Results are probabilistic and for informational/wellness purposes only.	1	rs4580876		no	yes	structured_catalog_unvalidated	yes	no	yes	no	yes	moderate	A	yes	Non-sensitive trait with structured catalog rsIDs. MVP candidate pending external annotation.	consumer-friendly, non-clinical	Wellness/non-clinical trait report. Genetic markers are externally unvalidated. Results are probabilistic and for informational purposes only.	No genes associated.
wg-2359	dietary_preference	Nutrition & Metabolism	Cucumber Preference	Cucumber Preference	Genetic variants that may influence nutritional metabolism related to Cucumber Preference.	Association testing using genetic markers from the structured WeGene catalog related to Cucumber Preference.	No clinical or diagnostic claims can be made. All rsIDs are externally unvalidated. Results are probabilistic and for informational/wellness purposes only.	1	rs62090520		no	yes	structured_catalog_unvalidated	yes	no	yes	no	yes	moderate	A	yes	Non-sensitive trait with structured catalog rsIDs. MVP candidate pending external annotation.	consumer-friendly, non-clinical	Wellness/non-clinical trait report. Genetic markers are externally unvalidated. Results are probabilistic and for informational purposes only.	No genes associated.
wg-2307	dietary_preference	Nutrition & Metabolism	Curry Preference	Curry Preference	Genetic variants that may influence nutritional metabolism related to Curry Preference.	Association testing using genetic markers from the structured WeGene catalog related to Curry Preference.	No clinical or diagnostic claims can be made. All rsIDs are externally unvalidated. Results are probabilistic and for informational/wellness purposes only.	3	rs6799195;rs528301;rs6882046		no	yes	structured_catalog_unvalidated	yes	no	yes	no	yes	moderate	A	yes	Non-sensitive trait with structured catalog rsIDs. MVP candidate pending external annotation.	consumer-friendly, non-clinical	Wellness/non-clinical trait report. Genetic markers are externally unvalidated. Results are probabilistic and for informational purposes only.	No genes associated.
wg-2407	dietary_preference	Nutrition & Metabolism	Dark Chocolate Preference	Dark Chocolate Preference	Genetic variants that may influence nutritional metabolism related to Dark Chocolate Preference.	Association testing using genetic markers from the structured WeGene catalog related to Dark Chocolate Preference.	No clinical or diagnostic claims can be made. All rsIDs are externally unvalidated. Results are probabilistic and for informational/wellness purposes only.	5	rs16982;rs96118;rs2472297;rs4653728;rs2106727	ADH1B;GDF15	no	yes	structured_catalog_unvalidated	yes	no	yes	no	yes	moderate	A	yes	Non-sensitive trait with structured catalog rsIDs. MVP candidate pending external annotation.	consumer-friendly, non-clinical	Wellness/non-clinical trait report. Genetic markers are externally unvalidated. Results are probabilistic and for informational purposes only.	
wg-2311	dietary_preference	Nutrition & Metabolism	Dried Fruit Preference	Dried Fruit Preference	Genetic variants that may influence nutritional metabolism related to Dried Fruit Preference.	Association testing using genetic markers from the structured WeGene catalog related to Dried Fruit Preference.	No clinical or diagnostic claims can be made. All rsIDs are externally unvalidated. Results are probabilistic and for informational/wellness purposes only.	2	rs7618456;rs35260863	MLLT10;TRIM66	no	yes	structured_catalog_unvalidated	yes	no	yes	no	yes	moderate	A	yes	Non-sensitive trait with structured catalog rsIDs. MVP candidate pending external annotation.	consumer-friendly, non-clinical	Wellness/non-clinical trait report. Genetic markers are externally unvalidated. Results are probabilistic and for informational purposes only.	
wg-2384	dietary_preference	Nutrition & Metabolism	Drinking Water Preference	Drinking Water Preference	Genetic variants that may influence nutritional metabolism related to Drinking Water Preference.	Association testing using genetic markers from the structured WeGene catalog related to Drinking Water Preference.	No clinical or diagnostic claims can be made. All rsIDs are externally unvalidated. Results are probabilistic and for informational/wellness purposes only.	4	rs12293;rs6541139;rs34967813;rs2339975	RYR2;VRK1	no	yes	structured_catalog_unvalidated	yes	no	yes	no	yes	moderate	A	yes	Non-sensitive trait with structured catalog rsIDs. MVP candidate pending external annotation.	consumer-friendly, non-clinical	Wellness/non-clinical trait report. Genetic markers are externally unvalidated. Results are probabilistic and for informational purposes only.	
wg-2358	dietary_preference	Nutrition & Metabolism	Eggs Preference	Eggs Preference	Genetic variants that may influence nutritional metabolism related to Eggs Preference.	Association testing using genetic markers from the structured WeGene catalog related to Eggs Preference.	No clinical or diagnostic claims can be made. All rsIDs are externally unvalidated. Results are probabilistic and for informational/wellness purposes only.	3	rs429358;rs838133;rs56094641	APOE;CADM2;FGF21;FUT2;MTHFR;SYK	no	yes	structured_catalog_unvalidated	yes	no	yes	no	yes	moderate	A	yes	Non-sensitive trait with structured catalog rsIDs. MVP candidate pending external annotation.	consumer-friendly, non-clinical	Wellness/non-clinical trait report. Genetic markers are externally unvalidated. Results are probabilistic and for informational purposes only.	
wg-2401	dietary_preference	Nutrition & Metabolism	Fizzy Drinks Preference	Fizzy Drinks Preference	Genetic variants that may influence nutritional metabolism related to Fizzy Drinks Preference.	Association testing using genetic markers from the structured WeGene catalog related to Fizzy Drinks Preference.	No clinical or diagnostic claims can be made. All rsIDs are externally unvalidated. Results are probabilistic and for informational/wellness purposes only.	1	rs62033400		no	yes	structured_catalog_unvalidated	yes	no	yes	no	yes	moderate	A	yes	Non-sensitive trait with structured catalog rsIDs. MVP candidate pending external annotation.	consumer-friendly, non-clinical	Wellness/non-clinical trait report. Genetic markers are externally unvalidated. Results are probabilistic and for informational purposes only.	No genes associated.
wg-225	nutrition_metabolism	Nutrition & Metabolism	Folate Nutritional Requirement	Folate Nutritional Requirement	Genetic variants that may influence nutritional metabolism related to Folate Nutritional Requirement.	Association testing using genetic markers from the structured WeGene catalog related to Folate Nutritional Requirement.	No clinical or diagnostic claims can be made. All rsIDs are externally unvalidated. Results are probabilistic and for informational/wellness purposes only.	3	rs1801133;rs1801131;rs1801394	ADA;ADAMTS1;ADH1B;ALDH2;APC;APOE;BRIP1;CASC10;CHRNA;COMT;CYP4A1;CYP4A11;GNAS;IL1B;MLLT10;MMP9;MTHFR;MTRR;NLRP3;PER2;SELE;SYK	no	yes	structured_catalog_unvalidated	yes	no	yes	no	yes	moderate	A	yes	Non-sensitive trait with structured catalog rsIDs. MVP candidate pending external annotation.	consumer-friendly, non-clinical	Wellness/non-clinical trait report. Genetic markers are externally unvalidated. Results are probabilistic and for informational purposes only.	
wg-2324	dietary_preference	Nutrition & Metabolism	Fried Chicken Preference	Fried Chicken Preference	Genetic variants that may influence nutritional metabolism related to Fried Chicken Preference.	Association testing using genetic markers from the structured WeGene catalog related to Fried Chicken Preference.	No clinical or diagnostic claims can be made. All rsIDs are externally unvalidated. Results are probabilistic and for informational/wellness purposes only.	1	rs429358	APOE;CADM2;FGF21;FUT2;MTHFR;SYK	no	yes	structured_catalog_unvalidated	yes	no	yes	no	yes	moderate	A	yes	Non-sensitive trait with structured catalog rsIDs. MVP candidate pending external annotation.	consumer-friendly, non-clinical	Wellness/non-clinical trait report. Genetic markers are externally unvalidated. Results are probabilistic and for informational purposes only.	
wg-2323	dietary_preference	Nutrition & Metabolism	Fried Fish Preference	Fried Fish Preference	Genetic variants that may influence nutritional metabolism related to Fried Fish Preference.	Association testing using genetic markers from the structured WeGene catalog related to Fried Fish Preference.	No clinical or diagnostic claims can be made. All rsIDs are externally unvalidated. Results are probabilistic and for informational/wellness purposes only.	3	rs429358;rs601338;rs79288427	ABCG8;APOE;CADM2;FGF21;FUT2;MTHFR;SLC10A2;SYK;UGT1A1	no	yes	structured_catalog_unvalidated	yes	no	yes	no	yes	moderate	A	yes	Non-sensitive trait with structured catalog rsIDs. MVP candidate pending external annotation.	consumer-friendly, non-clinical	Wellness/non-clinical trait report. Genetic markers are externally unvalidated. Results are probabilistic and for informational purposes only.	
wg-2309	dietary_preference	Nutrition & Metabolism	Garlic Preference	Garlic Preference	Genetic variants that may influence nutritional metabolism related to Garlic Preference.	Association testing using genetic markers from the structured WeGene catalog related to Garlic Preference.	No clinical or diagnostic claims can be made. All rsIDs are externally unvalidated. Results are probabilistic and for informational/wellness purposes only.	2	rs13009019;rs12495758		no	yes	structured_catalog_unvalidated	yes	no	yes	no	yes	moderate	A	yes	Non-sensitive trait with structured catalog rsIDs. MVP candidate pending external annotation.	consumer-friendly, non-clinical	Wellness/non-clinical trait report. Genetic markers are externally unvalidated. Results are probabilistic and for informational purposes only.	No genes associated.
wg-2403	dietary_preference	Nutrition & Metabolism	Gherkins Preference	Gherkins Preference	Genetic variants that may influence nutritional metabolism related to Gherkins Preference.	Association testing using genetic markers from the structured WeGene catalog related to Gherkins Preference.	No clinical or diagnostic claims can be made. All rsIDs are externally unvalidated. Results are probabilistic and for informational/wellness purposes only.	6	rs20068;rs11859;rs12430;rs71328455;rs11926783;rs10474277	AUTS2;BAG6;CDH13;FGF21;GFRA1;HCG9;LIMK2;PEBP4	no	yes	structured_catalog_unvalidated	yes	no	yes	no	yes	moderate	A	yes	Non-sensitive trait with structured catalog rsIDs. MVP candidate pending external annotation.	consumer-friendly, non-clinical	Wellness/non-clinical trait report. Genetic markers are externally unvalidated. Results are probabilistic and for informational purposes only.	
wg-2321	dietary_preference	Nutrition & Metabolism	Globe Artichoke Preference	Globe Artichoke Preference	Genetic variants that may influence nutritional metabolism related to Globe Artichoke Preference.	Association testing using genetic markers from the structured WeGene catalog related to Globe Artichoke Preference.	No clinical or diagnostic claims can be made. All rsIDs are externally unvalidated. Results are probabilistic and for informational/wellness purposes only.	3	rs187580;rs12214204;rs12430440	ARID1B	no	yes	structured_catalog_unvalidated	yes	no	yes	no	yes	moderate	A	yes	Non-sensitive trait with structured catalog rsIDs. MVP candidate pending external annotation.	consumer-friendly, non-clinical	Wellness/non-clinical trait report. Genetic markers are externally unvalidated. Results are probabilistic and for informational purposes only.	
wg-2393	dietary_preference	Nutrition & Metabolism	Goat Cheese Preference	Goat Cheese Preference	Genetic variants that may influence nutritional metabolism related to Goat Cheese Preference.	Association testing using genetic markers from the structured WeGene catalog related to Goat Cheese Preference.	No clinical or diagnostic claims can be made. All rsIDs are externally unvalidated. Results are probabilistic and for informational/wellness purposes only.	1	rs11035710		no	yes	structured_catalog_unvalidated	yes	no	yes	no	yes	moderate	A	yes	Non-sensitive trait with structured catalog rsIDs. MVP candidate pending external annotation.	consumer-friendly, non-clinical	Wellness/non-clinical trait report. Genetic markers are externally unvalidated. Results are probabilistic and for informational purposes only.	No genes associated.
wg-2348	dietary_preference	Nutrition & Metabolism	Grapefruit Preference	Grapefruit Preference	Genetic variants that may influence nutritional metabolism related to Grapefruit Preference.	Association testing using genetic markers from the structured WeGene catalog related to Grapefruit Preference.	No clinical or diagnostic claims can be made. All rsIDs are externally unvalidated. Results are probabilistic and for informational/wellness purposes only.	4	rs543760;rs1726866;rs2236295;rs61912110	TAS2R38	no	yes	structured_catalog_unvalidated	yes	no	yes	no	yes	moderate	A	yes	Non-sensitive trait with structured catalog rsIDs. MVP candidate pending external annotation.	consumer-friendly, non-clinical	Wellness/non-clinical trait report. Genetic markers are externally unvalidated. Results are probabilistic and for informational purposes only.	
wg-2383	dietary_preference	Nutrition & Metabolism	Green Olives Preference	Green Olives Preference	Genetic variants that may influence nutritional metabolism related to Green Olives Preference.	Association testing using genetic markers from the structured WeGene catalog related to Green Olives Preference.	No clinical or diagnostic claims can be made. All rsIDs are externally unvalidated. Results are probabilistic and for informational/wellness purposes only.	6	rs11859;rs12665;rs12773;rs74696461;rs35805189;rs834828	AUTS2;BAG6;CDH13;FGF21;GFRA1;HCG9;LIMK2;PEBP4	no	yes	structured_catalog_unvalidated	yes	no	yes	no	yes	moderate	A	yes	Non-sensitive trait with structured catalog rsIDs. MVP candidate pending external annotation.	consumer-friendly, non-clinical	Wellness/non-clinical trait report. Genetic markers are externally unvalidated. Results are probabilistic and for informational purposes only.	
wg-2386	dietary_preference	Nutrition & Metabolism	Haddock Preference	Haddock Preference	Genetic variants that may influence nutritional metabolism related to Haddock Preference.	Association testing using genetic markers from the structured WeGene catalog related to Haddock Preference.	No clinical or diagnostic claims can be made. All rsIDs are externally unvalidated. Results are probabilistic and for informational/wellness purposes only.	3	rs62148582;rs55798953;rs3105049	APOE;CCDC171;CDH13;FGF21;KIRREL3	no	yes	structured_catalog_unvalidated	yes	no	yes	no	yes	moderate	A	yes	Non-sensitive trait with structured catalog rsIDs. MVP candidate pending external annotation.	consumer-friendly, non-clinical	Wellness/non-clinical trait report. Genetic markers are externally unvalidated. Results are probabilistic and for informational purposes only.	
wg-2322	dietary_preference	Nutrition & Metabolism	Ham Preference	Ham Preference	Genetic variants that may influence nutritional metabolism related to Ham Preference.	Association testing using genetic markers from the structured WeGene catalog related to Ham Preference.	No clinical or diagnostic claims can be made. All rsIDs are externally unvalidated. Results are probabilistic and for informational/wellness purposes only.	4	rs42935;rs4147707;rs10946808;rs8083301	APOE;CADM2;CCDC171;CHD2;FGF21;KIRREL3;NDUFS;NDUFS1;PCCB	no	yes	structured_catalog_unvalidated	yes	no	yes	no	yes	moderate	A	yes	Non-sensitive trait with structured catalog rsIDs. MVP candidate pending external annotation.	consumer-friendly, non-clinical	Wellness/non-clinical trait report. Genetic markers are externally unvalidated. Results are probabilistic and for informational purposes only.	
wg-2357	dietary_preference	Nutrition & Metabolism	Herring Preference	Herring Preference	Genetic variants that may influence nutritional metabolism related to Herring Preference.	Association testing using genetic markers from the structured WeGene catalog related to Herring Preference.	No clinical or diagnostic claims can be made. All rsIDs are externally unvalidated. Results are probabilistic and for informational/wellness purposes only.	5	rs83813;rs11859;rs62148582;rs55985303;rs9862451	APOE;AUTS2;BAG6;CCDC171;CDH13;FGF21;GFRA1;GGT1;HCG9;KIRREL3;LIMK2;MAGI2;PEBP4;TAS2R3;TAS2R38	no	yes	structured_catalog_unvalidated	yes	no	yes	no	yes	moderate	A	yes	Non-sensitive trait with structured catalog rsIDs. MVP candidate pending external annotation.	consumer-friendly, non-clinical	Wellness/non-clinical trait report. Genetic markers are externally unvalidated. Results are probabilistic and for informational purposes only.	
wg-2347	dietary_preference	Nutrition & Metabolism	Honey Preference	Honey Preference	Genetic variants that may influence nutritional metabolism related to Honey Preference.	Association testing using genetic markers from the structured WeGene catalog related to Honey Preference.	No clinical or diagnostic claims can be made. All rsIDs are externally unvalidated. Results are probabilistic and for informational/wellness purposes only.	1	rs10852521		no	yes	structured_catalog_unvalidated	yes	no	yes	no	yes	moderate	A	yes	Non-sensitive trait with structured catalog rsIDs. MVP candidate pending external annotation.	consumer-friendly, non-clinical	Wellness/non-clinical trait report. Genetic markers are externally unvalidated. Results are probabilistic and for informational purposes only.	No genes associated.
wg-2361	dietary_preference	Nutrition & Metabolism	Ice Cream Preference	Ice Cream Preference	Genetic variants that may influence nutritional metabolism related to Ice Cream Preference.	Association testing using genetic markers from the structured WeGene catalog related to Ice Cream Preference.	No clinical or diagnostic claims can be made. All rsIDs are externally unvalidated. Results are probabilistic and for informational/wellness purposes only.	3	rs158408;rs9694306;rs2472297	GDF15	no	yes	structured_catalog_unvalidated	yes	no	yes	no	yes	moderate	A	yes	Non-sensitive trait with structured catalog rsIDs. MVP candidate pending external annotation.	consumer-friendly, non-clinical	Wellness/non-clinical trait report. Genetic markers are externally unvalidated. Results are probabilistic and for informational purposes only.	
wg-251	nutrition_metabolism	Nutrition & Metabolism	Iron Nutritional Requirement	Iron Nutritional Requirement	Genetic variants that may influence nutritional metabolism related to Iron Nutritional Requirement.	Association testing using genetic markers from the structured WeGene catalog related to Iron Nutritional Requirement.	No clinical or diagnostic claims can be made. All rsIDs are externally unvalidated. Results are probabilistic and for informational/wellness purposes only.	4	rs12718;rs18009;rs4820268;rs855791	HNF4A;IKZF1;SLCO1B1;TMPRSS6;TMPRSSGG	no	yes	structured_catalog_unvalidated	yes	no	yes	no	yes	moderate	A	yes	Non-sensitive trait with structured catalog rsIDs. MVP candidate pending external annotation.	consumer-friendly, non-clinical	Wellness/non-clinical trait report. Genetic markers are externally unvalidated. Results are probabilistic and for informational purposes only.	
wg-2377	dietary_preference	Nutrition & Metabolism	Ketchup Preference	Ketchup Preference	Genetic variants that may influence nutritional metabolism related to Ketchup Preference.	Association testing using genetic markers from the structured WeGene catalog related to Ketchup Preference.	No clinical or diagnostic claims can be made. All rsIDs are externally unvalidated. Results are probabilistic and for informational/wellness purposes only.	2	rs2271342;rs4940994		no	yes	structured_catalog_unvalidated	yes	no	yes	no	yes	moderate	A	yes	Non-sensitive trait with structured catalog rsIDs. MVP candidate pending external annotation.	consumer-friendly, non-clinical	Wellness/non-clinical trait report. Genetic markers are externally unvalidated. Results are probabilistic and for informational purposes only.	No genes associated.
wg-5	nutrition_metabolism	Nutrition & Metabolism	Lactose Metabolism	Lactose Metabolism	Genetic variants that may influence nutritional metabolism related to Lactose Metabolism.	Association testing using genetic markers from the structured WeGene catalog related to Lactose Metabolism.	No clinical or diagnostic claims can be made. All rsIDs are externally unvalidated. Results are probabilistic and for informational/wellness purposes only.	2	rs4988235;rs182549	MAPKA;MAPKAP1;MCM6;P1	no	yes	structured_catalog_unvalidated	yes	no	yes	no	yes	moderate	A	yes	Non-sensitive trait with structured catalog rsIDs. MVP candidate pending external annotation.	consumer-friendly, non-clinical	Wellness/non-clinical trait report. Genetic markers are externally unvalidated. Results are probabilistic and for informational purposes only.	
wg-2396	dietary_preference	Nutrition & Metabolism	Lager Preference	Lager Preference	Genetic variants that may influence nutritional metabolism related to Lager Preference.	Association testing using genetic markers from the structured WeGene catalog related to Lager Preference.	No clinical or diagnostic claims can be made. All rsIDs are externally unvalidated. Results are probabilistic and for informational/wellness purposes only.	4	rs28137;rs76084961;rs1229984;rs41851	ADH1B;ADH1C;ALDH2;CYP1A1;EPHX1;MIR1273;MIR1273H;SLC6A3;TAS2R38	no	yes	structured_catalog_unvalidated	yes	no	yes	no	yes	moderate	A	yes	Non-sensitive trait with structured catalog rsIDs. MVP candidate pending external annotation.	consumer-friendly, non-clinical	Wellness/non-clinical trait report. Genetic markers are externally unvalidated. Results are probabilistic and for informational purposes only.	
wg-2333	dietary_preference	Nutrition & Metabolism	Lamb Preference	Lamb Preference	Genetic variants that may influence nutritional metabolism related to Lamb Preference.	Association testing using genetic markers from the structured WeGene catalog related to Lamb Preference.	No clinical or diagnostic claims can be made. All rsIDs are externally unvalidated. Results are probabilistic and for informational/wellness purposes only.	4	rs42935;rs6435326;rs76395182;rs4400143	APOE;CADM2;CCDC171;CHD2;FGF21;KIRREL3;NDUFS;NDUFS1;PCCB	no	yes	structured_catalog_unvalidated	yes	no	yes	no	yes	moderate	A	yes	Non-sensitive trait with structured catalog rsIDs. MVP candidate pending external annotation.	consumer-friendly, non-clinical	Wellness/non-clinical trait report. Genetic markers are externally unvalidated. Results are probabilistic and for informational purposes only.	
wg-2292	dietary_preference	Nutrition & Metabolism	Leisure Computer Use Preference​	Leisure Computer Use Preference​	Genetic variants that may influence nutritional metabolism related to Leisure Computer Use Preference​.	Association testing using genetic markers from the structured WeGene catalog related to Leisure Computer Use Preference​.	No clinical or diagnostic claims can be made. All rsIDs are externally unvalidated. Results are probabilistic and for informational/wellness purposes only.	6	rs27348;rs11385;rs93726;rs10208088;rs6905544;rs2748985	ANKK1;EXOC4;SEMA6D	no	yes	structured_catalog_unvalidated	yes	no	yes	no	yes	moderate	A	yes	Non-sensitive trait with structured catalog rsIDs. MVP candidate pending external annotation.	consumer-friendly, non-clinical	Wellness/non-clinical trait report. Genetic markers are externally unvalidated. Results are probabilistic and for informational purposes only.	
wg-2293	dietary_preference	Nutrition & Metabolism	Leisure TV Watching Preference​	Leisure TV Watching Preference​	Genetic variants that may influence nutritional metabolism related to Leisure TV Watching Preference​.	Association testing using genetic markers from the structured WeGene catalog related to Leisure TV Watching Preference​.	No clinical or diagnostic claims can be made. All rsIDs are externally unvalidated. Results are probabilistic and for informational/wellness purposes only.	6	rs10876;rs11245;rs62379;rs7788008;rs10947452;rs2034768	BCL11A;CTBP2;HELZ;HMGA2	no	yes	structured_catalog_unvalidated	yes	no	yes	no	yes	moderate	A	yes	Non-sensitive trait with structured catalog rsIDs. MVP candidate pending external annotation.	consumer-friendly, non-clinical	Wellness/non-clinical trait report. Genetic markers are externally unvalidated. Results are probabilistic and for informational purposes only.	
wg-2315	dietary_preference	Nutrition & Metabolism	Lemons Preference	Lemons Preference	Genetic variants that may influence nutritional metabolism related to Lemons Preference.	Association testing using genetic markers from the structured WeGene catalog related to Lemons Preference.	No clinical or diagnostic claims can be made. All rsIDs are externally unvalidated. Results are probabilistic and for informational/wellness purposes only.	2	rs8097318;rs786272		no	yes	structured_catalog_unvalidated	yes	no	yes	no	yes	moderate	A	yes	Non-sensitive trait with structured catalog rsIDs. MVP candidate pending external annotation.	consumer-friendly, non-clinical	Wellness/non-clinical trait report. Genetic markers are externally unvalidated. Results are probabilistic and for informational purposes only.	No genes associated.
wg-2279	dietary_preference	Nutrition & Metabolism	Long Sleep Preference​	Long Sleep Preference​	Genetic variants that may influence nutritional metabolism related to Long Sleep Preference​.	Association testing using genetic markers from the structured WeGene catalog related to Long Sleep Preference​.	No clinical or diagnostic claims can be made. All rsIDs are externally unvalidated. Results are probabilistic and for informational/wellness purposes only.	5	rs17427;rs20502;rs113851554;rs8050478;rs1517572	MAPKAP1;OLFM2;RBFOX1;SHISA6	no	yes	structured_catalog_unvalidated	yes	no	yes	no	yes	moderate	A	yes	Non-sensitive trait with structured catalog rsIDs. MVP candidate pending external annotation.	consumer-friendly, non-clinical	Wellness/non-clinical trait report. Genetic markers are externally unvalidated. Results are probabilistic and for informational purposes only.	
wg-2356	dietary_preference	Nutrition & Metabolism	Mackerel Preference	Mackerel Preference	Genetic variants that may influence nutritional metabolism related to Mackerel Preference.	Association testing using genetic markers from the structured WeGene catalog related to Mackerel Preference.	No clinical or diagnostic claims can be made. All rsIDs are externally unvalidated. Results are probabilistic and for informational/wellness purposes only.	4	rs11859;rs2110529;rs62171962;rs4528931	AUTS2;BAG6;CDH13;FGF21;GFRA1;HCG9;LIMK2;PEBP4	no	yes	structured_catalog_unvalidated	yes	no	yes	no	yes	moderate	A	yes	Non-sensitive trait with structured catalog rsIDs. MVP candidate pending external annotation.	consumer-friendly, non-clinical	Wellness/non-clinical trait report. Genetic markers are externally unvalidated. Results are probabilistic and for informational purposes only.	
wg-1707	nutrition_metabolism	Nutrition & Metabolism	Magnesium Nutritional Requirement	Magnesium Nutritional Requirement	Genetic variants that may influence nutritional metabolism related to Magnesium Nutritional Requirement.	Association testing using genetic markers from the structured WeGene catalog related to Magnesium Nutritional Requirement.	No clinical or diagnostic claims can be made. All rsIDs are externally unvalidated. Results are probabilistic and for informational/wellness purposes only.	3	rs40720;rs13146355;rs3925584	M3;MUC1;SHROO;SHROOM3	no	yes	structured_catalog_unvalidated	yes	no	yes	no	yes	moderate	A	yes	Non-sensitive trait with structured catalog rsIDs. MVP candidate pending external annotation.	consumer-friendly, non-clinical	Wellness/non-clinical trait report. Genetic markers are externally unvalidated. Results are probabilistic and for informational purposes only.	
wg-2369	dietary_preference	Nutrition & Metabolism	Marzipan Preference	Marzipan Preference	Genetic variants that may influence nutritional metabolism related to Marzipan Preference.	Association testing using genetic markers from the structured WeGene catalog related to Marzipan Preference.	No clinical or diagnostic claims can be made. All rsIDs are externally unvalidated. Results are probabilistic and for informational/wellness purposes only.	1	rs514659	ABO	no	yes	structured_catalog_unvalidated	yes	no	yes	no	yes	moderate	A	yes	Non-sensitive trait with structured catalog rsIDs. MVP candidate pending external annotation.	consumer-friendly, non-clinical	Wellness/non-clinical trait report. Genetic markers are externally unvalidated. Results are probabilistic and for informational purposes only.	
wg-2288	dietary_preference	Nutrition & Metabolism	Morningness Preference​​	Morningness Preference​​	Genetic variants that may influence nutritional metabolism related to Morningness Preference​​.	Association testing using genetic markers from the structured WeGene catalog related to Morningness Preference​​.	No clinical or diagnostic claims can be made. All rsIDs are externally unvalidated. Results are probabilistic and for informational/wellness purposes only.	6	rs10838;rs37966;rs46666;rs909757;rs75120545;rs6727752	HCRTR2;MADD;PLCL1	no	yes	structured_catalog_unvalidated	yes	no	yes	no	yes	moderate	A	yes	Non-sensitive trait with structured catalog rsIDs. MVP candidate pending external annotation.	consumer-friendly, non-clinical	Wellness/non-clinical trait report. Genetic markers are externally unvalidated. Results are probabilistic and for informational purposes only.	
wg-2344	dietary_preference	Nutrition & Metabolism	Mushroom Preference	Mushroom Preference	Genetic variants that may influence nutritional metabolism related to Mushroom Preference.	Association testing using genetic markers from the structured WeGene catalog related to Mushroom Preference.	No clinical or diagnostic claims can be made. All rsIDs are externally unvalidated. Results are probabilistic and for informational/wellness purposes only.	5	rs20733;rs83813;rs6804842;rs3807688;rs11859365	APOE;CCDC171;CDH13;FGF21;GGT1;KIRREL3;MAGI2;TAS2R3;TAS2R38	no	yes	structured_catalog_unvalidated	yes	no	yes	no	yes	moderate	A	yes	Non-sensitive trait with structured catalog rsIDs. MVP candidate pending external annotation.	consumer-friendly, non-clinical	Wellness/non-clinical trait report. Genetic markers are externally unvalidated. Results are probabilistic and for informational purposes only.	
wg-2280	dietary_preference	Nutrition & Metabolism	Nap Preference​	Nap Preference​	Genetic variants that may influence nutritional metabolism related to Nap Preference​.	Association testing using genetic markers from the structured WeGene catalog related to Nap Preference​.	No clinical or diagnostic claims can be made. All rsIDs are externally unvalidated. Results are probabilistic and for informational/wellness purposes only.	6	rs17454;rs35039;rs13263;rs2893323;rs9389556;rs528301822	ECE2;ZBTB5;ZHX3	no	yes	structured_catalog_unvalidated	yes	no	yes	no	yes	moderate	A	yes	Non-sensitive trait with structured catalog rsIDs. MVP candidate pending external annotation.	consumer-friendly, non-clinical	Wellness/non-clinical trait report. Genetic markers are externally unvalidated. Results are probabilistic and for informational purposes only.	
wg-2320	dietary_preference	Nutrition & Metabolism	Onion Preference	Onion Preference	Genetic variants that may influence nutritional metabolism related to Onion Preference.	Association testing using genetic markers from the structured WeGene catalog related to Onion Preference.	No clinical or diagnostic claims can be made. All rsIDs are externally unvalidated. Results are probabilistic and for informational/wellness purposes only.	3	rs838133;rs7511986;rs9959497	APOE;FGF21	no	yes	structured_catalog_unvalidated	yes	no	yes	no	yes	moderate	A	yes	Non-sensitive trait with structured catalog rsIDs. MVP candidate pending external annotation.	consumer-friendly, non-clinical	Wellness/non-clinical trait report. Genetic markers are externally unvalidated. Results are probabilistic and for informational purposes only.	
wg-2319	dietary_preference	Nutrition & Metabolism	Orange Juice Preference	Orange Juice Preference	Genetic variants that may influence nutritional metabolism related to Orange Juice Preference.	Association testing using genetic markers from the structured WeGene catalog related to Orange Juice Preference.	No clinical or diagnostic claims can be made. All rsIDs are externally unvalidated. Results are probabilistic and for informational/wellness purposes only.	1	rs12149574		no	yes	structured_catalog_unvalidated	yes	no	yes	no	yes	moderate	A	yes	Non-sensitive trait with structured catalog rsIDs. MVP candidate pending external annotation.	consumer-friendly, non-clinical	Wellness/non-clinical trait report. Genetic markers are externally unvalidated. Results are probabilistic and for informational purposes only.	No genes associated.
wg-2318	dietary_preference	Nutrition & Metabolism	Oranges Preference	Oranges Preference	Genetic variants that may influence nutritional metabolism related to Oranges Preference.	Association testing using genetic markers from the structured WeGene catalog related to Oranges Preference.	No clinical or diagnostic claims can be made. All rsIDs are externally unvalidated. Results are probabilistic and for informational/wellness purposes only.	2	rs553450800;rs10423928		no	yes	structured_catalog_unvalidated	yes	no	yes	no	yes	moderate	A	yes	Non-sensitive trait with structured catalog rsIDs. MVP candidate pending external annotation.	consumer-friendly, non-clinical	Wellness/non-clinical trait report. Genetic markers are externally unvalidated. Results are probabilistic and for informational purposes only.	No genes associated.
wg-2316	dietary_preference	Nutrition & Metabolism	Pears Preference	Pears Preference	Genetic variants that may influence nutritional metabolism related to Pears Preference.	Association testing using genetic markers from the structured WeGene catalog related to Pears Preference.	No clinical or diagnostic claims can be made. All rsIDs are externally unvalidated. Results are probabilistic and for informational/wellness purposes only.	2	rs4953148;rs2504701		no	yes	structured_catalog_unvalidated	yes	no	yes	no	yes	moderate	A	yes	Non-sensitive trait with structured catalog rsIDs. MVP candidate pending external annotation.	consumer-friendly, non-clinical	Wellness/non-clinical trait report. Genetic markers are externally unvalidated. Results are probabilistic and for informational purposes only.	No genes associated.
wg-2312	dietary_preference	Nutrition & Metabolism	Pizza Preference	Pizza Preference	Genetic variants that may influence nutritional metabolism related to Pizza Preference.	Association testing using genetic markers from the structured WeGene catalog related to Pizza Preference.	No clinical or diagnostic claims can be made. All rsIDs are externally unvalidated. Results are probabilistic and for informational/wellness purposes only.	3	rs281377;rs13250449;rs3791203	FUT2	no	yes	structured_catalog_unvalidated	yes	no	yes	no	yes	moderate	A	yes	Non-sensitive trait with structured catalog rsIDs. MVP candidate pending external annotation.	consumer-friendly, non-clinical	Wellness/non-clinical trait report. Genetic markers are externally unvalidated. Results are probabilistic and for informational purposes only.	
wg-2314	dietary_preference	Nutrition & Metabolism	Plums Preference	Plums Preference	Genetic variants that may influence nutritional metabolism related to Plums Preference.	Association testing using genetic markers from the structured WeGene catalog related to Plums Preference.	No clinical or diagnostic claims can be made. All rsIDs are externally unvalidated. Results are probabilistic and for informational/wellness purposes only.	3	rs2504714;rs2316901;rs35260863	MLLT10;TRIM66	no	yes	structured_catalog_unvalidated	yes	no	yes	no	yes	moderate	A	yes	Non-sensitive trait with structured catalog rsIDs. MVP candidate pending external annotation.	consumer-friendly, non-clinical	Wellness/non-clinical trait report. Genetic markers are externally unvalidated. Results are probabilistic and for informational purposes only.	
wg-2368	dietary_preference	Nutrition & Metabolism	Pollock Preference	Pollock Preference	Genetic variants that may influence nutritional metabolism related to Pollock Preference.	Association testing using genetic markers from the structured WeGene catalog related to Pollock Preference.	No clinical or diagnostic claims can be made. All rsIDs are externally unvalidated. Results are probabilistic and for informational/wellness purposes only.	1	rs3105049		no	yes	structured_catalog_unvalidated	yes	no	yes	no	yes	moderate	A	yes	Non-sensitive trait with structured catalog rsIDs. MVP candidate pending external annotation.	consumer-friendly, non-clinical	Wellness/non-clinical trait report. Genetic markers are externally unvalidated. Results are probabilistic and for informational purposes only.	No genes associated.
wg-2328	dietary_preference	Nutrition & Metabolism	Pork Preference	Pork Preference	Genetic variants that may influence nutritional metabolism related to Pork Preference.	Association testing using genetic markers from the structured WeGene catalog related to Pork Preference.	No clinical or diagnostic claims can be made. All rsIDs are externally unvalidated. Results are probabilistic and for informational/wellness purposes only.	5	rs42935;rs80833;rs6425817;rs4908972;rs62250717	APOE;CADM2;CCDC171;CHD2;FGF21;KIRREL3;NDUFS;NDUFS1;PCCB	no	yes	structured_catalog_unvalidated	yes	no	yes	no	yes	moderate	A	yes	Non-sensitive trait with structured catalog rsIDs. MVP candidate pending external annotation.	consumer-friendly, non-clinical	Wellness/non-clinical trait report. Genetic markers are externally unvalidated. Results are probabilistic and for informational purposes only.	
wg-2372	dietary_preference	Nutrition & Metabolism	Porridge Preference	Porridge Preference	Genetic variants that may influence nutritional metabolism related to Porridge Preference.	Association testing using genetic markers from the structured WeGene catalog related to Porridge Preference.	No clinical or diagnostic claims can be made. All rsIDs are externally unvalidated. Results are probabilistic and for informational/wellness purposes only.	4	rs55872;rs10789340;rs1593062;rs9569324	FTOCC;GFRA1	no	yes	structured_catalog_unvalidated	yes	no	yes	no	yes	moderate	A	yes	Non-sensitive trait with structured catalog rsIDs. MVP candidate pending external annotation.	consumer-friendly, non-clinical	Wellness/non-clinical trait report. Genetic markers are externally unvalidated. Results are probabilistic and for informational purposes only.	
wg-2313	dietary_preference	Nutrition & Metabolism	Prawns Preference	Prawns Preference	Genetic variants that may influence nutritional metabolism related to Prawns Preference.	Association testing using genetic markers from the structured WeGene catalog related to Prawns Preference.	No clinical or diagnostic claims can be made. All rsIDs are externally unvalidated. Results are probabilistic and for informational/wellness purposes only.	5	rs42935;rs83813;rs62148582;rs715280;rs2526389	APOE;CADM2;CCDC171;CDH13;CHD2;FGF21;GGT1;KIRREL3;MAGI2;NDUFS;NDUFS1;PCCB;TAS2R3;TAS2R38	no	yes	structured_catalog_unvalidated	yes	no	yes	no	yes	moderate	A	yes	Non-sensitive trait with structured catalog rsIDs. MVP candidate pending external annotation.	consumer-friendly, non-clinical	Wellness/non-clinical trait report. Genetic markers are externally unvalidated. Results are probabilistic and for informational purposes only.	
wg-2399	dietary_preference	Nutrition & Metabolism	Raw Carrots Preference	Raw Carrots Preference	Genetic variants that may influence nutritional metabolism related to Raw Carrots Preference.	Association testing using genetic markers from the structured WeGene catalog related to Raw Carrots Preference.	No clinical or diagnostic claims can be made. All rsIDs are externally unvalidated. Results are probabilistic and for informational/wellness purposes only.	5	rs22411;rs99726;rs2952186;rs2380937;rs12005972		no	yes	structured_catalog_unvalidated	yes	no	yes	no	yes	moderate	A	yes	Non-sensitive trait with structured catalog rsIDs. MVP candidate pending external annotation.	consumer-friendly, non-clinical	Wellness/non-clinical trait report. Genetic markers are externally unvalidated. Results are probabilistic and for informational purposes only.	No genes associated.
wg-2402	dietary_preference	Nutrition & Metabolism	Red Wine Preference	Red Wine Preference	Genetic variants that may influence nutritional metabolism related to Red Wine Preference.	Association testing using genetic markers from the structured WeGene catalog related to Red Wine Preference.	No clinical or diagnostic claims can be made. All rsIDs are externally unvalidated. Results are probabilistic and for informational/wellness purposes only.	4	rs102469;rs62244888;rs3887138;rs1229984	ADH1B;ADH1C;ALDH2;CYP1A1;EPHX1;MIR1273;MIR1273H;SLC6A3;TAS2R38	no	yes	structured_catalog_unvalidated	yes	no	yes	no	yes	moderate	A	yes	Non-sensitive trait with structured catalog rsIDs. MVP candidate pending external annotation.	consumer-friendly, non-clinical	Wellness/non-clinical trait report. Genetic markers are externally unvalidated. Results are probabilistic and for informational purposes only.	
wg-2325	dietary_preference	Nutrition & Metabolism	Roast Chicken Preference	Roast Chicken Preference	Genetic variants that may influence nutritional metabolism related to Roast Chicken Preference.	Association testing using genetic markers from the structured WeGene catalog related to Roast Chicken Preference.	No clinical or diagnostic claims can be made. All rsIDs are externally unvalidated. Results are probabilistic and for informational/wellness purposes only.	3	rs429358;rs186775337;rs8083301	APOE;CADM2;FGF21;FUT2;MTHFR;NDUFS;NDUFS1;SYK	no	yes	structured_catalog_unvalidated	yes	no	yes	no	yes	moderate	A	yes	Non-sensitive trait with structured catalog rsIDs. MVP candidate pending external annotation.	consumer-friendly, non-clinical	Wellness/non-clinical trait report. Genetic markers are externally unvalidated. Results are probabilistic and for informational purposes only.	
wg-2371	dietary_preference	Nutrition & Metabolism	Salad Dressing Preference	Salad Dressing Preference	Genetic variants that may influence nutritional metabolism related to Salad Dressing Preference.	Association testing using genetic markers from the structured WeGene catalog related to Salad Dressing Preference.	No clinical or diagnostic claims can be made. All rsIDs are externally unvalidated. Results are probabilistic and for informational/wellness purposes only.	2	rs7741058;rs142175605		no	yes	structured_catalog_unvalidated	yes	no	yes	no	yes	moderate	A	yes	Non-sensitive trait with structured catalog rsIDs. MVP candidate pending external annotation.	consumer-friendly, non-clinical	Wellness/non-clinical trait report. Genetic markers are externally unvalidated. Results are probabilistic and for informational purposes only.	No genes associated.
wg-2411	dietary_preference	Nutrition & Metabolism	Salami Preference	Salami Preference	Genetic variants that may influence nutritional metabolism related to Salami Preference.	Association testing using genetic markers from the structured WeGene catalog related to Salami Preference.	No clinical or diagnostic claims can be made. All rsIDs are externally unvalidated. Results are probabilistic and for informational/wellness purposes only.	6	rs11642;rs13262;rs62244;rs186775337;rs8083301;rs429358	APOE;CADM2;FGF21;FTO;FTOCC;FUT2;HTR3E;MTHFR;NDUFS;NDUFS1;OR10A3;SYK	no	yes	structured_catalog_unvalidated	yes	no	yes	no	yes	moderate	A	yes	Non-sensitive trait with structured catalog rsIDs. MVP candidate pending external annotation.	consumer-friendly, non-clinical	Wellness/non-clinical trait report. Genetic markers are externally unvalidated. Results are probabilistic and for informational purposes only.	
wg-2360	dietary_preference	Nutrition & Metabolism	Salmon Preference	Salmon Preference	Genetic variants that may influence nutritional metabolism related to Salmon Preference.	Association testing using genetic markers from the structured WeGene catalog related to Salmon Preference.	No clinical or diagnostic claims can be made. All rsIDs are externally unvalidated. Results are probabilistic and for informational/wellness purposes only.	4	rs11859;rs3106840;rs62148585;rs967168	AUTS2;BAG6;CDH13;FGF21;GFRA1;HCG9;LIMK2;PEBP4	no	yes	structured_catalog_unvalidated	yes	no	yes	no	yes	moderate	A	yes	Non-sensitive trait with structured catalog rsIDs. MVP candidate pending external annotation.	consumer-friendly, non-clinical	Wellness/non-clinical trait report. Genetic markers are externally unvalidated. Results are probabilistic and for informational purposes only.	
wg-2332	dietary_preference	Nutrition & Metabolism	Salt Preference	Salt Preference	Genetic variants that may influence nutritional metabolism related to Salt Preference.	Association testing using genetic markers from the structured WeGene catalog related to Salt Preference.	No clinical or diagnostic claims can be made. All rsIDs are externally unvalidated. Results are probabilistic and for informational/wellness purposes only.	4	rs17268;rs13388416;rs7591518;rs7638932	TAS2R3;TAS2R38;TEX41	no	yes	structured_catalog_unvalidated	yes	no	yes	no	yes	moderate	A	yes	Non-sensitive trait with structured catalog rsIDs. MVP candidate pending external annotation.	consumer-friendly, non-clinical	Wellness/non-clinical trait report. Genetic markers are externally unvalidated. Results are probabilistic and for informational purposes only.	
wg-2412	dietary_preference	Nutrition & Metabolism	Salty Pretzels Preference	Salty Pretzels Preference	Genetic variants that may influence nutritional metabolism related to Salty Pretzels Preference.	Association testing using genetic markers from the structured WeGene catalog related to Salty Pretzels Preference.	No clinical or diagnostic claims can be made. All rsIDs are externally unvalidated. Results are probabilistic and for informational/wellness purposes only.	4	rs54376;rs13262595;rs589085;rs2638281		no	yes	structured_catalog_unvalidated	yes	no	yes	no	yes	moderate	A	yes	Non-sensitive trait with structured catalog rsIDs. MVP candidate pending external annotation.	consumer-friendly, non-clinical	Wellness/non-clinical trait report. Genetic markers are externally unvalidated. Results are probabilistic and for informational purposes only.	No genes associated.
wg-2370	dietary_preference	Nutrition & Metabolism	Sardines Preference	Sardines Preference	Genetic variants that may influence nutritional metabolism related to Sardines Preference.	Association testing using genetic markers from the structured WeGene catalog related to Sardines Preference.	No clinical or diagnostic claims can be made. All rsIDs are externally unvalidated. Results are probabilistic and for informational/wellness purposes only.	4	rs11859;rs2110529;rs55985303;rs6789291	AUTS2;BAG6;CDH13;FGF21;GFRA1;HCG9;LIMK2;PEBP4	no	yes	structured_catalog_unvalidated	yes	no	yes	no	yes	moderate	A	yes	Non-sensitive trait with structured catalog rsIDs. MVP candidate pending external annotation.	consumer-friendly, non-clinical	Wellness/non-clinical trait report. Genetic markers are externally unvalidated. Results are probabilistic and for informational purposes only.	
wg-2353	dietary_preference	Nutrition & Metabolism	Sausages Preference	Sausages Preference	Genetic variants that may influence nutritional metabolism related to Sausages Preference.	Association testing using genetic markers from the structured WeGene catalog related to Sausages Preference.	No clinical or diagnostic claims can be made. All rsIDs are externally unvalidated. Results are probabilistic and for informational/wellness purposes only.	2	rs429358;rs72839449	APOE;CADM2;FGF21;FUT2;MTHFR;SYK	no	yes	structured_catalog_unvalidated	yes	no	yes	no	yes	moderate	A	yes	Non-sensitive trait with structured catalog rsIDs. MVP candidate pending external annotation.	consumer-friendly, non-clinical	Wellness/non-clinical trait report. Genetic markers are externally unvalidated. Results are probabilistic and for informational purposes only.	
wg-2391	dietary_preference	Nutrition & Metabolism	Savory Biscuits Preference	Savory Biscuits Preference	Genetic variants that may influence nutritional metabolism related to Savory Biscuits Preference.	Association testing using genetic markers from the structured WeGene catalog related to Savory Biscuits Preference.	No clinical or diagnostic claims can be made. All rsIDs are externally unvalidated. Results are probabilistic and for informational/wellness purposes only.	1	rs56131196		no	yes	structured_catalog_unvalidated	yes	no	yes	no	yes	moderate	A	yes	Non-sensitive trait with structured catalog rsIDs. MVP candidate pending external annotation.	consumer-friendly, non-clinical	Wellness/non-clinical trait report. Genetic markers are externally unvalidated. Results are probabilistic and for informational purposes only.	No genes associated.
wg-2278	dietary_preference	Nutrition & Metabolism	Sedentary Preference​​	Sedentary Preference​​	Genetic variants that may influence nutritional metabolism related to Sedentary Preference​​.	Association testing using genetic markers from the structured WeGene catalog related to Sedentary Preference​​.	No clinical or diagnostic claims can be made. All rsIDs are externally unvalidated. Results are probabilistic and for informational/wellness purposes only.	5	rs18582;rs34858;rs4596363;rs4518438;rs8450	CRTC2;MEF2C	no	yes	structured_catalog_unvalidated	yes	no	yes	no	yes	moderate	A	yes	Non-sensitive trait with structured catalog rsIDs. MVP candidate pending external annotation.	consumer-friendly, non-clinical	Wellness/non-clinical trait report. Genetic markers are externally unvalidated. Results are probabilistic and for informational purposes only.	
wg-2326	dietary_preference	Nutrition & Metabolism	Smoked Fish Preference	Smoked Fish Preference	Genetic variants that may influence nutritional metabolism related to Smoked Fish Preference.	Association testing using genetic markers from the structured WeGene catalog related to Smoked Fish Preference.	No clinical or diagnostic claims can be made. All rsIDs are externally unvalidated. Results are probabilistic and for informational/wellness purposes only.	4	rs83813;rs55985303;rs12653396;rs62033405	APOE;CCDC171;CDH13;FGF21;GGT1;KIRREL3;LIMK2;MAGI2;TAS2R3;TAS2R38	no	yes	structured_catalog_unvalidated	yes	no	yes	no	yes	moderate	A	yes	Non-sensitive trait with structured catalog rsIDs. MVP candidate pending external annotation.	consumer-friendly, non-clinical	Wellness/non-clinical trait report. Genetic markers are externally unvalidated. Results are probabilistic and for informational purposes only.	
wg-2341	dietary_preference	Nutrition & Metabolism	Spinach Preference	Spinach Preference	Genetic variants that may influence nutritional metabolism related to Spinach Preference.	Association testing using genetic markers from the structured WeGene catalog related to Spinach Preference.	No clinical or diagnostic claims can be made. All rsIDs are externally unvalidated. Results are probabilistic and for informational/wellness purposes only.	3	rs26434;rs12156350;rs112725644	PAM	no	yes	structured_catalog_unvalidated	yes	no	yes	no	yes	moderate	A	yes	Non-sensitive trait with structured catalog rsIDs. MVP candidate pending external annotation.	consumer-friendly, non-clinical	Wellness/non-clinical trait report. Genetic markers are externally unvalidated. Results are probabilistic and for informational purposes only.	
wg-2289	dietary_preference	Nutrition & Metabolism	Sun-Seeking Preference	Sun-Seeking Preference	Genetic variants that may influence nutritional metabolism related to Sun-Seeking Preference.	Association testing using genetic markers from the structured WeGene catalog related to Sun-Seeking Preference.	No clinical or diagnostic claims can be made. All rsIDs are externally unvalidated. Results are probabilistic and for informational/wellness purposes only.	3	rs2570497;rs133937;rs76112426		no	yes	structured_catalog_unvalidated	yes	no	yes	no	yes	moderate	A	yes	Non-sensitive trait with structured catalog rsIDs. MVP candidate pending external annotation.	consumer-friendly, non-clinical	Wellness/non-clinical trait report. Genetic markers are externally unvalidated. Results are probabilistic and for informational purposes only.	No genes associated.
wg-2363	dietary_preference	Nutrition & Metabolism	Tea with Sugar Preference	Tea with Sugar Preference	Genetic variants that may influence nutritional metabolism related to Tea with Sugar Preference.	Association testing using genetic markers from the structured WeGene catalog related to Tea with Sugar Preference.	No clinical or diagnostic claims can be made. All rsIDs are externally unvalidated. Results are probabilistic and for informational/wellness purposes only.	4	rs99726;rs145623467;rs617999;rs10772380		no	yes	structured_catalog_unvalidated	yes	no	yes	no	yes	moderate	A	yes	Non-sensitive trait with structured catalog rsIDs. MVP candidate pending external annotation.	consumer-friendly, non-clinical	Wellness/non-clinical trait report. Genetic markers are externally unvalidated. Results are probabilistic and for informational purposes only.	No genes associated.
wg-2367	dietary_preference	Nutrition & Metabolism	Tea without Sugar Preference	Tea without Sugar Preference	Genetic variants that may influence nutritional metabolism related to Tea without Sugar Preference.	Association testing using genetic markers from the structured WeGene catalog related to Tea without Sugar Preference.	No clinical or diagnostic claims can be made. All rsIDs are externally unvalidated. Results are probabilistic and for informational/wellness purposes only.	1	rs12653396	FGF21	no	yes	structured_catalog_unvalidated	yes	no	yes	no	yes	moderate	A	yes	Non-sensitive trait with structured catalog rsIDs. MVP candidate pending external annotation.	consumer-friendly, non-clinical	Wellness/non-clinical trait report. Genetic markers are externally unvalidated. Results are probabilistic and for informational purposes only.	
wg-2410	dietary_preference	Nutrition & Metabolism	Tinned Tuna Preference	Tinned Tuna Preference	Genetic variants that may influence nutritional metabolism related to Tinned Tuna Preference.	Association testing using genetic markers from the structured WeGene catalog related to Tinned Tuna Preference.	No clinical or diagnostic claims can be made. All rsIDs are externally unvalidated. Results are probabilistic and for informational/wellness purposes only.	2	rs838133;rs56094641	APOE;FGF21	no	yes	structured_catalog_unvalidated	yes	no	yes	no	yes	moderate	A	yes	Non-sensitive trait with structured catalog rsIDs. MVP candidate pending external annotation.	consumer-friendly, non-clinical	Wellness/non-clinical trait report. Genetic markers are externally unvalidated. Results are probabilistic and for informational purposes only.	
wg-2331	dietary_preference	Nutrition & Metabolism	Tomatoes Preference	Tomatoes Preference	Genetic variants that may influence nutritional metabolism related to Tomatoes Preference.	Association testing using genetic markers from the structured WeGene catalog related to Tomatoes Preference.	No clinical or diagnostic claims can be made. All rsIDs are externally unvalidated. Results are probabilistic and for informational/wellness purposes only.	2	rs4240637;rs11370368	MSRA	no	yes	structured_catalog_unvalidated	yes	no	yes	no	yes	moderate	A	yes	Non-sensitive trait with structured catalog rsIDs. MVP candidate pending external annotation.	consumer-friendly, non-clinical	Wellness/non-clinical trait report. Genetic markers are externally unvalidated. Results are probabilistic and for informational purposes only.	
wg-2334	dietary_preference	Nutrition & Metabolism	Turnip Preference	Turnip Preference	Genetic variants that may influence nutritional metabolism related to Turnip Preference.	Association testing using genetic markers from the structured WeGene catalog related to Turnip Preference.	No clinical or diagnostic claims can be made. All rsIDs are externally unvalidated. Results are probabilistic and for informational/wellness purposes only.	3	rs374952396;rs5743618;rs3013340	FLG;GSDMB;IL13;IL2RA;STAT6;TLR1	no	yes	structured_catalog_unvalidated	yes	no	yes	no	yes	moderate	A	yes	Non-sensitive trait with structured catalog rsIDs. MVP candidate pending external annotation.	consumer-friendly, non-clinical	Wellness/non-clinical trait report. Genetic markers are externally unvalidated. Results are probabilistic and for informational purposes only.	
wg-2352	dietary_preference	Nutrition & Metabolism	Vinegar Preference	Vinegar Preference	Genetic variants that may influence nutritional metabolism related to Vinegar Preference.	Association testing using genetic markers from the structured WeGene catalog related to Vinegar Preference.	No clinical or diagnostic claims can be made. All rsIDs are externally unvalidated. Results are probabilistic and for informational/wellness purposes only.	4	rs11642;rs7627615;rs35225200;rs3131062	FTO;FTOCC;HTR3E;OR10A3	no	yes	structured_catalog_unvalidated	yes	no	yes	no	yes	moderate	A	yes	Non-sensitive trait with structured catalog rsIDs. MVP candidate pending external annotation.	consumer-friendly, non-clinical	Wellness/non-clinical trait report. Genetic markers are externally unvalidated. Results are probabilistic and for informational purposes only.	
wg-256	nutrition_metabolism	Nutrition & Metabolism	Vitamin A Nutritional Requirement	Vitamin A Nutritional Requirement	Genetic variants that may influence nutritional metabolism related to Vitamin A Nutritional Requirement.	Association testing using genetic markers from the structured WeGene catalog related to Vitamin A Nutritional Requirement.	No clinical or diagnostic claims can be made. All rsIDs are externally unvalidated. Results are probabilistic and for informational/wellness purposes only.	3	rs6420424;rs11645428;rs6564851	BCMO1;PKD1L2	no	yes	structured_catalog_unvalidated	yes	no	yes	no	yes	moderate	A	yes	Non-sensitive trait with structured catalog rsIDs. MVP candidate pending external annotation.	consumer-friendly, non-clinical	Wellness/non-clinical trait report. Genetic markers are externally unvalidated. Results are probabilistic and for informational purposes only.	
wg-253	nutrition_metabolism	Nutrition & Metabolism	Vitamin B12 Nutritional Requirement	Vitamin B12 Nutritional Requirement	Genetic variants that may influence nutritional metabolism related to Vitamin B12 Nutritional Requirement.	Association testing using genetic markers from the structured WeGene catalog related to Vitamin B12 Nutritional Requirement.	No clinical or diagnostic claims can be made. All rsIDs are externally unvalidated. Results are probabilistic and for informational/wellness purposes only.	5	rs10515;rs12377;rs2298585;rs41281112;rs1047781	CLYBL;FUT2;MS4A3	no	yes	structured_catalog_unvalidated	yes	no	yes	no	yes	moderate	A	yes	Non-sensitive trait with structured catalog rsIDs. MVP candidate pending external annotation.	consumer-friendly, non-clinical	Wellness/non-clinical trait report. Genetic markers are externally unvalidated. Results are probabilistic and for informational purposes only.	
wg-1705	nutrition_metabolism	Nutrition & Metabolism	Vitamin B2 Nutritional Requirement	Vitamin B2 Nutritional Requirement	Genetic variants that may influence nutritional metabolism related to Vitamin B2 Nutritional Requirement.	Association testing using genetic markers from the structured WeGene catalog related to Vitamin B2 Nutritional Requirement.	No clinical or diagnostic claims can be made. All rsIDs are externally unvalidated. Results are probabilistic and for informational/wellness purposes only.	1	rs1801133	ADA;ADAMTS1;ADH1B;ALDH2;APC;APOE;CHRNA;COMT;CYP4A1;CYP4A11;GNAS;IL1B;MMP9;MTHFR;MTRR;NLRP3;PER2;SELE;SYK	no	yes	structured_catalog_unvalidated	yes	no	yes	no	yes	moderate	A	yes	Non-sensitive trait with structured catalog rsIDs. MVP candidate pending external annotation.	consumer-friendly, non-clinical	Wellness/non-clinical trait report. Genetic markers are externally unvalidated. Results are probabilistic and for informational purposes only.	
wg-1702	nutrition_metabolism	Nutrition & Metabolism	Vitamin B6 Nutritional Requirement	Vitamin B6 Nutritional Requirement	Genetic variants that may influence nutritional metabolism related to Vitamin B6 Nutritional Requirement.	Association testing using genetic markers from the structured WeGene catalog related to Vitamin B6 Nutritional Requirement.	No clinical or diagnostic claims can be made. All rsIDs are externally unvalidated. Results are probabilistic and for informational/wellness purposes only.	2	rs1256335;rs4654748	ALPL;NBPF3	no	yes	structured_catalog_unvalidated	yes	no	yes	no	yes	moderate	A	yes	Non-sensitive trait with structured catalog rsIDs. MVP candidate pending external annotation.	consumer-friendly, non-clinical	Wellness/non-clinical trait report. Genetic markers are externally unvalidated. Results are probabilistic and for informational purposes only.	
wg-1700	nutrition_metabolism	Nutrition & Metabolism	Vitamin C Nutritional Requirement	Vitamin C Nutritional Requirement	Genetic variants that may influence nutritional metabolism related to Vitamin C Nutritional Requirement.	Association testing using genetic markers from the structured WeGene catalog related to Vitamin C Nutritional Requirement.	No clinical or diagnostic claims can be made. All rsIDs are externally unvalidated. Results are probabilistic and for informational/wellness purposes only.	4	rs11950;rs33972;rs6133175;rs6053005	SLC23A;SLC23A1;SLC23A2	no	yes	structured_catalog_unvalidated	yes	no	yes	no	yes	moderate	A	yes	Non-sensitive trait with structured catalog rsIDs. MVP candidate pending external annotation.	consumer-friendly, non-clinical	Wellness/non-clinical trait report. Genetic markers are externally unvalidated. Results are probabilistic and for informational purposes only.	
wg-1703	nutrition_metabolism	Nutrition & Metabolism	Vitamin D Nutritional Requirement	Vitamin D Nutritional Requirement	Genetic variants that may influence nutritional metabolism related to Vitamin D Nutritional Requirement.	Association testing using genetic markers from the structured WeGene catalog related to Vitamin D Nutritional Requirement.	No clinical or diagnostic claims can be made. All rsIDs are externally unvalidated. Results are probabilistic and for informational/wellness purposes only.	3	rs10877;rs1155563;rs12512631	CYP2R1;FGF21;METTL1;NADSYN1	no	yes	structured_catalog_unvalidated	yes	no	yes	no	yes	moderate	A	yes	Non-sensitive trait with structured catalog rsIDs. MVP candidate pending external annotation.	consumer-friendly, non-clinical	Wellness/non-clinical trait report. Genetic markers are externally unvalidated. Results are probabilistic and for informational purposes only.	
wg-250	nutrition_metabolism	Nutrition & Metabolism	Vitamin E Nutritional Requirement	Vitamin E Nutritional Requirement	Genetic variants that may influence nutritional metabolism related to Vitamin E Nutritional Requirement.	Association testing using genetic markers from the structured WeGene catalog related to Vitamin E Nutritional Requirement.	No clinical or diagnostic claims can be made. All rsIDs are externally unvalidated. Results are probabilistic and for informational/wellness purposes only.	3	rs964184;rs699407;rs2108622	CYP4F2;GCKR;VKORC1;ZPR1	no	yes	structured_catalog_unvalidated	yes	no	yes	no	yes	moderate	A	yes	Non-sensitive trait with structured catalog rsIDs. MVP candidate pending external annotation.	consumer-friendly, non-clinical	Wellness/non-clinical trait report. Genetic markers are externally unvalidated. Results are probabilistic and for informational purposes only.	
wg-1701	nutrition_metabolism	Nutrition & Metabolism	Vitamin K Nutritional Requirement	Vitamin K Nutritional Requirement	Genetic variants that may influence nutritional metabolism related to Vitamin K Nutritional Requirement.	Association testing using genetic markers from the structured WeGene catalog related to Vitamin K Nutritional Requirement.	No clinical or diagnostic claims can be made. All rsIDs are externally unvalidated. Results are probabilistic and for informational/wellness purposes only.	2	rs2108622;rs9923231	CYP4F2;VKORC1;ZPR1	no	yes	structured_catalog_unvalidated	yes	no	yes	no	yes	moderate	A	yes	Non-sensitive trait with structured catalog rsIDs. MVP candidate pending external annotation.	consumer-friendly, non-clinical	Wellness/non-clinical trait report. Genetic markers are externally unvalidated. Results are probabilistic and for informational purposes only.	
wg-2335	dietary_preference	Nutrition & Metabolism	Wasabi Preference	Wasabi Preference	Genetic variants that may influence nutritional metabolism related to Wasabi Preference.	Association testing using genetic markers from the structured WeGene catalog related to Wasabi Preference.	No clinical or diagnostic claims can be made. All rsIDs are externally unvalidated. Results are probabilistic and for informational/wellness purposes only.	6	rs71359;rs83813;rs11233;rs1004787;rs726857;rs111242991	APOE;CCDC171;CDH13;FGF21;FTOCC;GFRA1;GGT1;KIRREL3;MAGI2;TAS2R3;TAS2R38	no	yes	structured_catalog_unvalidated	yes	no	yes	no	yes	moderate	A	yes	Non-sensitive trait with structured catalog rsIDs. MVP candidate pending external annotation.	consumer-friendly, non-clinical	Wellness/non-clinical trait report. Genetic markers are externally unvalidated. Results are probabilistic and for informational purposes only.	
wg-2365	dietary_preference	Nutrition & Metabolism	Whisky Preference	Whisky Preference	Genetic variants that may influence nutritional metabolism related to Whisky Preference.	Association testing using genetic markers from the structured WeGene catalog related to Whisky Preference.	No clinical or diagnostic claims can be made. All rsIDs are externally unvalidated. Results are probabilistic and for informational/wellness purposes only.	3	rs2726478;rs713598;rs10974347	TAS2R3;TAS2R38	no	yes	structured_catalog_unvalidated	yes	no	yes	no	yes	moderate	A	yes	Non-sensitive trait with structured catalog rsIDs. MVP candidate pending external annotation.	consumer-friendly, non-clinical	Wellness/non-clinical trait report. Genetic markers are externally unvalidated. Results are probabilistic and for informational purposes only.	
wg-2378	dietary_preference	Nutrition & Metabolism	White Bread Preference	White Bread Preference	Genetic variants that may influence nutritional metabolism related to White Bread Preference.	Association testing using genetic markers from the structured WeGene catalog related to White Bread Preference.	No clinical or diagnostic claims can be made. All rsIDs are externally unvalidated. Results are probabilistic and for informational/wellness purposes only.	1	rs12137388		no	yes	structured_catalog_unvalidated	yes	no	yes	no	yes	moderate	A	yes	Non-sensitive trait with structured catalog rsIDs. MVP candidate pending external annotation.	consumer-friendly, non-clinical	Wellness/non-clinical trait report. Genetic markers are externally unvalidated. Results are probabilistic and for informational purposes only.	No genes associated.
wg-2400	dietary_preference	Nutrition & Metabolism	White Wine Preference	White Wine Preference	Genetic variants that may influence nutritional metabolism related to White Wine Preference.	Association testing using genetic markers from the structured WeGene catalog related to White Wine Preference.	No clinical or diagnostic claims can be made. All rsIDs are externally unvalidated. Results are probabilistic and for informational/wellness purposes only.	2	rs11940694;rs1229984	ADH1B;ADH1C;ALDH2;CYP1A1;EPHX1;MIR1273;MIR1273H;SLC6A3;TAS2R38	no	yes	structured_catalog_unvalidated	yes	no	yes	no	yes	moderate	A	yes	Non-sensitive trait with structured catalog rsIDs. MVP candidate pending external annotation.	consumer-friendly, non-clinical	Wellness/non-clinical trait report. Genetic markers are externally unvalidated. Results are probabilistic and for informational purposes only.	
wg-2408	dietary_preference	Nutrition & Metabolism	Whole Grain Cereals Preference	Whole Grain Cereals Preference	Genetic variants that may influence nutritional metabolism related to Whole Grain Cereals Preference.	Association testing using genetic markers from the structured WeGene catalog related to Whole Grain Cereals Preference.	No clinical or diagnostic claims can be made. All rsIDs are externally unvalidated. Results are probabilistic and for informational/wellness purposes only.	1	rs9490002		no	yes	structured_catalog_unvalidated	yes	no	yes	no	yes	moderate	A	yes	Non-sensitive trait with structured catalog rsIDs. MVP candidate pending external annotation.	consumer-friendly, non-clinical	Wellness/non-clinical trait report. Genetic markers are externally unvalidated. Results are probabilistic and for informational purposes only.	No genes associated.
wg-1704	nutrition_metabolism	Nutrition & Metabolism	Zinc Nutritional Requirement	Zinc Nutritional Requirement	Genetic variants that may influence nutritional metabolism related to Zinc Nutritional Requirement.	Association testing using genetic markers from the structured WeGene catalog related to Zinc Nutritional Requirement.	No clinical or diagnostic claims can be made. All rsIDs are externally unvalidated. Results are probabilistic and for informational/wellness purposes only.	3	rs13266;rs11126936;rs233804	SLC30A;SLC30A8;SLC39A;SLC39A14;SLC39A8	no	yes	structured_catalog_unvalidated	yes	no	yes	no	yes	moderate	A	yes	Non-sensitive trait with structured catalog rsIDs. MVP candidate pending external annotation.	consumer-friendly, non-clinical	Wellness/non-clinical trait report. Genetic markers are externally unvalidated. Results are probabilistic and for informational purposes only.	
wg-262	genetic_characteristics	Other/Unclassified	ABO Blood Group	ABO Blood Group	Genetic variants associated with ABO Blood Group.	Association testing using genetic markers from the structured WeGene catalog related to ABO Blood Group.	No clinical or diagnostic claims can be made. All rsIDs are externally unvalidated. Results are probabilistic and for informational/wellness purposes only.	3	rs8176719;rs8176746;rs8176747	ABO;ATP2B4;OR51B5	no	yes	structured_catalog_unvalidated	yes	no	yes	no	yes	moderate	A	yes	Non-sensitive trait with structured catalog rsIDs. MVP candidate pending external annotation.	consumer-friendly, non-clinical	Wellness/non-clinical trait report. Genetic markers are externally unvalidated. Results are probabilistic and for informational purposes only.	
wg-348	genetic_characteristics	Other/Unclassified	APOE Genotype	APOE Genotype	Genetic variants associated with APOE Genotype.	Association testing using genetic markers from the structured WeGene catalog related to APOE Genotype.	No clinical or diagnostic claims can be made. All rsIDs are externally unvalidated. Results are probabilistic and for informational/wellness purposes only.	2	rs429358;rs7412	ABCA2;APOE;CADM2;FGF21;FUT2;GCH1;KCNJ15;MTHFR;PSEN1;SORL1;SYK	no	yes	structured_catalog_unvalidated	yes	no	yes	no	yes	moderate	A	yes	Non-sensitive trait with structured catalog rsIDs. MVP candidate pending external annotation.	consumer-friendly, non-clinical	Wellness/non-clinical trait report. Genetic markers are externally unvalidated. Results are probabilistic and for informational purposes only.	
wg-244	genetic_characteristics	Other/Unclassified	Absolute Pitch	Absolute Pitch	Genetic variants associated with Absolute Pitch.	Association testing using genetic markers from the structured WeGene catalog related to Absolute Pitch.	No clinical or diagnostic claims can be made. All rsIDs are externally unvalidated. Results are probabilistic and for informational/wellness purposes only.	1	rs3057	ASAP1	no	yes	structured_catalog_unvalidated	yes	no	yes	no	yes	moderate	A	yes	Non-sensitive trait with structured catalog rsIDs. MVP candidate pending external annotation.	consumer-friendly, non-clinical	Wellness/non-clinical trait report. Genetic markers are externally unvalidated. Results are probabilistic and for informational purposes only.	
wg-34	genetic_characteristics	Other/Unclassified	Autosomal Dominant Compelling Helio-Ophthalmic Outburst (ACHOO) Syndrome	Autosomal Dominant Compelling Helio-Ophthalmic Outburst (ACHOO) Syndrome	Genetic variants associated with Autosomal Dominant Compelling Helio-Ophthalmic Outburst (ACHOO) Syndrome.	Association testing using genetic markers from the structured WeGene catalog related to Autosomal Dominant Compelling Helio-Ophthalmic Outburst (ACHOO) Syndrome.	No clinical or diagnostic claims can be made. All rsIDs are externally unvalidated. Results are probabilistic and for informational/wellness purposes only.	1	rs10427255		no	yes	structured_catalog_unvalidated	yes	no	yes	no	yes	moderate	A	yes	Non-sensitive trait with structured catalog rsIDs. MVP candidate pending external annotation.	consumer-friendly, non-clinical	Wellness/non-clinical trait report. Genetic markers are externally unvalidated. Results are probabilistic and for informational purposes only.	No genes associated.
wg-2	genetic_characteristics	Other/Unclassified	Bitter Sensitivity	Bitter Sensitivity	Genetic variants associated with Bitter Sensitivity.	Association testing using genetic markers from the structured WeGene catalog related to Bitter Sensitivity.	No clinical or diagnostic claims can be made. All rsIDs are externally unvalidated. Results are probabilistic and for informational/wellness purposes only.	1	rs713598	TAS2R3;TAS2R38	no	yes	structured_catalog_unvalidated	yes	no	yes	no	yes	moderate	A	yes	Non-sensitive trait with structured catalog rsIDs. MVP candidate pending external annotation.	consumer-friendly, non-clinical	Wellness/non-clinical trait report. Genetic markers are externally unvalidated. Results are probabilistic and for informational purposes only.	
wg-3	genetic_characteristics	Other/Unclassified	Ear Wax	Ear Wax	Genetic variants associated with Ear Wax.	Association testing using genetic markers from the structured WeGene catalog related to Ear Wax.	No clinical or diagnostic claims can be made. All rsIDs are externally unvalidated. Results are probabilistic and for informational/wellness purposes only.	1	rs17822931	ABCC11	no	yes	structured_catalog_unvalidated	yes	no	yes	no	yes	moderate	A	yes	Non-sensitive trait with structured catalog rsIDs. MVP candidate pending external annotation.	consumer-friendly, non-clinical	Wellness/non-clinical trait report. Genetic markers are externally unvalidated. Results are probabilistic and for informational purposes only.	
wg-2287	genetic_tendency	Other/Unclassified	Educational Attainment	Educational Attainment	Genetic variants associated with Educational Attainment.	Association testing using genetic markers from the structured WeGene catalog related to Educational Attainment.	No clinical or diagnostic claims can be made. All rsIDs are externally unvalidated. Results are probabilistic and for informational/wellness purposes only.	4	rs94615;rs10930013;rs7708343;rs11191157	FBXL17;TANK	no	yes	structured_catalog_unvalidated	yes	no	yes	no	yes	moderate	A	yes	Non-sensitive trait with structured catalog rsIDs. MVP candidate pending external annotation.	consumer-friendly, non-clinical	Wellness/non-clinical trait report. Genetic markers are externally unvalidated. Results are probabilistic and for informational purposes only.	
wg-17	genetic_characteristics	Other/Unclassified	Fasting Plasma Glucose Levels	Fasting Plasma Glucose Levels	Genetic variants associated with Fasting Plasma Glucose Levels.	Association testing using genetic markers from the structured WeGene catalog related to Fasting Plasma Glucose Levels.	No clinical or diagnostic claims can be made. All rsIDs are externally unvalidated. Results are probabilistic and for informational/wellness purposes only.	1	rs560887	G6PC2	no	yes	structured_catalog_unvalidated	yes	no	yes	no	yes	moderate	A	yes	Non-sensitive trait with structured catalog rsIDs. MVP candidate pending external annotation.	consumer-friendly, non-clinical	Wellness/non-clinical trait report. Genetic markers are externally unvalidated. Results are probabilistic and for informational purposes only.	
wg-2301	genetic_tendency	Other/Unclassified	Frailty Tendency	Frailty Tendency	Genetic variants associated with Frailty Tendency.	Association testing using genetic markers from the structured WeGene catalog related to Frailty Tendency.	No clinical or diagnostic claims can be made. All rsIDs are externally unvalidated. Results are probabilistic and for informational/wellness purposes only.	6	rs13107;rs99532;rs10828;rs1363103;rs3959554;rs6751993	AIF1;BCL11A;FTO;PJA1;PPARD;PVRL2;SLC39A;SLC39A8	no	yes	structured_catalog_unvalidated	yes	no	yes	no	yes	moderate	A	yes	Non-sensitive trait with structured catalog rsIDs. MVP candidate pending external annotation.	consumer-friendly, non-clinical	Wellness/non-clinical trait report. Genetic markers are externally unvalidated. Results are probabilistic and for informational purposes only.	
wg-2291	genetic_tendency	Other/Unclassified	Free Earlobe Tendency	Free Earlobe Tendency	Genetic variants associated with Free Earlobe Tendency.	Association testing using genetic markers from the structured WeGene catalog related to Free Earlobe Tendency.	No clinical or diagnostic claims can be made. All rsIDs are externally unvalidated. Results are probabilistic and for informational/wellness purposes only.	4	rs72817;rs6756973;rs3827760;rs74030209	EDAR;FAM227A;ITGA8;MUC12;NFATC2;WNT10;WNT10A;ZFHX3	no	yes	structured_catalog_unvalidated	yes	no	yes	no	yes	moderate	A	yes	Non-sensitive trait with structured catalog rsIDs. MVP candidate pending external annotation.	consumer-friendly, non-clinical	Wellness/non-clinical trait report. Genetic markers are externally unvalidated. Results are probabilistic and for informational purposes only.	
wg-1503	genetic_characteristics	Other/Unclassified	Genetic Height	Genetic Height	Genetic variants associated with Genetic Height.	No genetic markers identified in the structured catalog.	No clinical or diagnostic claims can be made. All rsIDs are externally unvalidated. Results are probabilistic and for informational/wellness purposes only.	0			no	no	no_markers	no	no	no	no	no	low	E	no	No rsIDs linked to this trait.	N/A - no markers or not suitable	No genetic markers identified. Not suitable for commercial reporting.	
wg-2305	genetic_tendency	Other/Unclassified	Hand 2D-to-4D Ratio​	Hand 2D-to-4D Ratio​	Genetic variants associated with Hand 2D-to-4D Ratio​.	Association testing using genetic markers from the structured WeGene catalog related to Hand 2D-to-4D Ratio​.	No clinical or diagnostic claims can be made. All rsIDs are externally unvalidated. Results are probabilistic and for informational/wellness purposes only.	4	rs11581;rs4927012;rs314277;rs2332175	GLIS1;LIN28B;SMOC1	no	yes	structured_catalog_unvalidated	yes	no	yes	no	yes	moderate	A	yes	Non-sensitive trait with structured catalog rsIDs. MVP candidate pending external annotation.	consumer-friendly, non-clinical	Wellness/non-clinical trait report. Genetic markers are externally unvalidated. Results are probabilistic and for informational purposes only.	
wg-2283	genetic_tendency	Other/Unclassified	Large Nail Plate Tendency	Large Nail Plate Tendency	Genetic variants associated with Large Nail Plate Tendency.	Association testing using genetic markers from the structured WeGene catalog related to Large Nail Plate Tendency.	No clinical or diagnostic claims can be made. All rsIDs are externally unvalidated. Results are probabilistic and for informational/wellness purposes only.	4	rs26051;rs12186491;rs4672566;rs10497417	OLA1;SPINK6	no	yes	structured_catalog_unvalidated	yes	no	yes	no	yes	moderate	A	yes	Non-sensitive trait with structured catalog rsIDs. MVP candidate pending external annotation.	consumer-friendly, non-clinical	Wellness/non-clinical trait report. Genetic markers are externally unvalidated. Results are probabilistic and for informational purposes only.	
wg-2304	genetic_tendency	Other/Unclassified	Leadership Ability​​	Leadership Ability​​	Genetic variants associated with Leadership Ability​​.	Association testing using genetic markers from the structured WeGene catalog related to Leadership Ability​​.	No clinical or diagnostic claims can be made. All rsIDs are externally unvalidated. Results are probabilistic and for informational/wellness purposes only.	3	rs984849;rs1487441;rs4977839		no	yes	structured_catalog_unvalidated	yes	no	yes	no	yes	moderate	A	yes	Non-sensitive trait with structured catalog rsIDs. MVP candidate pending external annotation.	consumer-friendly, non-clinical	Wellness/non-clinical trait report. Genetic markers are externally unvalidated. Results are probabilistic and for informational purposes only.	No genes associated.
wg-2285	genetic_tendency	Other/Unclassified	Leisure Screen Time	Leisure Screen Time	Genetic variants associated with Leisure Screen Time.	Association testing using genetic markers from the structured WeGene catalog related to Leisure Screen Time.	No clinical or diagnostic claims can be made. All rsIDs are externally unvalidated. Results are probabilistic and for informational/wellness purposes only.	7	rs13107;rs70671;rs76267;rs1375561;rs11074658;rs34864022;rs4889530	AIF1;BCL11A;FTO;PJA1;PPARD;PVRL2;SLC39A;SLC39A8	no	yes	structured_catalog_unvalidated	yes	no	yes	no	yes	moderate	A	yes	Non-sensitive trait with structured catalog rsIDs. MVP candidate pending external annotation.	consumer-friendly, non-clinical	Wellness/non-clinical trait report. Genetic markers are externally unvalidated. Results are probabilistic and for informational purposes only.	
wg-2302	genetic_tendency	Other/Unclassified	Long Lifespan Tendency	Long Lifespan Tendency	Genetic variants associated with Long Lifespan Tendency.	Association testing using genetic markers from the structured WeGene catalog related to Long Lifespan Tendency.	No clinical or diagnostic claims can be made. All rsIDs are externally unvalidated. Results are probabilistic and for informational/wellness purposes only.	6	rs13172;rs17514;rs2802288;rs602633;rs1556516;rs7844965	APOE;CHRNA;CHRNA3;FOXO3;FURIN	no	yes	structured_catalog_unvalidated	yes	no	yes	no	yes	moderate	A	yes	Non-sensitive trait with structured catalog rsIDs. MVP candidate pending external annotation.	consumer-friendly, non-clinical	Wellness/non-clinical trait report. Genetic markers are externally unvalidated. Results are probabilistic and for informational purposes only.	
wg-2300	genetic_tendency	Other/Unclassified	Occupational Artistic Creativity	Occupational Artistic Creativity	Genetic variants associated with Occupational Artistic Creativity.	Association testing using genetic markers from the structured WeGene catalog related to Occupational Artistic Creativity.	No clinical or diagnostic claims can be made. All rsIDs are externally unvalidated. Results are probabilistic and for informational/wellness purposes only.	1	rs4800011		no	yes	structured_catalog_unvalidated	yes	no	yes	no	yes	moderate	A	yes	Non-sensitive trait with structured catalog rsIDs. MVP candidate pending external annotation.	consumer-friendly, non-clinical	Wellness/non-clinical trait report. Genetic markers are externally unvalidated. Results are probabilistic and for informational purposes only.	No genes associated.
wg-2298	genetic_tendency	Other/Unclassified	Occupational Attainment	Occupational Attainment	Genetic variants associated with Occupational Attainment.	Association testing using genetic markers from the structured WeGene catalog related to Occupational Attainment.	No clinical or diagnostic claims can be made. All rsIDs are externally unvalidated. Results are probabilistic and for informational/wellness purposes only.	6	rs76340;rs75344;rs27260;rs3741368;rs9375188;rs1455351	CD248;SKA2	no	yes	structured_catalog_unvalidated	yes	no	yes	no	yes	moderate	A	yes	Non-sensitive trait with structured catalog rsIDs. MVP candidate pending external annotation.	consumer-friendly, non-clinical	Wellness/non-clinical trait report. Genetic markers are externally unvalidated. Results are probabilistic and for informational purposes only.	
wg-2296	genetic_tendency	Other/Unclassified	Occupational Managerial Creativity	Occupational Managerial Creativity	Genetic variants associated with Occupational Managerial Creativity.	No genetic markers identified in the structured catalog.	No clinical or diagnostic claims can be made. All rsIDs are externally unvalidated. Results are probabilistic and for informational/wellness purposes only.	0			no	no	no_markers	no	no	no	no	no	low	E	no	No rsIDs linked to this trait.	N/A - no markers or not suitable	No genetic markers identified. Not suitable for commercial reporting.	
wg-2294	genetic_tendency	Other/Unclassified	Occupational Scientific Creativity	Occupational Scientific Creativity	Genetic variants associated with Occupational Scientific Creativity.	Association testing using genetic markers from the structured WeGene catalog related to Occupational Scientific Creativity.	No clinical or diagnostic claims can be made. All rsIDs are externally unvalidated. Results are probabilistic and for informational/wellness purposes only.	3	rs720066;rs2613492;rs9387963		no	yes	structured_catalog_unvalidated	yes	no	yes	no	yes	moderate	A	yes	Non-sensitive trait with structured catalog rsIDs. MVP candidate pending external annotation.	consumer-friendly, non-clinical	Wellness/non-clinical trait report. Genetic markers are externally unvalidated. Results are probabilistic and for informational purposes only.	No genes associated.
wg-2286	genetic_tendency	Other/Unclassified	Stool Frequency​​	Stool Frequency​​	Genetic variants associated with Stool Frequency​​.	Association testing using genetic markers from the structured WeGene catalog related to Stool Frequency​​.	No clinical or diagnostic claims can be made. All rsIDs are externally unvalidated. Results are probabilistic and for informational/wellness purposes only.	6	rs12273;rs45560;rs11176;rs6756973;rs3827760;rs74030209	EDAR;FAM227A;ITGA8;MUC12;NFATC2;WNT10;WNT10A;ZFHX3	no	yes	structured_catalog_unvalidated	yes	no	yes	no	yes	moderate	A	yes	Non-sensitive trait with structured catalog rsIDs. MVP candidate pending external annotation.	consumer-friendly, non-clinical	Wellness/non-clinical trait report. Genetic markers are externally unvalidated. Results are probabilistic and for informational purposes only.	
wg-2295	genetic_tendency	Other/Unclassified	Telomere Length	Telomere Length	Genetic variants associated with Telomere Length.	Association testing using genetic markers from the structured WeGene catalog related to Telomere Length.	No clinical or diagnostic claims can be made. All rsIDs are externally unvalidated. Results are probabilistic and for informational/wellness purposes only.	6	rs10954;rs24752;rs69685;rs12241155;rs12934863;rs11190126	DCAF4;IRF5;RFWD3	no	yes	structured_catalog_unvalidated	yes	no	yes	no	yes	moderate	A	yes	Non-sensitive trait with structured catalog rsIDs. MVP candidate pending external annotation.	consumer-friendly, non-clinical	Wellness/non-clinical trait report. Genetic markers are externally unvalidated. Results are probabilistic and for informational purposes only.	
wg-170	genetic_tendency	Other/Unclassified	Tendency to Avoid Mistakes May be good at avoiding mistakes	Tendency to Avoid Mistakes May be good at avoiding mistakes	Genetic variants associated with Tendency to Avoid Mistakes May be good at avoiding mistakes.	Association testing using genetic markers from the structured WeGene catalog related to Tendency to Avoid Mistakes May be good at avoiding mistakes.	No clinical or diagnostic claims can be made. All rsIDs are externally unvalidated. Results are probabilistic and for informational/wellness purposes only.	1	rs1800497	ANKK1	no	yes	structured_catalog_unvalidated	yes	no	yes	no	yes	moderate	A	yes	Non-sensitive trait with structured catalog rsIDs. MVP candidate pending external annotation.	consumer-friendly, non-clinical	Wellness/non-clinical trait report. Genetic markers are externally unvalidated. Results are probabilistic and for informational purposes only.	
wg-2277	genetic_tendency	Other/Unclassified	Unibrow Tendency	Unibrow Tendency	Genetic variants associated with Unibrow Tendency.	Association testing using genetic markers from the structured WeGene catalog related to Unibrow Tendency.	No clinical or diagnostic claims can be made. All rsIDs are externally unvalidated. Results are probabilistic and for informational/wellness purposes only.	1	rs36015125		no	yes	structured_catalog_unvalidated	yes	no	yes	no	yes	moderate	A	yes	Non-sensitive trait with structured catalog rsIDs. MVP candidate pending external annotation.	consumer-friendly, non-clinical	Wellness/non-clinical trait report. Genetic markers are externally unvalidated. Results are probabilistic and for informational purposes only.	No genes associated.
wg-2299	genetic_tendency	Other/Unclassified	Waist-to-Hip Ratio​​ (WHR)	Waist-to-Hip Ratio​​ (WHR)	Genetic variants associated with Waist-to-Hip Ratio​​ (WHR).	No genetic markers identified in the structured catalog.	No clinical or diagnostic claims can be made. All rsIDs are externally unvalidated. Results are probabilistic and for informational/wellness purposes only.	0			no	no	no_markers	no	no	no	no	no	low	E	no	No rsIDs linked to this trait.	N/A - no markers or not suitable	No genetic markers identified. Not suitable for commercial reporting.	
wg-2297	genetic_tendency	Other/Unclassified	Widow's Peak Tendency	Widow's Peak Tendency	Genetic variants associated with Widow's Peak Tendency.	Association testing using genetic markers from the structured WeGene catalog related to Widow's Peak Tendency.	No clinical or diagnostic claims can be made. All rsIDs are externally unvalidated. Results are probabilistic and for informational/wellness purposes only.	2	rs13423753;rs4959669		no	yes	structured_catalog_unvalidated	yes	no	yes	no	yes	moderate	A	yes	Non-sensitive trait with structured catalog rsIDs. MVP candidate pending external annotation.	consumer-friendly, non-clinical	Wellness/non-clinical trait report. Genetic markers are externally unvalidated. Results are probabilistic and for informational purposes only.	No genes associated.
wg-1527	skin_characteristics	Skin & Appearance	Ability To Resist Acne	Ability To Resist Acne	Genetic variants associated with physical traits: Ability To Resist Acne.	Association testing using genetic markers from the structured WeGene catalog related to Ability To Resist Acne.	No clinical or diagnostic claims can be made. All rsIDs are externally unvalidated. Results are probabilistic and for informational/wellness purposes only.	6	rs38055;rs478304;rs1159268;rs1060573;rs747650;rs7531806	F3;MIR548;MIR548F3	no	yes	structured_catalog_unvalidated	yes	no	yes	no	yes	moderate	A	yes	Non-sensitive trait with structured catalog rsIDs. MVP candidate pending external annotation.	consumer-friendly, non-clinical	Wellness/non-clinical trait report. Genetic markers are externally unvalidated. Results are probabilistic and for informational purposes only.	
wg-1568	skin_characteristics	Skin & Appearance	Ability To Resist Cellulite	Ability To Resist Cellulite	Genetic variants associated with physical traits: Ability To Resist Cellulite.	Association testing using genetic markers from the structured WeGene catalog related to Ability To Resist Cellulite.	No clinical or diagnostic claims can be made. All rsIDs are externally unvalidated. Results are probabilistic and for informational/wellness purposes only.	1	rs11549465	HIF1A	no	yes	structured_catalog_unvalidated	yes	no	yes	no	yes	moderate	A	yes	Non-sensitive trait with structured catalog rsIDs. MVP candidate pending external annotation.	consumer-friendly, non-clinical	Wellness/non-clinical trait report. Genetic markers are externally unvalidated. Results are probabilistic and for informational purposes only.	
wg-1567	skin_characteristics	Skin & Appearance	Ability To Resist Rosacea	Ability To Resist Rosacea	Genetic variants associated with physical traits: Ability To Resist Rosacea.	Association testing using genetic markers from the structured WeGene catalog related to Ability To Resist Rosacea.	No clinical or diagnostic claims can be made. All rsIDs are externally unvalidated. Results are probabilistic and for informational/wellness purposes only.	1	rs763035		no	yes	structured_catalog_unvalidated	yes	no	yes	no	yes	moderate	A	yes	Non-sensitive trait with structured catalog rsIDs. MVP candidate pending external annotation.	consumer-friendly, non-clinical	Wellness/non-clinical trait report. Genetic markers are externally unvalidated. Results are probabilistic and for informational purposes only.	No genes associated.
wg-1556	skin_characteristics	Skin & Appearance	Ability To Resist Senile Plaques	Ability To Resist Senile Plaques	Genetic variants associated with physical traits: Ability To Resist Senile Plaques.	Association testing using genetic markers from the structured WeGene catalog related to Ability To Resist Senile Plaques.	No clinical or diagnostic claims can be made. All rsIDs are externally unvalidated. Results are probabilistic and for informational/wellness purposes only.	3	rs251468;rs35563099;rs61866017	PPARGC1;PPARGC1B	no	yes	structured_catalog_unvalidated	yes	no	yes	no	yes	moderate	A	yes	Non-sensitive trait with structured catalog rsIDs. MVP candidate pending external annotation.	consumer-friendly, non-clinical	Wellness/non-clinical trait report. Genetic markers are externally unvalidated. Results are probabilistic and for informational purposes only.	
wg-1565	skin_characteristics	Skin & Appearance	Ability To Resist Sunburn	Ability To Resist Sunburn	Genetic variants associated with physical traits: Ability To Resist Sunburn.	Association testing using genetic markers from the structured WeGene catalog related to Ability To Resist Sunburn.	No clinical or diagnostic claims can be made. All rsIDs are externally unvalidated. Results are probabilistic and for informational/wellness purposes only.	3	rs625435;rs12203592;rs35063026	BNC2;IRF4	no	yes	structured_catalog_unvalidated	yes	no	yes	no	yes	moderate	A	yes	Non-sensitive trait with structured catalog rsIDs. MVP candidate pending external annotation.	consumer-friendly, non-clinical	Wellness/non-clinical trait report. Genetic markers are externally unvalidated. Results are probabilistic and for informational purposes only.	
wg-1569	skin_characteristics	Skin & Appearance	Ability To Resist Varicose Veins	Ability To Resist Varicose Veins	Genetic variants associated with physical traits: Ability To Resist Varicose Veins.	Association testing using genetic markers from the structured WeGene catalog related to Ability To Resist Varicose Veins.	No clinical or diagnostic claims can be made. All rsIDs are externally unvalidated. Results are probabilistic and for informational/wellness purposes only.	2	rs1801131;rs1801133	ADA;ADAMTS1;ADH1B;ALDH2;APC;APOE;CHRNA;COMT;CYP4A1;CYP4A11;GNAS;IL1B;MMP9;MTHFR;MTRR;NLRP3;PER2;SELE;SYK	no	yes	structured_catalog_unvalidated	yes	no	yes	no	yes	moderate	A	yes	Non-sensitive trait with structured catalog rsIDs. MVP candidate pending external annotation.	consumer-friendly, non-clinical	Wellness/non-clinical trait report. Genetic markers are externally unvalidated. Results are probabilistic and for informational purposes only.	
wg-1525	skin_characteristics	Skin & Appearance	Anti-Freckle Ability	Anti-Freckle Ability	Genetic variants associated with physical traits: Anti-Freckle Ability.	Association testing using genetic markers from the structured WeGene catalog related to Anti-Freckle Ability.	No clinical or diagnostic claims can be made. All rsIDs are externally unvalidated. Results are probabilistic and for informational/wellness purposes only.	5	rs2153271;rs4911414;rs4911442;rs1042602;rs1393350	BNC2;LPP;NCOA6;RNASET2;SMOC2;TYR;UBASH3A	no	yes	structured_catalog_unvalidated	yes	no	yes	no	yes	moderate	A	yes	Non-sensitive trait with structured catalog rsIDs. MVP candidate pending external annotation.	consumer-friendly, non-clinical	Wellness/non-clinical trait report. Genetic markers are externally unvalidated. Results are probabilistic and for informational purposes only.	
wg-1524	skin_characteristics	Skin & Appearance	Anti-Glycation Ability	Anti-Glycation Ability	Genetic variants associated with physical traits: Anti-Glycation Ability.	Association testing using genetic markers from the structured WeGene catalog related to Anti-Glycation Ability.	No clinical or diagnostic claims can be made. All rsIDs are externally unvalidated. Results are probabilistic and for informational/wellness purposes only.	2	rs1800624;rs1800625	AGER;PBX2	no	yes	structured_catalog_unvalidated	yes	no	yes	no	yes	moderate	A	yes	Non-sensitive trait with structured catalog rsIDs. MVP candidate pending external annotation.	consumer-friendly, non-clinical	Wellness/non-clinical trait report. Genetic markers are externally unvalidated. Results are probabilistic and for informational purposes only.	
wg-1694	skin_characteristics	Skin & Appearance	Anti-Sagging Eyelid Ability	Anti-Sagging Eyelid Ability	Genetic variants associated with physical traits: Anti-Sagging Eyelid Ability.	Association testing using genetic markers from the structured WeGene catalog related to Anti-Sagging Eyelid Ability.	No clinical or diagnostic claims can be made. All rsIDs are externally unvalidated. Results are probabilistic and for informational/wellness purposes only.	2	rs11876749;rs11979919	DLGAP1	no	yes	structured_catalog_unvalidated	yes	no	yes	no	yes	moderate	A	yes	Non-sensitive trait with structured catalog rsIDs. MVP candidate pending external annotation.	consumer-friendly, non-clinical	Wellness/non-clinical trait report. Genetic markers are externally unvalidated. Results are probabilistic and for informational purposes only.	
wg-1664	skin_characteristics	Skin & Appearance	Anti-Skin Photoaging Ability	Anti-Skin Photoaging Ability	Genetic variants associated with physical traits: Anti-Skin Photoaging Ability.	Association testing using genetic markers from the structured WeGene catalog related to Anti-Skin Photoaging Ability.	No clinical or diagnostic claims can be made. All rsIDs are externally unvalidated. Results are probabilistic and for informational/wellness purposes only.	3	rs18050;rs11547464;rs322458	MC1R	no	yes	structured_catalog_unvalidated	yes	no	yes	no	yes	moderate	A	yes	Non-sensitive trait with structured catalog rsIDs. MVP candidate pending external annotation.	consumer-friendly, non-clinical	Wellness/non-clinical trait report. Genetic markers are externally unvalidated. Results are probabilistic and for informational purposes only.	
wg-1693	skin_characteristics	Skin & Appearance	Anti-Skin Wrinkle Ability	Anti-Skin Wrinkle Ability	Genetic variants associated with physical traits: Anti-Skin Wrinkle Ability.	Association testing using genetic markers from the structured WeGene catalog related to Anti-Skin Wrinkle Ability.	No clinical or diagnostic claims can be made. All rsIDs are externally unvalidated. Results are probabilistic and for informational/wellness purposes only.	1	rs2066853	AHR	no	yes	structured_catalog_unvalidated	yes	no	yes	no	yes	moderate	A	yes	Non-sensitive trait with structured catalog rsIDs. MVP candidate pending external annotation.	consumer-friendly, non-clinical	Wellness/non-clinical trait report. Genetic markers are externally unvalidated. Results are probabilistic and for informational purposes only.	
wg-1522	skin_characteristics	Skin & Appearance	Anti-Tanning Reaction Ability	Anti-Tanning Reaction Ability	Genetic variants associated with physical traits: Anti-Tanning Reaction Ability.	Association testing using genetic markers from the structured WeGene catalog related to Anti-Tanning Reaction Ability.	No clinical or diagnostic claims can be made. All rsIDs are externally unvalidated. Results are probabilistic and for informational/wellness purposes only.	5	rs10153;rs11703;rs95615;rs16891982;rs12913832	ATP11A;CASC15;CASP8;DCT;HERC2;IRF4;KIAA09;PDGFRA;PIGU;SLC45A2;TYR	no	yes	structured_catalog_unvalidated	yes	no	yes	no	yes	moderate	A	yes	Non-sensitive trait with structured catalog rsIDs. MVP candidate pending external annotation.	consumer-friendly, non-clinical	Wellness/non-clinical trait report. Genetic markers are externally unvalidated. Results are probabilistic and for informational purposes only.	
wg-1523	skin_characteristics	Skin & Appearance	Antioxidant Ability	Antioxidant Ability	Genetic variants associated with physical traits: Antioxidant Ability.	Association testing using genetic markers from the structured WeGene catalog related to Antioxidant Ability.	No clinical or diagnostic claims can be made. All rsIDs are externally unvalidated. Results are probabilistic and for informational/wellness purposes only.	4	rs1050450;rs35652124;rs1800566;rs4880	GPX1;NFE2L2;NQO1;SOD2	no	yes	structured_catalog_unvalidated	yes	no	yes	no	yes	moderate	A	yes	Non-sensitive trait with structured catalog rsIDs. MVP candidate pending external annotation.	consumer-friendly, non-clinical	Wellness/non-clinical trait report. Genetic markers are externally unvalidated. Results are probabilistic and for informational purposes only.	
wg-1695	skin_characteristics	Skin & Appearance	Collagen Retention Ability	Collagen Retention Ability	Genetic variants associated with physical traits: Collagen Retention Ability.	Association testing using genetic markers from the structured WeGene catalog related to Collagen Retention Ability.	No clinical or diagnostic claims can be made. All rsIDs are externally unvalidated. Results are probabilistic and for informational/wellness purposes only.	2	rs1800795;rs3918242	PON1	no	yes	structured_catalog_unvalidated	yes	no	yes	no	yes	moderate	A	yes	Non-sensitive trait with structured catalog rsIDs. MVP candidate pending external annotation.	consumer-friendly, non-clinical	Wellness/non-clinical trait report. Genetic markers are externally unvalidated. Results are probabilistic and for informational purposes only.	
wg-1526	skin_characteristics	Skin & Appearance	Skin Moisturizing Ability	Skin Moisturizing Ability	Genetic variants associated with physical traits: Skin Moisturizing Ability.	Association testing using genetic markers from the structured WeGene catalog related to Skin Moisturizing Ability.	No clinical or diagnostic claims can be made. All rsIDs are externally unvalidated. Results are probabilistic and for informational/wellness purposes only.	4	rs17553719;rs137852931;rs61816761;rs11103631	AQP3;FLG;ST14	no	yes	structured_catalog_unvalidated	yes	no	yes	no	yes	moderate	A	yes	Non-sensitive trait with structured catalog rsIDs. MVP candidate pending external annotation.	consumer-friendly, non-clinical	Wellness/non-clinical trait report. Genetic markers are externally unvalidated. Results are probabilistic and for informational purposes only.	
wg-1566	skin_characteristics	Skin & Appearance	Skin Oil Control Ability	Skin Oil Control Ability	Genetic variants associated with physical traits: Skin Oil Control Ability.	Association testing using genetic markers from the structured WeGene catalog related to Skin Oil Control Ability.	No clinical or diagnostic claims can be made. All rsIDs are externally unvalidated. Results are probabilistic and for informational/wellness purposes only.	3	rs174547;rs743572;rs1801282	CYP17A1;FADS1;KCNJ11;MTNR1B;PPARG;SLC30A8;TCF7L2;WFS1	no	yes	structured_catalog_unvalidated	yes	no	yes	no	yes	moderate	A	yes	Non-sensitive trait with structured catalog rsIDs. MVP candidate pending external annotation.	consumer-friendly, non-clinical	Wellness/non-clinical trait report. Genetic markers are externally unvalidated. Results are probabilistic and for informational purposes only.	
wg-1	genetic_characteristics	Substance Response (Sensitive)	Alcohol Flushing	Alcohol Flushing	Genetic variants that may influence substance response: Alcohol Flushing.	Association testing using genetic markers from the structured WeGene catalog related to Alcohol Flushing.	No clinical or diagnostic claims can be made. All rsIDs are externally unvalidated. This is a sensitive trait requiring clinical, regulatory, and ethical review before any reporting.	1	rs671	ADH1B;ADH1C;ALDH2;APC;APOE;CYP1A1;EPHX1;GSTP1;HMBS;MIF;MTHFR;PNPLA3;SERPINA1	no	yes	structured_catalog_unvalidated	yes	no	yes	no	yes	high	C	no	Sensitive trait (disease risk, pharmacogenomics, carrier status, reproductive genetics, or substance response). Requires clinical/regulatory review.	clinical, requires professional review	Sensitive trait. Requires clinical, regulatory, and ethical review. Not for direct-to-consumer reporting without professional oversight.	
wg-249	nutrition_metabolism	Substance Response (Sensitive)	Alcohol Metabolism	Alcohol Metabolism	Genetic variants that may influence substance response: Alcohol Metabolism.	Association testing using genetic markers from the structured WeGene catalog related to Alcohol Metabolism.	No clinical or diagnostic claims can be made. All rsIDs are externally unvalidated. This is a sensitive trait requiring clinical, regulatory, and ethical review before any reporting.	3	rs671;rs1229984;rs2066702	ADH1B;ADH1C;ALDH2;APC;APOE;CYP1A1;EPHX1;GSTP1;HMBS;MIF;MIR1273;MIR1273H;MTHFR;PNPLA3;SERPINA1;SLC6A3;TAS2R38	no	yes	structured_catalog_unvalidated	yes	no	yes	no	yes	high	C	no	Sensitive trait (disease risk, pharmacogenomics, carrier status, reproductive genetics, or substance response). Requires clinical/regulatory review.	clinical, requires professional review	Sensitive trait. Requires clinical, regulatory, and ethical review. Not for direct-to-consumer reporting without professional oversight.	
wg-12	genetic_characteristics	Substance Response (Sensitive)	Smoking Behaviors	Smoking Behaviors	Genetic variants that may influence substance response: Smoking Behaviors.	Association testing using genetic markers from the structured WeGene catalog related to Smoking Behaviors.	No clinical or diagnostic claims can be made. All rsIDs are externally unvalidated. This is a sensitive trait requiring clinical, regulatory, and ethical review before any reporting.	1	rs1051730	CHRNA3;CHRNA4;CHRNA5;CNR1;DRD2;F5;LPL;OPRM1;PTPN11	no	yes	structured_catalog_unvalidated	yes	no	yes	no	yes	high	C	no	Sensitive trait (disease risk, pharmacogenomics, carrier status, reproductive genetics, or substance response). Requires clinical/regulatory review.	clinical, requires professional review	Sensitive trait. Requires clinical, regulatory, and ethical review. Not for direct-to-consumer reporting without professional oversight.	
wg-1949	lifestyle_guidance	Substance Response (Sensitive)	Smoking x Bladder Cancer	Smoking x Bladder Cancer	Genetic variants that may influence substance response: Smoking x Bladder Cancer.	Association testing using genetic markers from the structured WeGene catalog related to Smoking x Bladder Cancer.	No clinical or diagnostic claims can be made. All rsIDs are externally unvalidated. This is a sensitive trait requiring clinical, regulatory, and ethical review before any reporting.	5	rs13181;rs2228001;rs1801270;rs2228000;rs2567206	CDKN1;CDKN1A;ERCC2;XPC	no	yes	structured_catalog_unvalidated	yes	no	yes	no	yes	high	C	no	Sensitive trait (disease risk, pharmacogenomics, carrier status, reproductive genetics, or substance response). Requires clinical/regulatory review.	clinical, requires professional review	Sensitive trait. Requires clinical, regulatory, and ethical review. Not for direct-to-consumer reporting without professional oversight.	
wg-1950	lifestyle_guidance	Substance Response (Sensitive)	Smoking x CHD	Smoking x CHD	Genetic variants that may influence substance response: Smoking x CHD.	Association testing using genetic markers from the structured WeGene catalog related to Smoking x CHD.	No clinical or diagnostic claims can be made. All rsIDs are externally unvalidated. This is a sensitive trait requiring clinical, regulatory, and ethical review before any reporting.	5	rs15012;rs1799983;rs36071027;rs7178051;rs1805081	ADIPO;NOS3;NPC1;PON1	no	yes	structured_catalog_unvalidated	yes	no	yes	no	yes	high	C	no	Sensitive trait (disease risk, pharmacogenomics, carrier status, reproductive genetics, or substance response). Requires clinical/regulatory review.	clinical, requires professional review	Sensitive trait. Requires clinical, regulatory, and ethical review. Not for direct-to-consumer reporting without professional oversight.	
wg-1937	lifestyle_guidance	Substance Response (Sensitive)	Smoking x Colorectal Cancer	Smoking x Colorectal Cancer	Genetic variants that may influence substance response: Smoking x Colorectal Cancer.	Association testing using genetic markers from the structured WeGene catalog related to Smoking x Colorectal Cancer.	No clinical or diagnostic claims can be made. All rsIDs are externally unvalidated. This is a sensitive trait requiring clinical, regulatory, and ethical review before any reporting.	5	rs18004;rs18007;rs1799931;rs6478972;rs1042028	ADH1B;ALDH2;APC;CYP1A1;CYP1B1;EPHX1;GSTP1;MLH1;MTHFR;NAT2	no	yes	structured_catalog_unvalidated	yes	no	yes	no	yes	high	C	no	Sensitive trait (disease risk, pharmacogenomics, carrier status, reproductive genetics, or substance response). Requires clinical/regulatory review.	clinical, requires professional review	Sensitive trait. Requires clinical, regulatory, and ethical review. Not for direct-to-consumer reporting without professional oversight.	
wg-1946	lifestyle_guidance	Substance Response (Sensitive)	Smoking x Esophagus Cancer	Smoking x Esophagus Cancer	Genetic variants that may influence substance response: Smoking x Esophagus Cancer.	Association testing using genetic markers from the structured WeGene catalog related to Smoking x Esophagus Cancer.	No clinical or diagnostic claims can be made. All rsIDs are externally unvalidated. This is a sensitive trait requiring clinical, regulatory, and ethical review before any reporting.	6	rs10517;rs12299;rs1138272;rs4646903;rs671;rs1042028	ADH1B;ADH1C;ALDH2;APC;APOE;CYP1A1;CYP1B1;EPHX1;EXO1;GSTP1;HMBS;MIF;MLH1;MTHFR;NAT2;PNPLA3;SERPINA1;TERT;WTAPP1	no	yes	structured_catalog_unvalidated	yes	no	yes	no	yes	high	C	no	Sensitive trait (disease risk, pharmacogenomics, carrier status, reproductive genetics, or substance response). Requires clinical/regulatory review.	clinical, requires professional review	Sensitive trait. Requires clinical, regulatory, and ethical review. Not for direct-to-consumer reporting without professional oversight.	
wg-1951	lifestyle_guidance	Substance Response (Sensitive)	Smoking x Hypertension	Smoking x Hypertension	Genetic variants that may influence substance response: Smoking x Hypertension.	Association testing using genetic markers from the structured WeGene catalog related to Smoking x Hypertension.	No clinical or diagnostic claims can be made. All rsIDs are externally unvalidated. This is a sensitive trait requiring clinical, regulatory, and ethical review before any reporting.	5	rs402007;rs1801133;rs1126742;rs6495308;rs9619311	ADA;ADAMTS1;ADH1B;ALDH2;APC;APOE;CHRNA;COMT;CYP4A1;CYP4A11;GNAS;IL1B;MMP9;MTHFR;MTRR;NLRP3;PER2;SELE;SYK	no	yes	structured_catalog_unvalidated	yes	no	yes	no	yes	high	C	no	Sensitive trait (disease risk, pharmacogenomics, carrier status, reproductive genetics, or substance response). Requires clinical/regulatory review.	clinical, requires professional review	Sensitive trait. Requires clinical, regulatory, and ethical review. Not for direct-to-consumer reporting without professional oversight.	
wg-1952	lifestyle_guidance	Substance Response (Sensitive)	Smoking x Lung Cancer	Smoking x Lung Cancer	Genetic variants that may influence substance response: Smoking x Lung Cancer.	Association testing using genetic markers from the structured WeGene catalog related to Smoking x Lung Cancer.	No clinical or diagnostic claims can be made. All rsIDs are externally unvalidated. This is a sensitive trait requiring clinical, regulatory, and ethical review before any reporting.	4	rs1052133;rs2606345;rs1801272;rs1042522	CYP1A1;CYP2A6;ERCC6;OGG1;TP53	no	yes	structured_catalog_unvalidated	yes	no	yes	no	yes	high	C	no	Sensitive trait (disease risk, pharmacogenomics, carrier status, reproductive genetics, or substance response). Requires clinical/regulatory review.	clinical, requires professional review	Sensitive trait. Requires clinical, regulatory, and ethical review. Not for direct-to-consumer reporting without professional oversight.	
wg-1948	lifestyle_guidance	Substance Response (Sensitive)	Smoking x Prostate Cancer	Smoking x Prostate Cancer	Genetic variants that may influence substance response: Smoking x Prostate Cancer.	Association testing using genetic markers from the structured WeGene catalog related to Smoking x Prostate Cancer.	No clinical or diagnostic claims can be made. All rsIDs are externally unvalidated. This is a sensitive trait requiring clinical, regulatory, and ethical review before any reporting.	5	rs10489;rs12560;rs1695;rs2234922;rs3813867	CACNA1C;CASC15;CAV3;CDKN2C;COL3A1;CYP1A1;DMD;EPHX1;ESR2;GJB2;GJB3;GSTP1;HCN4;INPP4A;KCNAB1;KCNH2;KCNJ2;KCNQ1;LOXHD;MYBPC;MYBPC3;MYL3;MYO15A;NPPA;OCA2;SCN5A;SDHB;SDHD;SLC26A4;SLC6A7;SMAD3;TGFB2;TGFBR1;TGFBR2;TLR2;TNNI3;VHL;WFS1	no	yes	structured_catalog_unvalidated	yes	no	yes	no	yes	high	C	no	Sensitive trait (disease risk, pharmacogenomics, carrier status, reproductive genetics, or substance response). Requires clinical/regulatory review.	clinical, requires professional review	Sensitive trait. Requires clinical, regulatory, and ethical review. Not for direct-to-consumer reporting without professional oversight.	
wg-1945	lifestyle_guidance	Substance Response (Sensitive)	Smoking x Stomach Cancer	Smoking x Stomach Cancer	Genetic variants that may influence substance response: Smoking x Stomach Cancer.	Association testing using genetic markers from the structured WeGene catalog related to Smoking x Stomach Cancer.	No clinical or diagnostic claims can be made. All rsIDs are externally unvalidated. This is a sensitive trait requiring clinical, regulatory, and ethical review before any reporting.	5	rs203192;rs1047840;rs179975;rs2736100;rs4646903	ADH1B;ADH1C;ALDH2;BAK1;CYP1A1;DMRT1;EPHX1;EXO1;GSTP1;KITLG;TERT;WTAPP1	no	yes	structured_catalog_unvalidated	yes	no	yes	no	yes	high	C	no	Sensitive trait (disease risk, pharmacogenomics, carrier status, reproductive genetics, or substance response). Requires clinical/regulatory review.	clinical, requires professional review	Sensitive trait. Requires clinical, regulatory, and ethical review. Not for direct-to-consumer reporting without professional oversight.	
wg-1714	psychological_traits	Traits & Personality	Agreeableness	Agreeableness	Genetic variants associated with Agreeableness.	Association testing using genetic markers from the structured WeGene catalog related to Agreeableness.	No clinical or diagnostic claims can be made. All rsIDs are externally unvalidated. Results are probabilistic and for informational/wellness purposes only.	3	rs32041;rs68327;rs2287826	IKBKAP	no	yes	structured_catalog_unvalidated	yes	no	yes	no	yes	moderate	A	yes	Non-sensitive trait with structured catalog rsIDs. MVP candidate pending external annotation.	consumer-friendly, non-clinical	Wellness/non-clinical trait report. Genetic markers are externally unvalidated. Results are probabilistic and for informational purposes only.	
wg-1708	psychological_traits	Traits & Personality	Anti-Aggression	Anti-Aggression	Genetic variants associated with Anti-Aggression.	Association testing using genetic markers from the structured WeGene catalog related to Anti-Aggression.	No clinical or diagnostic claims can be made. All rsIDs are externally unvalidated. Results are probabilistic and for informational/wellness purposes only.	4	rs53576;rs67706;rs11126630;rs1611115	CHRNA;CHRNA4;DBH;GATAD2B;MBD5;NTM;OR1S1;OXTR;RASSF1;RASSF10;TCF4	no	yes	structured_catalog_unvalidated	yes	no	yes	no	yes	moderate	A	yes	Non-sensitive trait with structured catalog rsIDs. MVP candidate pending external annotation.	consumer-friendly, non-clinical	Wellness/non-clinical trait report. Genetic markers are externally unvalidated. Results are probabilistic and for informational purposes only.	
wg-1563	psychological_traits	Traits & Personality	Anti-Anxiety Ability	Anti-Anxiety Ability	Genetic variants associated with Anti-Anxiety Ability.	Association testing using genetic markers from the structured WeGene catalog related to Anti-Anxiety Ability.	No clinical or diagnostic claims can be made. All rsIDs are externally unvalidated. Results are probabilistic and for informational/wellness purposes only.	5	rs62353;rs12637;rs46536;rs7973260;rs62100776	KSR2;MFHAS1;PINX1;THBS2	no	yes	structured_catalog_unvalidated	yes	no	yes	no	yes	moderate	A	yes	Non-sensitive trait with structured catalog rsIDs. MVP candidate pending external annotation.	consumer-friendly, non-clinical	Wellness/non-clinical trait report. Genetic markers are externally unvalidated. Results are probabilistic and for informational purposes only.	
wg-1715	psychological_traits	Traits & Personality	Anti-Loneliness	Anti-Loneliness	Genetic variants associated with Anti-Loneliness.	Association testing using genetic markers from the structured WeGene catalog related to Anti-Loneliness.	No clinical or diagnostic claims can be made. All rsIDs are externally unvalidated. Results are probabilistic and for informational/wellness purposes only.	5	rs10443;rs53576;rs11605;rs613872;rs2069117	CHRNA;CHRNA4;DBH;GATAD2B;MBD5;NTM;OR1S1;OXTR;RASSF1;RASSF10;TCF4	no	yes	structured_catalog_unvalidated	yes	no	yes	no	yes	moderate	A	yes	Non-sensitive trait with structured catalog rsIDs. MVP candidate pending external annotation.	consumer-friendly, non-clinical	Wellness/non-clinical trait report. Genetic markers are externally unvalidated. Results are probabilistic and for informational purposes only.	
wg-1716	psychological_traits	Traits & Personality	Anti-Social Anxiety Disorder Ability	Anti-Social Anxiety Disorder Ability	Genetic variants associated with Anti-Social Anxiety Disorder Ability.	Association testing using genetic markers from the structured WeGene catalog related to Anti-Social Anxiety Disorder Ability.	No clinical or diagnostic claims can be made. All rsIDs are externally unvalidated. Results are probabilistic and for informational/wellness purposes only.	4	rs10994;rs10144552;rs12579350;rs1799971	ANK3;ANO2;CNTNAP2;GTF2I;OPRM1	no	yes	structured_catalog_unvalidated	yes	no	yes	no	yes	moderate	A	yes	Non-sensitive trait with structured catalog rsIDs. MVP candidate pending external annotation.	consumer-friendly, non-clinical	Wellness/non-clinical trait report. Genetic markers are externally unvalidated. Results are probabilistic and for informational purposes only.	
wg-1721	psychological_traits	Traits & Personality	Conscientiousness	Conscientiousness	Genetic variants associated with Conscientiousness.	Association testing using genetic markers from the structured WeGene catalog related to Conscientiousness.	No clinical or diagnostic claims can be made. All rsIDs are externally unvalidated. Results are probabilistic and for informational/wellness purposes only.	2	rs13070781;rs2576037	KATNAL2	no	yes	structured_catalog_unvalidated	yes	no	yes	no	yes	moderate	A	yes	Non-sensitive trait with structured catalog rsIDs. MVP candidate pending external annotation.	consumer-friendly, non-clinical	Wellness/non-clinical trait report. Genetic markers are externally unvalidated. Results are probabilistic and for informational purposes only.	
wg-1562	psychological_traits	Traits & Personality	Delayed Gratification	Delayed Gratification	Genetic variants associated with Delayed Gratification.	Association testing using genetic markers from the structured WeGene catalog related to Delayed Gratification.	No clinical or diagnostic claims can be made. All rsIDs are externally unvalidated. Results are probabilistic and for informational/wellness purposes only.	4	rs37564;rs37736;rs4680;rs324420	COMT;DARS2;DRD3;FAAH;GPM6B;MAML3;MTHFR;RABGAP1;RAPGEF6;RERE;SLC6A3	no	yes	structured_catalog_unvalidated	yes	no	yes	no	yes	moderate	A	yes	Non-sensitive trait with structured catalog rsIDs. MVP candidate pending external annotation.	consumer-friendly, non-clinical	Wellness/non-clinical trait report. Genetic markers are externally unvalidated. Results are probabilistic and for informational purposes only.	
wg-1559	psychological_traits	Traits & Personality	Emotional Stability	Emotional Stability	Genetic variants associated with Emotional Stability.	Association testing using genetic markers from the structured WeGene catalog related to Emotional Stability.	No clinical or diagnostic claims can be made. All rsIDs are externally unvalidated. Results are probabilistic and for informational/wellness purposes only.	6	rs12421;rs66067;rs68820;rs2921036;rs10097870;rs2953805	CACNA1E;DOCK3;MFHAS1;MSRA;MYO1H	no	yes	structured_catalog_unvalidated	yes	no	yes	no	yes	moderate	A	yes	Non-sensitive trait with structured catalog rsIDs. MVP candidate pending external annotation.	consumer-friendly, non-clinical	Wellness/non-clinical trait report. Genetic markers are externally unvalidated. Results are probabilistic and for informational purposes only.	
wg-1560	psychological_traits	Traits & Personality	Empathy	Empathy	Genetic variants associated with Empathy.	Association testing using genetic markers from the structured WeGene catalog related to Empathy.	No clinical or diagnostic claims can be made. All rsIDs are externally unvalidated. Results are probabilistic and for informational/wellness purposes only.	4	rs53576;rs11410;rs76891664;rs11264567	CHRNA;CHRNA4;DBH;GATAD2B;MBD5;NTM;OR1S1;OXTR;RASSF1;RASSF10;TCF4	no	yes	structured_catalog_unvalidated	yes	no	yes	no	yes	moderate	A	yes	Non-sensitive trait with structured catalog rsIDs. MVP candidate pending external annotation.	consumer-friendly, non-clinical	Wellness/non-clinical trait report. Genetic markers are externally unvalidated. Results are probabilistic and for informational purposes only.	
wg-1723	psychological_traits	Traits & Personality	Episodic Memory Ability	Episodic Memory Ability	Genetic variants associated with Episodic Memory Ability.	Association testing using genetic markers from the structured WeGene catalog related to Episodic Memory Ability.	No clinical or diagnostic claims can be made. All rsIDs are externally unvalidated. Results are probabilistic and for informational/wellness purposes only.	2	rs17070145;rs7594645	APOC1;BAIAP2;BDNF;CLSTN2;FASTKD2;WWC1	no	yes	structured_catalog_unvalidated	yes	no	yes	no	yes	moderate	A	yes	Non-sensitive trait with structured catalog rsIDs. MVP candidate pending external annotation.	consumer-friendly, non-clinical	Wellness/non-clinical trait report. Genetic markers are externally unvalidated. Results are probabilistic and for informational purposes only.	
wg-1712	psychological_traits	Traits & Personality	Extraversion	Extraversion	Genetic variants associated with Extraversion.	Association testing using genetic markers from the structured WeGene catalog related to Extraversion.	No clinical or diagnostic claims can be made. All rsIDs are externally unvalidated. Results are probabilistic and for informational/wellness purposes only.	3	rs79220;rs17147371;rs11103814	CRTAC1;GRIA4	no	yes	structured_catalog_unvalidated	yes	no	yes	no	yes	moderate	A	yes	Non-sensitive trait with structured catalog rsIDs. MVP candidate pending external annotation.	consumer-friendly, non-clinical	Wellness/non-clinical trait report. Genetic markers are externally unvalidated. Results are probabilistic and for informational purposes only.	
wg-2303	genetic_tendency	Traits & Personality	Non-Cognitive Educational Attainment	Non-Cognitive Educational Attainment	Genetic variants associated with Non-Cognitive Educational Attainment.	Association testing using genetic markers from the structured WeGene catalog related to Non-Cognitive Educational Attainment.	No clinical or diagnostic claims can be made. All rsIDs are externally unvalidated. Results are probabilistic and for informational/wellness purposes only.	6	rs16164;rs13017;rs48862;rs7613360;rs7834364;rs4909561	DUSP13;HTT;NRXN1	no	yes	structured_catalog_unvalidated	yes	no	yes	no	yes	moderate	A	yes	Non-sensitive trait with structured catalog rsIDs. MVP candidate pending external annotation.	consumer-friendly, non-clinical	Wellness/non-clinical trait report. Genetic markers are externally unvalidated. Results are probabilistic and for informational purposes only.	
wg-1713	psychological_traits	Traits & Personality	Nonconformity	Nonconformity	Genetic variants associated with Nonconformity.	Association testing using genetic markers from the structured WeGene catalog related to Nonconformity.	No clinical or diagnostic claims can be made. All rsIDs are externally unvalidated. Results are probabilistic and for informational/wellness purposes only.	4	rs10062;rs13170;rs2619056;rs2056708	ARL10;CCDC1;CCDC146	no	yes	structured_catalog_unvalidated	yes	no	yes	no	yes	moderate	A	yes	Non-sensitive trait with structured catalog rsIDs. MVP candidate pending external annotation.	consumer-friendly, non-clinical	Wellness/non-clinical trait report. Genetic markers are externally unvalidated. Results are probabilistic and for informational purposes only.	
wg-1722	psychological_traits	Traits & Personality	Openness	Openness	Genetic variants associated with Openness.	Association testing using genetic markers from the structured WeGene catalog related to Openness.	No clinical or diagnostic claims can be made. All rsIDs are externally unvalidated. Results are probabilistic and for informational/wellness purposes only.	3	rs67703;rs10966;rs11685318		no	yes	structured_catalog_unvalidated	yes	no	yes	no	yes	moderate	A	yes	Non-sensitive trait with structured catalog rsIDs. MVP candidate pending external annotation.	consumer-friendly, non-clinical	Wellness/non-clinical trait report. Genetic markers are externally unvalidated. Results are probabilistic and for informational purposes only.	No genes associated.
wg-1718	psychological_traits	Traits & Personality	Positive Emotion	Positive Emotion	Genetic variants associated with Positive Emotion.	Association testing using genetic markers from the structured WeGene catalog related to Positive Emotion.	No clinical or diagnostic claims can be made. All rsIDs are externally unvalidated. Results are probabilistic and for informational/wellness purposes only.	1	rs322931		no	yes	structured_catalog_unvalidated	yes	no	yes	no	yes	moderate	A	yes	Non-sensitive trait with structured catalog rsIDs. MVP candidate pending external annotation.	consumer-friendly, non-clinical	Wellness/non-clinical trait report. Genetic markers are externally unvalidated. Results are probabilistic and for informational purposes only.	No genes associated.
wg-1561	psychological_traits	Traits & Personality	Resistance to Job Burnout	Resistance to Job Burnout	Genetic variants associated with Resistance to Job Burnout.	Association testing using genetic markers from the structured WeGene catalog related to Resistance to Job Burnout.	No clinical or diagnostic claims can be made. All rsIDs are externally unvalidated. Results are probabilistic and for informational/wellness purposes only.	3	rs6265;rs13219957;rs12506228	APOC1;BAIAP2;BDNF;CLSTN2;HTR2A;PRNP;SORL1;UST;WWC1	no	yes	structured_catalog_unvalidated	yes	no	yes	no	yes	moderate	A	yes	Non-sensitive trait with structured catalog rsIDs. MVP candidate pending external annotation.	consumer-friendly, non-clinical	Wellness/non-clinical trait report. Genetic markers are externally unvalidated. Results are probabilistic and for informational purposes only.	
wg-1709	psychological_traits	Traits & Personality	Social Communication Ability	Social Communication Ability	Genetic variants associated with Social Communication Ability.	Association testing using genetic markers from the structured WeGene catalog related to Social Communication Ability.	No clinical or diagnostic claims can be made. All rsIDs are externally unvalidated. Results are probabilistic and for informational/wellness purposes only.	5	rs23529;rs37611;rs44537;rs6295;rs9257616	HTR1A	no	yes	structured_catalog_unvalidated	yes	no	yes	no	yes	moderate	A	yes	Non-sensitive trait with structured catalog rsIDs. MVP candidate pending external annotation.	consumer-friendly, non-clinical	Wellness/non-clinical trait report. Genetic markers are externally unvalidated. Results are probabilistic and for informational purposes only.	
wg-1717	psychological_traits	Traits & Personality	Spatial Memory Ability	Spatial Memory Ability	Genetic variants associated with Spatial Memory Ability.	Association testing using genetic markers from the structured WeGene catalog related to Spatial Memory Ability.	No clinical or diagnostic claims can be made. All rsIDs are externally unvalidated. Results are probabilistic and for informational/wellness purposes only.	4	rs6265;rs494157;rs1799990;rs3824968	APOC1;BAIAP2;BDNF;CLSTN2;HTR2A;PRNP;SORL1;UST;WWC1	no	yes	structured_catalog_unvalidated	yes	no	yes	no	yes	moderate	A	yes	Non-sensitive trait with structured catalog rsIDs. MVP candidate pending external annotation.	consumer-friendly, non-clinical	Wellness/non-clinical trait report. Genetic markers are externally unvalidated. Results are probabilistic and for informational purposes only.	
wg-1719	psychological_traits	Traits & Personality	Stress Handling Ability	Stress Handling Ability	Genetic variants associated with Stress Handling Ability.	Association testing using genetic markers from the structured WeGene catalog related to Stress Handling Ability.	No clinical or diagnostic claims can be made. All rsIDs are externally unvalidated. Results are probabilistic and for informational/wellness purposes only.	5	rs3800373;rs1360780;rs1109089;rs1884641;rs2074997	BCR;CYB561A3;FKBP5;RHEB;SORCS3	no	yes	structured_catalog_unvalidated	yes	no	yes	no	yes	moderate	A	yes	Non-sensitive trait with structured catalog rsIDs. MVP candidate pending external annotation.	consumer-friendly, non-clinical	Wellness/non-clinical trait report. Genetic markers are externally unvalidated. Results are probabilistic and for informational purposes only.	
wg-1557	psychological_traits	Traits & Personality	Subjective Well-being	Subjective Well-being	Genetic variants associated with Subjective Well-being.	Association testing using genetic markers from the structured WeGene catalog related to Subjective Well-being.	No clinical or diagnostic claims can be made. All rsIDs are externally unvalidated. Results are probabilistic and for informational/wellness purposes only.	5	rs10795;rs68355;rs4680;rs324420;rs3756290	COMT;DARS2;DRD3;FAAH;GPM6B;MAML3;MTHFR;RABGAP1;RAPGEF6;RERE;SLC6A3	no	yes	structured_catalog_unvalidated	yes	no	yes	no	yes	moderate	A	yes	Non-sensitive trait with structured catalog rsIDs. MVP candidate pending external annotation.	consumer-friendly, non-clinical	Wellness/non-clinical trait report. Genetic markers are externally unvalidated. Results are probabilistic and for informational purposes only.	
wg-1724	psychological_traits	Traits & Personality	Verbal Memory Ability	Verbal Memory Ability	Genetic variants associated with Verbal Memory Ability.	Association testing using genetic markers from the structured WeGene catalog related to Verbal Memory Ability.	No clinical or diagnostic claims can be made. All rsIDs are externally unvalidated. Results are probabilistic and for informational/wellness purposes only.	5	rs44206;rs6265;rs64398;rs17070145;rs283815	APOC1;BAIAP2;BDNF;CLSTN2;FASTKD2;HTR2A;PRNP;SORL1;UST;WWC1	no	yes	structured_catalog_unvalidated	yes	no	yes	no	yes	moderate	A	yes	Non-sensitive trait with structured catalog rsIDs. MVP candidate pending external annotation.	consumer-friendly, non-clinical	Wellness/non-clinical trait report. Genetic markers are externally unvalidated. Results are probabilistic and for informational purposes only.	
wg-2281	genetic_tendency	Visible Traits	Curly Hair Tendency	Curly Hair Tendency	Genetic variants associated with physical traits: Curly Hair Tendency.	Association testing using genetic markers from the structured WeGene catalog related to Curly Hair Tendency.	No clinical or diagnostic claims can be made. All rsIDs are externally unvalidated. Results are probabilistic and for informational/wellness purposes only.	4	rs17646;rs3827760;rs74333950;rs506863	EDAR;FAM227A;ITGA8;MUC12;NFATC2;WNT10;WNT10A;ZFHX3	no	yes	structured_catalog_unvalidated	yes	no	yes	no	yes	moderate	A	yes	Non-sensitive trait with structured catalog rsIDs. MVP candidate pending external annotation.	consumer-friendly, non-clinical	Wellness/non-clinical trait report. Genetic markers are externally unvalidated. Results are probabilistic and for informational purposes only.	
wg-2284	genetic_tendency	Visible Traits	Dense Hair Tendency	Dense Hair Tendency	Genetic variants associated with physical traits: Dense Hair Tendency.	Association testing using genetic markers from the structured WeGene catalog related to Dense Hair Tendency.	No clinical or diagnostic claims can be made. All rsIDs are externally unvalidated. Results are probabilistic and for informational/wellness purposes only.	3	rs109083;rs3771033;rs11940736	NRP2;SPATA5	no	yes	structured_catalog_unvalidated	yes	no	yes	no	yes	moderate	A	yes	Non-sensitive trait with structured catalog rsIDs. MVP candidate pending external annotation.	consumer-friendly, non-clinical	Wellness/non-clinical trait report. Genetic markers are externally unvalidated. Results are probabilistic and for informational purposes only.	
wg-2282	genetic_tendency	Visible Traits	Double Eyelid Tendency	Double Eyelid Tendency	Genetic variants associated with physical traits: Double Eyelid Tendency.	Association testing using genetic markers from the structured WeGene catalog related to Double Eyelid Tendency.	No clinical or diagnostic claims can be made. All rsIDs are externally unvalidated. Results are probabilistic and for informational/wellness purposes only.	4	rs10749;rs7549180;rs6499632;rs79852633	KIF26B;RPGRIP1L	no	yes	structured_catalog_unvalidated	yes	no	yes	no	yes	moderate	A	yes	Non-sensitive trait with structured catalog rsIDs. MVP candidate pending external annotation.	consumer-friendly, non-clinical	Wellness/non-clinical trait report. Genetic markers are externally unvalidated. Results are probabilistic and for informational purposes only.	
wg-1955	lifestyle_guidance	Visible Traits	Physical Activity x CHD Moderate protective role	Physical Activity x CHD Moderate protective role	Genetic variants associated with physical traits: Physical Activity x CHD Moderate protective role.	Association testing using genetic markers from the structured WeGene catalog related to Physical Activity x CHD Moderate protective role.	No clinical or diagnostic claims can be made. All rsIDs are externally unvalidated. Results are probabilistic and for informational/wellness purposes only.	2	rs1042713;rs1800588	ADRB2;LIPC	no	yes	structured_catalog_unvalidated	yes	no	yes	no	yes	moderate	A	yes	Non-sensitive trait with structured catalog rsIDs. MVP candidate pending external annotation.	consumer-friendly, non-clinical	Wellness/non-clinical trait report. Genetic markers are externally unvalidated. Results are probabilistic and for informational purposes only.	
wg-1954	lifestyle_guidance	Visible Traits	Physical Activity x Hypertension Slightly strong protective role	Physical Activity x Hypertension Slightly strong protective role	Genetic variants associated with physical traits: Physical Activity x Hypertension Slightly strong protective role.	Association testing using genetic markers from the structured WeGene catalog related to Physical Activity x Hypertension Slightly strong protective role.	No clinical or diagnostic claims can be made. All rsIDs are externally unvalidated. Results are probabilistic and for informational/wellness purposes only.	2	rs198389;rs10177833	NPPB;SLC4A5	no	yes	structured_catalog_unvalidated	yes	no	yes	no	yes	moderate	A	yes	Non-sensitive trait with structured catalog rsIDs. MVP candidate pending external annotation.	consumer-friendly, non-clinical	Wellness/non-clinical trait report. Genetic markers are externally unvalidated. Results are probabilistic and for informational purposes only.	
wg-1953	lifestyle_guidance	Visible Traits	Physical Activity x T2D Slightly strong protective role	Physical Activity x T2D Slightly strong protective role	Genetic variants associated with physical traits: Physical Activity x T2D Slightly strong protective role.	Association testing using genetic markers from the structured WeGene catalog related to Physical Activity x T2D Slightly strong protective role.	No clinical or diagnostic claims can be made. All rsIDs are externally unvalidated. Results are probabilistic and for informational/wellness purposes only.	4	rs18012;rs5404;rs17036314;rs3758947	PPARG;SLC2A2	no	yes	structured_catalog_unvalidated	yes	no	yes	no	yes	moderate	A	yes	Non-sensitive trait with structured catalog rsIDs. MVP candidate pending external annotation.	consumer-friendly, non-clinical	Wellness/non-clinical trait report. Genetic markers are externally unvalidated. Results are probabilistic and for informational purposes only.	
wg-2290	genetic_tendency	Visible Traits	Thick Eyebrow Tendency	Thick Eyebrow Tendency	Genetic variants associated with physical traits: Thick Eyebrow Tendency.	Association testing using genetic markers from the structured WeGene catalog related to Thick Eyebrow Tendency.	No clinical or diagnostic claims can be made. All rsIDs are externally unvalidated. Results are probabilistic and for informational/wellness purposes only.	3	rs731823;rs57744491;rs10508556	SLC39A1;SLC39A12	no	yes	structured_catalog_unvalidated	yes	no	yes	no	yes	moderate	A	yes	Non-sensitive trait with structured catalog rsIDs. MVP candidate pending external annotation.	consumer-friendly, non-clinical	Wellness/non-clinical trait report. Genetic markers are externally unvalidated. Results are probabilistic and for informational purposes only.	
wg-1440	psychological_traits	Wellness & Fitness	Deep Sleep	Deep Sleep	Genetic variants that may influence wellness-related traits: Deep Sleep.	Association testing using genetic markers from the structured WeGene catalog related to Deep Sleep.	No clinical or diagnostic claims can be made. All rsIDs are externally unvalidated. Results are probabilistic and for informational/wellness purposes only.	1	rs73598374	ADA	no	yes	structured_catalog_unvalidated	yes	no	yes	no	yes	moderate	A	yes	Non-sensitive trait with structured catalog rsIDs. MVP candidate pending external annotation.	consumer-friendly, non-clinical	Wellness/non-clinical trait report. Genetic markers are externally unvalidated. Results are probabilistic and for informational purposes only.	
wg-1940	lifestyle_guidance	Wellness & Fitness	Drinking x Bladder Cancer	Drinking x Bladder Cancer	Genetic variants that may influence wellness-related traits: Drinking x Bladder Cancer.	Association testing using genetic markers from the structured WeGene catalog related to Drinking x Bladder Cancer.	No clinical or diagnostic claims can be made. All rsIDs are externally unvalidated. Results are probabilistic and for informational/wellness purposes only.	2	rs671;rs755622	ADH1B;ADH1C;ALDH2;APC;APOE;CYP1A1;EPHX1;GSTP1;HMBS;MIF;MTHFR;PNPLA3;SERPINA1	no	yes	structured_catalog_unvalidated	yes	no	yes	no	yes	moderate	A	yes	Non-sensitive trait with structured catalog rsIDs. MVP candidate pending external annotation.	consumer-friendly, non-clinical	Wellness/non-clinical trait report. Genetic markers are externally unvalidated. Results are probabilistic and for informational purposes only.	
wg-1942	lifestyle_guidance	Wellness & Fitness	Drinking x CHD	Drinking x CHD	Genetic variants that may influence wellness-related traits: Drinking x CHD.	Association testing using genetic markers from the structured WeGene catalog related to Drinking x CHD.	No clinical or diagnostic claims can be made. All rsIDs are externally unvalidated. Results are probabilistic and for informational/wellness purposes only.	3	rs36071027;rs854560;rs1800795	ADIPO;NOS3;NPC1;PON1	no	yes	structured_catalog_unvalidated	yes	no	yes	no	yes	moderate	A	yes	Non-sensitive trait with structured catalog rsIDs. MVP candidate pending external annotation.	consumer-friendly, non-clinical	Wellness/non-clinical trait report. Genetic markers are externally unvalidated. Results are probabilistic and for informational purposes only.	
wg-1941	lifestyle_guidance	Wellness & Fitness	Drinking x Colorectal Cancer	Drinking x Colorectal Cancer	Genetic variants that may influence wellness-related traits: Drinking x Colorectal Cancer.	Association testing using genetic markers from the structured WeGene catalog related to Drinking x Colorectal Cancer.	No clinical or diagnostic claims can be made. All rsIDs are externally unvalidated. Results are probabilistic and for informational/wellness purposes only.	5	rs12299;rs18007;rs671;rs1804197;rs1801133	ADA;ADAMTS1;ADH1B;ADH1C;ALDH2;APC;APOE;CHRNA;COMT;CYP1A1;CYP1B1;CYP4A1;CYP4A11;EPHX1;GNAS;GSTP1;HMBS;IL1B;MIF;MLH1;MMP9;MTHFR;MTRR;NAT2;NLRP3;PER2;PNPLA3;SELE;SERPINA1;SYK	no	yes	structured_catalog_unvalidated	yes	no	yes	no	yes	moderate	A	yes	Non-sensitive trait with structured catalog rsIDs. MVP candidate pending external annotation.	consumer-friendly, non-clinical	Wellness/non-clinical trait report. Genetic markers are externally unvalidated. Results are probabilistic and for informational purposes only.	
wg-1938	lifestyle_guidance	Wellness & Fitness	Drinking x Esophagus Cancer	Drinking x Esophagus Cancer	Genetic variants that may influence wellness-related traits: Drinking x Esophagus Cancer.	Association testing using genetic markers from the structured WeGene catalog related to Drinking x Esophagus Cancer.	No clinical or diagnostic claims can be made. All rsIDs are externally unvalidated. Results are probabilistic and for informational/wellness purposes only.	6	rs10420;rs10517;rs1229984;rs4646903;rs671;rs3805322	ADH1B;ADH1C;ALDH2;APC;APOE;CYP1A1;EPHX1;EXO1;GSTP1;HMBS;MIF;MIR1273;MIR1273H;MTHFR;PNPLA3;SERPINA1;SLC6A3;TAS2R38;TERT;WTAPP1	no	yes	structured_catalog_unvalidated	yes	no	yes	no	yes	moderate	A	yes	Non-sensitive trait with structured catalog rsIDs. MVP candidate pending external annotation.	consumer-friendly, non-clinical	Wellness/non-clinical trait report. Genetic markers are externally unvalidated. Results are probabilistic and for informational purposes only.	
wg-1943	lifestyle_guidance	Wellness & Fitness	Drinking x Hypertension	Drinking x Hypertension	Genetic variants that may influence wellness-related traits: Drinking x Hypertension.	Association testing using genetic markers from the structured WeGene catalog related to Drinking x Hypertension.	No clinical or diagnostic claims can be made. All rsIDs are externally unvalidated. Results are probabilistic and for informational/wellness purposes only.	6	rs10826;rs4551304;rs99280;rs9286060;rs2409784;rs1799998	BLK;CYP11B;CYP11B2;FTO;FTOAA;GATA4;PINX1	no	yes	structured_catalog_unvalidated	yes	no	yes	no	yes	moderate	A	yes	Non-sensitive trait with structured catalog rsIDs. MVP candidate pending external annotation.	consumer-friendly, non-clinical	Wellness/non-clinical trait report. Genetic markers are externally unvalidated. Results are probabilistic and for informational purposes only.	
wg-1944	lifestyle_guidance	Wellness & Fitness	Drinking x Lung Cancer	Drinking x Lung Cancer	Genetic variants that may influence wellness-related traits: Drinking x Lung Cancer.	Association testing using genetic markers from the structured WeGene catalog related to Drinking x Lung Cancer.	No clinical or diagnostic claims can be made. All rsIDs are externally unvalidated. Results are probabilistic and for informational/wellness purposes only.	3	rs1801133;rs4680;rs2031920	ADA;ADAMTS1;ADH1B;ALDH2;APC;APOE;CHRNA;COMT;CYP4A1;CYP4A11;DARS2;DRD3;FAAH;GNAS;GPM6B;IL1B;MAML3;MMP9;MTHFR;MTRR;NLRP3;PER2;RABGAP1;RAPGEF6;RERE;SELE;SLC6A3;SYK	no	yes	structured_catalog_unvalidated	yes	no	yes	no	yes	moderate	A	yes	Non-sensitive trait with structured catalog rsIDs. MVP candidate pending external annotation.	consumer-friendly, non-clinical	Wellness/non-clinical trait report. Genetic markers are externally unvalidated. Results are probabilistic and for informational purposes only.	
